sample_index,reference,real_eeg,shuffled_eeg,exact_match
0,"While it regards 1967 as the key turning point of the 20th century, and returns again and again to images of dissidents in the streets, it's alarmingly current.",The movie is a blast of energy and the visual style are put to perfect use in an artificial creation that never quite captures its original vision.,"The film is a thinly veiled look at the lives of ordinary people living in this idyllic, dreamlike life.",False
1,"Beautifully crafted, engaging filmmaking that should attract upscale audiences hungry for quality and a nostalgic, twisty yarn that will keep them guessing.","The movie is a great story, but it also has plenty of room for the audience to be entertained by its flawed characters.","The movie is a great story, but it also has plenty of room for the audience to be entertained by its flawed characters.",True
2,"Hodgkin and Huxley shared the prize that year with John Carew Eccles, who was cited for research on synapses.","He was a member of the Skull and Bones society, as well as a founder of the Rock and Roll Hall of Fame.","He married Coretta Scott on June 5, 1953.",False
3,"John Drew Barrymore, also known as John Barrymore, Jr., (June 4, 1929 - November 29, 2004) was an actor, one of The Barrymores, a family of actors that included his father, John Barrymore, and his father's siblings, his uncle Lionel and his aunt Ethel.","John Davison Rockefeller (January 30, 1876 - December 23, 1963) was an American capitalist most known for his role in the early petroleum industry.",A work of extraordinary intelligence and astonishingly unfunny.,False
4,"Edric Frederick Gifford, 3rd Baron Gifford, VC (5 July 1849 - 5 June 1911) was an English recipient of the Victoria Cross, the highest and most prestigious award for gallantry in the face of the enemy that can be awarded to British and Commonwealth forces.","He was awarded the 1921 Nobel Prize for Physics, along with his explanation of ""miracle year"" and ""for his services to astronomy in 1905"".","The movie is a great story, but it's also one that will leave you wondering if there are any movies in the entire duration of its runtime -- and whether or not they'll be able to tell.",False
5,"This picture is murder by numbers, and as easy to be bored by as your ABC's, despite a few whopping shootouts.","The film is a great example of how the power of money to buy and spend their time inane, emotionally malleable objects.",The film is a work of astonishing grace and eloquence.,False
6,He also starred in the mini series The Stand.,"He married Coretta Scott on June 12, 1953.","The movie is so bad that it almost ceases to be entertaining, and the audience will probably forget all about its original.",False
7,"A first-class, thoroughly involving B movie that effectively combines two surefire, beloved genres -- the prison flick and the fight film.","The movie is so bad that it almost ceases to be funny, and the audience has little patience for satire.","He was a member of the Skull and Bones society, as well as a founder of the Rock and Roll Hall of Fame.",False
8,"Like the best of Godard's movies... it is visually ravishing, penetrating, impenetrable.","It's not a particularly good film, but neither is it one that should be.","He was born in San Juan, Puerto Rico to a U.S. engineer and his wife Maria Elena Ferrer (1875-1948).",False
9,"Hutchinson emigrated from England to Massachusetts in 1634, in response to the preacher John Cotton's doing so.","He was born in San Juan, Puerto Rico to a U.S. engineer and his wife Maria Elena Ferrer (1875-1948).",He was a member of the left-wing Democratic Party and is currently aligned with the Federalists.,False
10,"Parker should be commended for taking a fresh approach to familiar material, but his determination to remain true to the original text leads him to adopt a somewhat mannered tone... that ultimately dulls the human tragedy at the story's core.","The movie is a great story, but it's also one that will leave you wondering if there are any movies in the entire duration of its runtime -- and whether or not they'll be able to tell.","It's a great American adventure, but it also has plenty of flaws.",False
11,President Clinton awarded him the Presidential Medal of Freedom in early 1997 for his service in the military and his political career.,He was awarded the Presidential Medal of Freedom in recognition of his services to humanitarian causes.,"It's not a particularly good film, but neither is it one that should be.",False
12,He began to learn mathematics around age twelve.,He graduated from Harvard in 1876.,"He married Coretta Scott on June 12, 1953.",False
13,"He was elected the Natrona County High School senior class president, represented the school at Boys State, and played halfback on the football team.",He graduated from Morehouse College with a Bachelor of Arts degree in Sociology in 1948.,"John Davison Rockefeller (January 30, 1876 - December 23, 1963) was an American capitalist most known for his role in the early petroleum industry.",False
14,"Some say this was because of a bargain he struck with Henry Clay, which put Clay into office as his Secretary of State once Adams won.","He was a member of the Skull and Bones society, as well as one of its earliest followers.","He was born in San Juan, Puerto Rico to a Cuban immigrant family.",False
15,... something appears to have been lost in the translation this time.,"It's a great American adventure, but it also has plenty of flaws.","He was a member of the Skull and Bones society, as well as one of its earliest followers.",False
16,"Beautifully crafted, engaging filmmaking that should attract upscale audiences hungry for quality and a nostalgic, twisty yarn that will keep them guessing.","The movie is a great example of how intolerance has the power to tear apart families, and it also offers some glimpses at our values.",The movie is so bad that it almost ceases to be entertaining.,False
17,"This picture is murder by numbers, and as easy to be bored by as your ABC's, despite a few whopping shootouts.",A work of extraordinary intelligence and astonishingly unfunny.,"John Fitzgerald Kennedy (May 23, 1787 - April 5, 1876) was an American politician most known for his role in the assassination of President John F. Kennedy and as Secretary to Defense under President James Monroe.",False
18,It's anchored by splendid performances from an honored screen veteran and a sparkling newcomer who instantly transform themselves into a believable mother/daughter pair.,"The movie is so bad that it almost ceases to be entertaining, and the audience will probably forget all about its original.",A work of extraordinary courage.,False
19,He was then hired by the legal department of CBS subsidiary Columbia Records.,"He was a member of the Skull and Bones society, as well as an occasional guest star on The Simpsons.","He was a member of the Skull and Bones society, as well as an occasional guest star on The Simpsons.",True
20,The quirky drama touches the heart and the funnybone thanks to the energetic and always surprising performance by Rachel Griffiths.,"The film is a thinly veiled look at the lives of ordinary people living in this idyllic, dreamlike life.",He was awarded the Presidential Medal of Freedom in recognition of his services to humanitarian causes.,False
21,"Arnold Alois Schwarzenegger (born July 30, 1947 in Thal, Styria, Austria) is an Austrian-American actor, Republican politician, and bodybuilder, currently serving as the 38th Governor of California.",He was a member of the left-wing Democratic Party and is currently aligned with the Federalists.,"The movie is a great example of how intolerance has the power to tear apart families, and it also offers some glimpses at our values.",False
22,"So young, so smart, such talent, such a wise ***.",The film is a work of astonishing grace and eloquence.,"He was born in San Juan, Puerto Rico to a former first lady and an American civil rights activist.",False
23,"John Drew Barrymore, also known as John Barrymore, Jr., (June 4, 1929 - November 29, 2004) was an actor, one of The Barrymores, a family of actors that included his father, John Barrymore, and his father's siblings, his uncle Lionel and his aunt Ethel.","John Fitzgerald Kennedy (May 23, 1787 - April 5, 1876) was an American politician most known for his role in the assassination of President John F. Kennedy and as Secretary to Defense under President James Monroe.",He graduated from Morehouse College with a Bachelor of Arts degree in Sociology in 1948.,False
24,He was then hired by the legal department of CBS subsidiary Columbia Records.,He was a member of the Labour Party from 1971 until 1972.,"The film is a great example of how the power of money to buy and spend their time inane, emotionally malleable objects.",False
25,"Bill ""Billy"" Boucher (b. November 10, 1899 in Ottawa, Ontario, Canada, died November 10, 1958) was a Canadian professional ice hockey rightwinger who played in the National Hockey League for the Montreal Canadiens, Boston Bruins and New York Americans.","He was born in San Juan, Puerto Rico to a former first lady and an American civil rights activist.","He was awarded the 1921 Nobel Prize for Physics, along with his explanation of ""miracle year"" and ""for his services to astronomy in 1905"".",False
26,Anemic chronicle of money grubbing New Yorkers and their serial loveless hook ups.,The movie is so bad that it almost ceases to be entertaining.,The movie is a blast of energy and the visual style are put to perfect use in an artificial creation that never quite captures its original vision.,False
27,"In between his sea voyages, Kerouac stayed in New York with friends from Fordham.","He was born in San Juan, Puerto Rico to a Cuban immigrant family.",He graduated from Harvard in 1876.,False
28,"``My god, I'm behaving like an idiot!''",A work of extraordinary courage.,He was a member of the Democratic Party and is currently aligned with the Federalists.,False
29,The film serves as a valuable time capsule to remind us of the devastating horror suffered by an entire people.,The movie is as romantic and affecting as the first film's dialogue.,He was a member of the Labour Party from 1971 until 1972.,False
30,"Frank Durward White (June 4, 1933 - May 21, 2003) was the Republican governor of the U.S. state of Arkansas from 1981 to 1983.",He was a member of the Democratic Party and is currently aligned with the Federalists.,The movie is as romantic and affecting as the first film's dialogue.,False
31,These events soon led to the American Civil War.,"He married Coretta Scott on June 5, 1953.","The movie is so bad that it almost ceases to be funny, and the audience has little patience for satire.",False
32,"A first-class, thoroughly involving B movie that effectively combines two surefire, beloved genres -- the prison flick and the fight film.","The movie is as if it were a preamble to the next day's events, only without much energy.","He graduated from high school in 1839 and enrolled at the University of Wisconsin-Madison, where he received a relatively progressive education.",False
33,"In 1983, Miguel was given a small part as a waiter in the movie The Man Who Wasn't There.","In 1894, he was elected to the United States House of Representatives as a Republican from Connecticut.","He was married to actress Lyman, and they had five children.",False
34,Bad and baffling from the get-go.,It's a great American adventure!,"The movie is as if it were a preamble to the next day's events, only without much energy.",False
35,"She later moved yet further from her Boston-based persecutors, to what is now The Bronx in northern New York City.","He was a member of the Skull and Bones society, as well as an American Nobel Laureate.","He was awarded the 1921 Nobel Prize for Physics by his explanation of ""miracle year"" and ""for his services to medical research"".",False
36,"He graduated from Princeton University in 1952, and attended Harvard University in 1954-55.",He graduated from high school in 1876 and enrolled at the University of Wisconsin-Madison.,"He was a member of the Skull and Bones society, as well as a founding member of Skull & Bones.",False
37,"On April 8, 1995 he married actress Patricia Arquette.","He was married to actress Lyman, and they had five children.","He was a member of the Skull and Bones society, as well as an occasional commentator on The Cincinnati Post.",False
38,Adams received one electoral vote in the presidential election of 1820.,He was a member of the United States Republican Party from 1876 until 1890.,He was a member of the United States Republican Party from 1876 until 1890.,True
39,This led to his being hired by Westinghouse company to service their steam engines.,"He was awarded the 1921 Nobel Prize in Chemistry for his explanation of ""miracle year"".","He was a member of the Skull and Bones society, as well as an American Nobel Laureate.",False
40,"He was elected the Natrona County High School senior class president, represented the school at Boys State, and played halfback on the football team.","He graduated from high school in 1953 and enrolled at the University of Wisconsin-Madison, where he received a relatively progressive education.",It's a great American adventure.,False
41,"Cheney grew up in Casper, Wyoming, and met his high-school sweetheart and future wife, Lynne Vincent, at age fourteen.","He was born in New York City to William and Mary Kennedy, the mother of U.S. Presidents George W. Bush and John Kerry.","He was born in Columbus, Ohio to a blacksmith and his wife Eleanor Roosevelt; he is the only son of an American lawyer who has been president of the United States from 1801 until 1901.",False
42,"A first-class, thoroughly involving B movie that effectively combines two surefire, beloved genres -- the prison flick and the fight film.","The movie is so bad that it almost ceases to be entertaining, and the audience will probably laugh at its antics.","The movie is a blast of colorful, beautifully realized artifice that permeates the otherwise immodestly imagined worlds.",False
43,"After this initial success, Ford left Edison Illuminating and, with other investors, formed the Detroit Automobile Company.","In 1894, he joined the United States Rubber Company (based in New York City) as manager of foreign division and moved to Greenwich, Connecticut.","In 1894, he was elected to the United States House of Representatives as a Republican from Connecticut.",False
44,He was the first American to win a Nobel Prize in any category.,He was awarded the Presidential Medal of Freedom in 1876.,He was a member of the United States Marine detachments (USAAF) and later commanded an Army Tenth Mountain Division during World War II.,False
45,"The family was Jewish (non-observant); Albert attended a Catholic elementary school and, at the insistence of his mother, was given violin lessons.","He graduated from high school in 1839 and enrolled at the University of Wisconsin-Madison, where he received a relatively progressive education.",A lame romantic comedy about a man who has nothing left to prove.,False
46,His work dealt largely with the poor urban black and mulatto communities of Bahia.,"He was a founding member of the Arbusto Energy company, and later served as managing general partner (1972-1973) until his death.","He graduated from high school in 1953 and enrolled at the University of Wisconsin-Madison, where he received a relatively progressive education.",False
47,"A lousy movie that's not merely unwatchable, but also unlistenable.",It's a work of astonishing grace and force.,It's a great American adventure!,False
48,"Some say this was because of a bargain he struck with Henry Clay, which put Clay into office as his Secretary of State once Adams won.",He was a member of the United States Marine detachments (USAAF) and later commanded an Army Tenth Mountain Division during World War II.,A work of astonishing grace and extraordinary intelligence.,False
49,He was first appointed to fill the Senate seat of Ernest Lundeen who had died in office.,"The film is a great American adventure, but it also has plenty of thrills.",He was awarded the Presidential Medal of Freedom in 1876.,False
50,"Albert Einstein (March 14, 1879 - April 18, 1955) was a German-born Jewish theoretical physicist of German, Swiss and American citizenship, who is widely regarded as the greatest scientist of the 20th century or even of all time, ranking alongside the luminaries Newton and Gauss.","He was born in Columbus, Ohio to a blacksmith and his wife Eleanor Roosevelt; he is the only son of an American lawyer who has been president of the United States from 1801 until 1901.","The movie is so bad that it almost ceases to be entertaining, and the audience will probably laugh at its antics.",False
51,"Hutchinson emigrated from England to Massachusetts in 1634, in response to the preacher John Cotton's doing so.","He was a member of the Skull and Bones society, as well as a founding member of Skull & Bones.",It's a work of astonishing grace and force.,False
52,"Despite his father's opposition to him having a foreign-born wife, Adams wed Louisa Johnson in 1797.","He was a member of the Skull and Bones society, having previously been head coach at Yale University.","The film is a great American adventure, but it also has plenty of thrills.",False
53,"Fans of the TV series will be disappointed, and everyone else will be slightly bored.","The movie is a blast of energy, and the visuals are grand.","He was a founding member of the Arithmometer Company, which publishes multiple intelligence methods.",False
54,He was the founder and first president of the Naval War College between 1884 and 1886.,"He was a founding member of the Arithmometer Company, which publishes multiple intelligence methods.","He was a member of the Underground Railroad, and in 1879 joined the American Expeditionary Forces (USAAF) as an observer during World War I.",False
55,"Bray is completely at sea; with nothing but a Savage Garden music video on his resume, he has no clue about making a movie.","A deeply personal and affecting film, it also has a compelling character that draws the viewer in to its subject matter.","The movie is a blast of energy, and the visuals are grand.",False
56,"Despite his father's opposition to him having a foreign-born wife, Adams wed Louisa Johnson in 1797.","He was a member of the Skull and Bones society, as well as an occasional commentator on The Cincinnati Post.","He was a member of the Skull and Bones society, having previously been head coach at Yale University.",False
57,... something appears to have been lost in the translation this time.,A lame romantic comedy about a man who has nothing left to prove.,"In 1876, he founded the Arista Records as a nonperformer with an ironman reputation.",False
58,"Dole has worked part-time for a Washington, DC, law firm, and engaged in a career of writing, consulting, public speaking, and television appearances.","He was a member of the Underground Railroad, and in 1879 joined the American Expeditionary Forces (USAAF) as an observer during World War I.","In 1894, he joined the United States Rubber Company (based in New York City) as manager of foreign division and moved to Greenwich, Connecticut.",False
59,The sort of movie that gives tastelessness a bad rap.,A work of astonishing grace and extraordinary intelligence.,He graduated from high school in 1876 and enrolled at the University of Wisconsin-Madison.,False
60,His gift of $5 million dollars helped found the Great Smoky Mountains National Park.,"In 1876, he founded the Arista Records as a nonperformer with an ironman reputation.","A deeply personal and affecting film, it also has a compelling character that draws the viewer in to its subject matter.",False
61,President Clinton awarded him the Presidential Medal of Freedom in early 1997 for his service in the military and his political career.,"He was awarded the 1921 Nobel Prize for Physics by his explanation of ""miracle year"" and ""for his services to medical research"".","He was born in New York City to William and Mary Kennedy, the mother of U.S. Presidents George W. Bush and John Kerry.",False
62,"Parker should be commended for taking a fresh approach to familiar material, but his determination to remain true to the original text leads him to adopt a somewhat mannered tone... that ultimately dulls the human tragedy at the story's core.",It's a great American adventure.,"He was a founding member of the Arbusto Energy company, and later served as managing general partner (1972-1973) until his death.",False
63,"Even as I valiantly struggled to remain interested, or at least conscious, I could feel my eyelids... getting... very... heavy...","The movie is a blast of colorful, beautifully realized artifice that permeates the otherwise immodestly imagined worlds.","He was awarded the 1921 Nobel Prize in Chemistry for his explanation of ""miracle year"".",False
64,"Dole has worked part-time for a Washington, DC, law firm, and engaged in a career of writing, consulting, public speaking, and television appearances.","In 1894, he joined the United States Rubber Company (based in New York City) as manager of foreign division and moved to Greenwich.","The movie is so bad that it almost ceases to be entertaining, and the audience will probably laugh at its antics.",False
65,... something appears to have been lost in the translation this time.,"It's a great film, but it is also one that should be avoided.",He won the Gold Medal of Royal Astronomical Society in 1876.,False
66,"Dole was twice decorated for heroic achievement, receiving two Purple Hearts for his injuries, and the Bronze Star Medal for his attempt to assist a downed radio man.","He was awarded the 1921 Nobel Prize for Physics by his explanation of ""miracle year"" and ""for his services to Theoretical Physics"".","It's a strange way to describe an American democracy, but it is also one of the most humane.",False
67,These events soon led to the American Civil War.,"He was married to actress Lyman, and they had five children.","The movie is a blast of colorful, beautifully realized artifice that permeates the otherwise unremarkable film.",False
68,"He graduated from Princeton University in 1952, and attended Harvard University in 1954-55.",He graduated from Morehouse College in 1876 and enrolled at the University of Wisconsin-Madison.,"He was a member of the Skull and Bones society, as well as the Skull & Bones Society.",False
69,The quirky drama touches the heart and the funnybone thanks to the energetic and always surprising performance by Rachel Griffiths.,"The movie is a blast of energy, and the visuals are breathtakingly beautiful.","He was born in St. Germain, France to a Conservative MP and his wife Elizabeth Doleman.",False
70,"Albert Einstein (March 14, 1879 - April 18, 1955) was a German-born Jewish theoretical physicist of German, Swiss and American citizenship, who is widely regarded as the greatest scientist of the 20th century or even of all time, ranking alongside the luminaries Newton and Gauss.","John Davison Rockefeller (July 30, 1887 - April 5, 1968) was an American capitalist most known for his role in the early petroleum industry and its descendants include Henry Ford Motor Company, as well as the family name.","John Winthrop (May 18, 1787 - April 4, 1676) was a British Conservative politician.",False
71,"In XXX, Diesel is that rare creature -- an action hero with table manners, and one who proves that elegance is more than tattoo deep.",The movie is so bad that it becomes a lame excuse for us to spend our time in the theater looking at other people's kids.,"He was born in Columbus, Ohio to a Jewish American civil rights activist and his wife Eleanor Roosevelt; he is the only son of U.S. Presidents to have been president at birth.",False
72,"What makes How I Killed My Father compelling, besides its terrific performances, is Fontaine's willingness to wander into the dark areas of parent-child relationships without flinching.","The movie is a blast of energy, and the performances are so well realized that it has become fodder for all kinds of new age video.","In the fall of 1894, he was elected to a U.S. House of Representatives representing Connecticut's 3rd Congressional district and is currently the only Democrat in that office.",False
73,"On April 8, 1995 he married actress Patricia Arquette.","He married Coretta Scott on June 3, 1953.","John Davison Rockefeller (January 30, 1876 - April 5, 1963), known as John F. Kennedy or JFK Jr., was the 45th President of United States from January 1, 1961 to December 3, 1970 and a U.S. Secretary of Defense",False
74,"Rosemary, Betty, and brother, Nick, as well as her nephew, George Clooney (Nick's son), all became entertainers.","John Winthrop (born April 23, 1953 in Columbus, Ohio) is an American film director and screenwriter.","He was born in San Juan, Puerto Rico.",False
75,"In XXX, Diesel is that rare creature -- an action hero with table manners, and one who proves that elegance is more than tattoo deep.","The movie is a blast of colorful, beautifully realized artifice that permeates the otherwise unremarkable film.","He was a member of the Skull and Bones society, having been educated at Yale University.",False
76,What a great shame that such a talented director as Chen Kaige has chosen to make his English-language debut with a film so poorly plotted and scripted.,"The movie is so bad that it almost ceases to be a worthwhile spectacle, and instead becomes something more important: A lesson in the power of film.",He graduated from Morehouse College in 1876 and enrolled at the University of Wisconsin-Madison.,False
77,He was then hired by the legal department of CBS subsidiary Columbia Records.,"He was born in St. Germain, France to a Conservative MP and his wife Elizabeth Doleman.","He was awarded the 1921 Nobel Prize for Physics by his explanation of ""miracle year"" and ""for his services to Theoretical Physics"".",False
78,"His father-in-law, George Herbert Walker, and Walker's partner, Averell Harriman, brought him on as an officer in their investment banking firm, W. A. Harriman and Company in 1926.","He was born in Columbus, Ohio to a Jewish American civil rights activist and his wife Eleanor Roosevelt; he is the only son of U.S. Presidents to have been president at birth.","He married Coretta Scott on June 3, 1953.",False
79,"Viewed as a comedy, a romance, a fairy tale, or a drama, there's nothing remotely triumphant about this motion picture.","It's a strange way to describe an American democracy, but it is also one of the most humane.","It's a great film, but it is also one that should be avoided.",False
80,The second coming of Harry Potter is a film far superior to its predecessor.,"The movie is so bad that it almost ceases to be entertaining, and the audience will probably laugh at its antics.","The movie is a blast of energy, and the performances are so well realized that it has become fodder for all kinds of new age video.",False
81,"Some say this was because of a bargain he struck with Henry Clay, which put Clay into office as his Secretary of State once Adams won.",He was a member of the Executive Committee at United Nations Commission on Human Rights and later served as president of that organization.,"The film is a marvel of the power and intelligence to bring together disparate disparate viewpoints, but it also has an atonal quality that draws on both human nature and neuroscience.",False
82,"What makes How I Killed My Father compelling, besides its terrific performances, is Fontaine's willingness to wander into the dark areas of parent-child relationships without flinching.",The movie is a blast of colorful pop music and the visual style are put to perfect use in an art form that has become so foreign that it becomes almost incomprehensible.,"In 1894, he joined the United States Rubber Company (based in New York City) as manager of foreign division and moved to Greenwich.",False
83,What a great shame that such a talented director as Chen Kaige has chosen to make his English-language debut with a film so poorly plotted and scripted.,"The film is a marvel of the power and intelligence to bring together disparate disparate viewpoints, but it also has an atonal quality that draws on both human nature and neuroscience.","He was born in San Juan, Puerto Rico to Luis Ferrer and his wife Maria Elena Ferrer (who were both of U.S. citizens at the time of their death) and had been living there since childhood.",False
84,"Bill ""Billy"" Boucher (b. November 10, 1899 in Ottawa, Ontario, Canada, died November 10, 1958) was a Canadian professional ice hockey rightwinger who played in the National Hockey League for the Montreal Canadiens, Boston Bruins and New York Americans.","John Davison Rockefeller (January 30, 1876 - April 5, 1963), known as John F. Kennedy or JFK Jr., was the 45th President of United States from January 1, 1961 to December 3, 1970 and a U.S. Secretary of Defense","John Davison Rockefeller (July 30, 1887 - April 5, 1968) was an American capitalist most known for his role in the early petroleum industry and its descendants include Henry Ford Motor Company, as well as the family name.",False
85,"Abram Joffe, a Soviet physicist who knew Einstein, in an obituary of Einstein, wrote, ""The author of [the papers of 1905] was ... a bureaucrat at the Patent Office in Bern, Einstein-Maria"" and this has recently been taken as evidence of a collaborative relationship.","He was born in San Juan, Puerto Rico to Luis Ferrer and his wife Maria Elena Ferrer (who were both of U.S. citizens at the time of their death) and had been living there since childhood.","The movie is a great American adventure, but it also has plenty of heartache.",False
86,"His employment by the General Electric company further enhanced his political image; he travelled widely as a GE spokesman, and was noted for his anti-Communist speeches.","He was a member of the Skull and Bones society, having been educated at Yale University.",A blandly unfunny and unentertaining comedy about a man who has nothing left to prove.,False
87,Distinctly sub-par... more likely to drown a viewer in boredom than to send any shivers down his spine.,"The movie is a great American adventure, but it also has plenty of heartache.",He was a member of the Executive Committee at United Nations Commission on Human Rights and later served as president of that organization.,False
88,"A loud, ugly, irritating movie without any of its satirical salvos hitting a discernible target.",A blandly unfunny and unentertaining comedy about a man who has nothing left to prove.,The movie is a blast of colorful pop music and the visual style are put to perfect use in an art form that has become so foreign that it becomes almost incomprehensible.,False
89,On 28 February 1934 he and Anthony Fokker each received an excessive half a million dollars for selling fifty military planes to the Soviet government.,"In the fall of 1894, he was elected to a U.S. House of Representatives representing Connecticut's 3rd Congressional district and is currently the only Democrat in that office.","In 1894, he joined the United States Rubber Company (based in New York City) as manager of foreign division and moved to Greenwich, Connecticut.",False
90,"After this initial success, Ford left Edison Illuminating and, with other investors, formed the Detroit Automobile Company.","In 1894, he joined the United States Rubber Company (based in New York City) as manager of foreign division and moved to Greenwich, Connecticut.","The movie is so bad that it almost ceases to be a worthwhile spectacle, and instead becomes something more important: A lesson in the power of film.",False
91,"In between his sea voyages, Kerouac stayed in New York with friends from Fordham.","He was born in San Juan, Puerto Rico.","John Winthrop (born April 23, 1953 in Columbus, Ohio) is an American film director and screenwriter.",False
92,Burroughs graduated from Harvard University in 1936.,He won the Gold Medal of Royal Astronomical Society in 1876.,"He was married to actress Lyman, and they had five children.",False
93,"In between his sea voyages, Kerouac stayed in New York with friends from Fordham.","John Winthrop (May 18, 1787 - April 4, 1676) was a British Conservative politician.","The film is a blandly unfunny and unentertaining affair, one that will only satisfy the most emotionally malleable of its subjects.",False
94,"She later moved yet further from her Boston-based persecutors, to what is now The Bronx in northern New York City.","He was a member of the Skull and Bones society, as well as the Skull & Bones Society.",The movie is so bad that it becomes a lame excuse for us to spend our time in the theater looking at other people's kids.,False
95,"Bray is completely at sea; with nothing but a Savage Garden music video on his resume, he has no clue about making a movie.","The film is a blandly unfunny and unentertaining affair, one that will only satisfy the most emotionally malleable of its subjects.","The movie is a blast of energy, and the visuals are breathtakingly beautiful.",False
96,"Dole was twice decorated for heroic achievement, receiving two Purple Hearts for his injuries, and the Bronze Star Medal for his attempt to assist a downed radio man.","In 1894, he was elected to the United States House of Representatives for a vacancy caused by the death of James Monroe.","He was awarded the 1921 Nobel Prize for Physics by his wife, Marie Louise Baels (who had been married to him since 1876), and in 1923 he received a Ph.D from Harvard University with an A.S., respectively as well as ""miracle",False
97,Exceptionally well acted by Diane Lane and Richard Gere.,"It's a great American adventure, but it also has plenty of flaws.","He married Coretta Scott on June 5, 1953.",False
98,"A lousy movie that's not merely unwatchable, but also unlistenable.","It's a great American adventure, but it also has plenty of flaws.",He was a fan of the animated television series The Simpsons and its sequels.,False
99,"On April 8, 1995 he married actress Patricia Arquette.","He married Coretta Scott on June 5, 1953.","The movie is a blast of energy and the characters are transported into an emotionally unavailable, hyperrealistic experience.",False
100,"Hodgkin and Huxley shared the prize that year with John Carew Eccles, who was cited for research on synapses.","He was born in San Juan, Puerto Rico to a U.S. engineer and his wife Maria Elena Ferrer (daughter of President George W. Bush).","He was born in New York City to William Cecil, Jr., a U.S. ambassador to France and his wife Eleanor Roosevelt; their son George H. W. Bush (daughter of President James Monroe), and grandson of Charles E.W. Bush, were",False
101,"Edric Frederick Gifford, 3rd Baron Gifford, VC (5 July 1849 - 5 June 1911) was an English recipient of the Victoria Cross, the highest and most prestigious award for gallantry in the face of the enemy that can be awarded to British and Commonwealth forces.","He was awarded the 1921 Nobel Prize for Physics by his fellow-elect Robert A. Lovett, along with a Ph.D from Harvard University in 1922.",The movie is a work of astonishing grace and eloquence.,False
102,"In between his sea voyages, Kerouac stayed in New York with friends from Fordham.","He was born in St Germain, France to a small town councilman and his wife were both of French descent.","In 1894, he was elected to the United States House of Representatives for a vacancy caused by the death of James Monroe.",False
103,"He was elected the Natrona County High School senior class president, represented the school at Boys State, and played halfback on the football team.","He was a member of the Skull and Bones society, but left active duty in 1848 to become president of that organization.","He married Coretta Scott on June 5, 1953.",False
104,"Parker should be commended for taking a fresh approach to familiar material, but his determination to remain true to the original text leads him to adopt a somewhat mannered tone... that ultimately dulls the human tragedy at the story's core.","The movie is a rambling and incoherent affair, but it's one of those rare gems that keeps you from getting too carried away in the moment -- only without realizing it.",He was educated at Marlborough College and received a Bachelor of Arts degree in Sociology.,False
105,These events soon led to the American Civil War.,"He married Coretta Scott on June 5, 1953.",He graduated from high school in 1953 and enrolled at the University of Wisconsin-Madison.,False
106,"Albert Einstein (March 14, 1879 - April 18, 1955) was a German-born Jewish theoretical physicist of German, Swiss and American citizenship, who is widely regarded as the greatest scientist of the 20th century or even of all time, ranking alongside the luminaries Newton and Gauss.","In 1879, he was honored by the U.S. Presidents as a signer of their dream republic and for his role in founding Afro-Cuban civil rights movement.","He was born in San Juan, Puerto Rico to a U.S. engineer and his wife Maria Cantina (1848-1953).",False
107,"Hodgkin and Huxley shared the prize that year with John Carew Eccles, who was cited for research on synapses.",He was a fan of the animated television series The Simpsons and its sequels.,"He was born in San Juan, Puerto Rico to a U.S. engineer and his wife Maria Elena Ferrer (daughter of President George W. Bush).",False
108,"A lousy movie that's not merely unwatchable, but also unlistenable.","It's a great American adventure, but it is also one that will only satisfy the most hardcore of viewers.",He was a member of the left-wing Democratic Party and is currently aligned with the Federalists.,False
109,He was one of the founder members of the Lunar Society.,He was educated at Marlborough College and received a Bachelor of Arts degree in Sociology.,"He married Coretta Scott on June 12, 1953.",False
110,... something appears to have been lost in the translation this time.,It's a good sign that the American Dream is alive and well.,"In 1879, he was honored by the U.S. Presidents as a signer of their dream republic and for his role in founding Afro-Cuban civil rights movement.",False
111,"Cheney grew up in Casper, Wyoming, and met his high-school sweetheart and future wife, Lynne Vincent, at age fourteen.","He was born in San Juan, Puerto Rico to a U.S. engineer and his wife Maria Cantina (1848-1953).","It's a great American adventure, but it also has plenty of flaws.",False
112,Anemic chronicle of money grubbing New Yorkers and their serial loveless hook ups.,"It's a great American adventure, but it is also one that will leave you scratching your head.","It's a great American adventure, but it also has plenty of flaws.",False
113,... something appears to have been lost in the translation this time.,The movie is a work of astonishing grace and eloquence.,"The movie is a rambling and incoherent affair, but it's one of those rare gems that keeps you from getting too carried away in the moment -- only without realizing it.",False
114,Burroughs graduated from Harvard University in 1936.,He graduated from high school in 1953 and enrolled at the University of Wisconsin-Madison.,"He was a member of the Skull and Bones society, but left in 1879 to become an apprentice machinist with the American Chemical Company.",False
115,She was the fifth of nine children.,He graduated from Morehouse College with a Bachelor of Arts degree in economics.,"He was a member of the Skull and Bones society, but left active duty in 1848 to become president of that organization.",False
116,In 1902 Geiger began to study physics and mathematics in Erlangen and later attained a doctorate in 1906.,He graduated from Morehouse College in 1876 and enrolled at the University of Wisconsin-Madison.,"The movie is a blast of colorful, beautifully realized artifice that permeates the film.",False
117,"Albert Einstein (March 14, 1879 - April 18, 1955) was a German-born Jewish theoretical physicist of German, Swiss and American citizenship, who is widely regarded as the greatest scientist of the 20th century or even of all time, ranking alongside the luminaries Newton and Gauss.","He was awarded the 1921 Nobel Prize for Physics by his wife, Marie Louise Baels (who had been married to him since 1876), and in 1923 he received a Ph.D from Harvard University with an A.S., respectively as well as ""miracle","He attended the University of Wisconsin-Madison and received a scholarship to Harvard Law School, where he was educated until his death.",False
118,These events soon led to the American Civil War.,"He married Coretta Scott on June 12, 1953.","He was awarded the 1921 Nobel Prize for Physics, along with his explanation of ""miracle year"" and ""for his services to medical research"".",False
119,"Dole has worked part-time for a Washington, DC, law firm, and engaged in a career of writing, consulting, public speaking, and television appearances.","He was a member of the Skull and Bones society, but left in 1879 to become an apprentice machinist with the American Chemical Company.",He graduated from Morehouse College with a Bachelor of Arts degree in economics.,False
120,"A loud, ugly, irritating movie without any of its satirical salvos hitting a discernible target.","The movie is a blast of colorful, beautifully realized artifice that permeates the film.","It's a great American adventure, but it is also one that will leave you scratching your head.",False
121,The film serves as a valuable time capsule to remind us of the devastating horror suffered by an entire people.,"The movie is a blast of energy and the characters are transported into an emotionally unavailable, hyperrealistic experience.",He graduated from Morehouse College in 1876 and enrolled at the University of Wisconsin-Madison.,False
122,"Dole was twice decorated for heroic achievement, receiving two Purple Hearts for his injuries, and the Bronze Star Medal for his attempt to assist a downed radio man.","He was awarded the 1921 Nobel Prize for Physics, along with his explanation of ""miracle year"" and ""for his services to medical research"".","The movie is a blandly unfunny and unimpressive affair, but it's also one of the best films in recent years.",False
123,"Marvin graduated from Woodberry Forest School in 1975, and spent most summers and holidays at the sprawling family estate, the Bush Compound.","He attended the University of Wisconsin-Madison and received a scholarship to Harvard Law School, where he was educated until his death.","He was a member of the Skull and Bones society, as well as an honorary fellow at Yale University.",False
124,"Bray is completely at sea; with nothing but a Savage Garden music video on his resume, he has no clue about making a movie.","The movie is a blandly unfunny and unimpressive affair, but it's also one of the best films in recent years.",It's a good sign that the American Dream is alive and well.,False
125,"Some say this was because of a bargain he struck with Henry Clay, which put Clay into office as his Secretary of State once Adams won.","He was a member of the Skull and Bones society, as well as an honorary fellow at Yale University.","He was awarded the 1921 Nobel Prize for Physics by his fellow-elect Robert A. Lovett, along with a Ph.D from Harvard University in 1922.",False
126,"Abram Joffe, a Soviet physicist who knew Einstein, in an obituary of Einstein, wrote, ""The author of [the papers of 1905] was ... a bureaucrat at the Patent Office in Bern, Einstein-Maria"" and this has recently been taken as evidence of a collaborative relationship.","He was born in New York City to William Cecil, Jr., a U.S. ambassador to France and his wife Eleanor Roosevelt; their son George H. W. Bush (daughter of President James Monroe), and grandson of Charles E.W. Bush, were","He was born in St Germain, France to a small town councilman and his wife were both of French descent.",False
127,"Rather than retire, Adams would go on to win election as a Democratic-Republican to the House of Representatives beginning with the 22nd Congress, serving from March 4, 1831, until his death.",He was a member of the left-wing Democratic Party and is currently aligned with the Federalists.,"It's a great American adventure, but it is also one that will only satisfy the most hardcore of viewers.",False
128,Adams received one electoral vote in the presidential election of 1820.,"He was born in San Juan, Puerto Rico.","In so doing, he was awarded the Presidential Medal of Freedom.",False
129,"His father-in-law, George Herbert Walker, and Walker's partner, Averell Harriman, brought him on as an officer in their investment banking firm, W. A. Harriman and Company in 1926.","In 1968, he joined the United States Rubber Company (based in New York City) as manager of foreign division and moved to Greenwich.","He was a member of the Executive Committee at United Nations Commission on Human Rights, and served as deputy director (1970-72) from 1972 until 1977.",False
130,"Eventually, the band settled on Chad Channing, with whom the band recorded the album Bleach, released on Sub Pop Records in 1989.","He was a member of the Skull and Bones society, as well as an occasional guest star on The Simpsons.","He was born in San Juan, Puerto Rico.",False
131,"``My god, I'm behaving like an idiot!''","The film is a thinly veiled look at the life of President George W. Bush and his wife, Barbara Walters.",He was a member of the Labour Party and served as chairman of Parliament from 1879 until 1890.,False
132,"What makes How I Killed My Father compelling, besides its terrific performances, is Fontaine's willingness to wander into the dark areas of parent-child relationships without flinching.","The movie is a great example of the power of film to bring us into the life of our idols, who are all too busy worshipping one another.",The movie is a great example of how the power of film to move us beyond our comfort zones.,False
133,"Edric Frederick Gifford, 3rd Baron Gifford, VC (5 July 1849 - 5 June 1911) was an English recipient of the Victoria Cross, the highest and most prestigious award for gallantry in the face of the enemy that can be awarded to British and Commonwealth forces.",He won the Gold Medal of Royal Astronomical Society in 1876 and was awarded its inaugural Prize.,"He was a member of the Union forces and served as general-in-chief (1939 to 1848) during World War I, but resigned in 1753.",False
134,"Robert Henry Dee (born May 18, 1933 in Quincy, Massachusetts) is a former three-sport letterman at Holy Cross College who was one of the first players signed by the Boston Patriots in 1960.","He was a member of the Union forces and served as general-in-chief (1939 to 1848) during World War I, but resigned in 1753.","In 1968, he joined the United States Rubber Company (based in New York City) as manager of foreign division and moved to Greenwich.",False
135,"He remained in Hollywood for the duration of the war, attaining the rank of captain.","John Winthrop (born April 5, 1934 in New York City) is an American capitalist most known for his role as the founder of Standard Oil.",He won the Gold Medal of Royal Astronomical Society in 1876 and was awarded its inaugural Prize.,False
136,"The movie's plot is almost entirely witless and inane, carrying every gag two or three times beyond its limit to sustain a laugh.","The only entertainment you'll get from watching this movie is the one with the most emotional resonance, but it's also a good sign that there are some serious soul searching to be done.","He was born in St. Germain, France to a French and Irish descent.",False
137,This led to his being hired by Westinghouse company to service their steam engines.,"In so doing, he was awarded the Presidential Medal of Freedom.","He was a member of the Skull and Bones society, as well as an occasional columnist for The Cincinnati Post.",False
138,"The family was Jewish (non-observant); Albert attended a Catholic elementary school and, at the insistence of his mother, was given violin lessons.","In the words of one of his most important critics, he wrote a column for The Cincinnati Post that criticized capitalism and its benefits to women.",He was a member of the United States Republican Party and is currently the only Democrat elected to that office.,False
139,In comparison to his earlier films it seems a disappointingly thin slice of lower-class London life; despite the title... amounts to surprisingly little.,"The movie is a blandly unfunny and unentertaining affair, one that will only satisfy the most emotionally malleable of filmgoers.","He was a member of the Executive Committee (FC) from 1975 until 1977, and served as president of that organization between 1978 to 1980.",False
140,"The Emperor's Club is one of those films that possesses all the good intentions in the world, but...","The movie is so bad that it almost ceases to be a comedy, and instead becomes an extended family drama.","John Winthrop (born April 5, 1934 in New York City) is an American capitalist most known for his role as the founder of Standard Oil.",False
141,"This picture is murder by numbers, and as easy to be bored by as your ABC's, despite a few whopping shootouts.",The movie is a great example of how the power of film to move us beyond our comfort zones.,He was a member of the Skull and Bones society.,False
142,"Lift, the mother of Danny DeVito's character in her Academy Award nominated performance in Throw Momma from the Train.","In 1950, he was elected to the United States House of Representatives for a second term in 1952.","He was a member of the United States Rubber Company (based in New York City) and later with Brown Brothers Harriman, where he worked for the rest of his life.",False
143,He was the founder and first president of the Naval War College between 1884 and 1886.,He was a founding member of the Arithmometer Company.,"He was a member of the Skull and Bones society, as well as an occasional columnist for The Cincinnati Post.",False
144,"Robert Henry Dee (born May 18, 1933 in Quincy, Massachusetts) is a former three-sport letterman at Holy Cross College who was one of the first players signed by the Boston Patriots in 1960.","He was a member of the Executive Committee at United Nations Commission on Human Rights, and served as deputy director (1970-72) from 1972 until 1977.","The only entertainment you'll get from watching the two-day old movie is the one with the most emotional resonance, but it's also a good sign that there are some serious soul searching to be done.",False
145,His work dealt largely with the poor urban black and mulatto communities of Bahia.,"He was born in St. Germain, France to a French and Irish descent.","The movie is a great example of the power of film to bring us into the life of our idols, who are all too busy worshipping one another.",False
146,"John William Coltrane (September 23, 1926 - July 17, 1967) was an American jazz saxophonist and composer.",He was a member of the United States Republican Party and is currently the only Democrat elected to that office.,He is a member of the Democratic Party and has some distant German ancestry.,False
147,"His father-in-law, George Herbert Walker, and Walker's partner, Averell Harriman, brought him on as an officer in their investment banking firm, W. A. Harriman and Company in 1926.","He was a member of the Skull and Bones society, as well as an occasional columnist for The Cincinnati Post.","The only entertainment you'll get from watching the two-day old movie is the one with its adorable little monsters in it, and then some.",False
148,"... creates a visceral sense of its characters' lives and conflicted emotions that carries it far above... what could have been a melodramatic, Lifetime Channel-style anthology.","The only entertainment you'll get from watching the two-day old movie is the one with the most emotional resonance, but it's also a good sign that there are some serious soul searching to be done.","The film is a blandly unfunny and unentertaining affair, one that will only satisfy the most emotionally malleable of viewers.",False
149,"If you already like this sort of thing, this is that sort of thing all over again.","The film is a blandly unfunny and unentertaining affair, one that will only satisfy the most emotionally malleable of viewers.","In 1950, he was elected to the United States House of Representatives for a second term in 1952.",False
150,"Eventually, the band settled on Chad Channing, with whom the band recorded the album Bleach, released on Sub Pop Records in 1989.","He was a member of the United States Rubber Company (based in New York City) and later with Brown Brothers Harriman, where he worked for the rest of his life.","He was a member of the United States Republican Party and served as chairman of the U.S. Senate from January until December 3, 2003.",False
151,"In XXX, Diesel is that rare creature -- an action hero with table manners, and one who proves that elegance is more than tattoo deep.","The only entertainment you'll get from watching the two-day old movie is the one with its adorable little monsters in it, and then some.",The movie is as if it were a preamble to the next day's lesson in video games.,False
152,"Rather than retire, Adams would go on to win election as a Democratic-Republican to the House of Representatives beginning with the 22nd Congress, serving from March 4, 1831, until his death.",He is a member of the Democratic Party and has some distant German ancestry.,"The only entertainment you'll get from watching this movie is the one with the most emotional resonance, but it's also a good sign that there are some serious soul searching to be done.",False
153,"His employment by the General Electric company further enhanced his political image; he travelled widely as a GE spokesman, and was noted for his anti-Communist speeches.",He was a member of the Labour Party and served as chairman of Parliament from 1879 until 1890.,"The film is a thinly veiled look at the life of President George W. Bush and his wife, Barbara Walters.",False
154,He was then hired by the legal department of CBS subsidiary Columbia Records.,He was a member of the Skull and Bones society.,"The movie is as if it were a preamble to the next level, but instead of being funny and poignant, it's more like an extended play.",False
155,It's anchored by splendid performances from an honored screen veteran and a sparkling newcomer who instantly transform themselves into a believable mother/daughter pair.,"The movie is as if it were a preamble to the next level, but instead of being funny and poignant, it's more like an extended play.","In the words of one of his most important critics, he wrote a column for The Cincinnati Post that criticized capitalism and its benefits to women.",False
156,"While serving abroad, he met Louisa Catherine Johnson, the daughter of an American merchant living abroad.","He was a member of the United States Republican Party and served as chairman of the U.S. Senate from January until December 3, 2003.",He was a founding member of the Arithmometer Company.,False
157,"Albert Einstein (March 14, 1879 - April 18, 1955) was a German-born Jewish theoretical physicist of German, Swiss and American citizenship, who is widely regarded as the greatest scientist of the 20th century or even of all time, ranking alongside the luminaries Newton and Gauss.","He was a member of the Executive Committee (FC) from 1975 until 1977, and served as president of that organization between 1978 to 1980.","The movie is a blandly unfunny and unentertaining affair, one that will only satisfy the most emotionally malleable of filmgoers.",False
158,The quirky drama touches the heart and the funnybone thanks to the energetic and always surprising performance by Rachel Griffiths.,The movie is as if it were a preamble to the next day's lesson in video games.,"He was a member of the Skull and Bones society, as well as an occasional guest star on The Simpsons.",False
159,"His employment by the General Electric company further enhanced his political image; he travelled widely as a GE spokesman, and was noted for his anti-Communist speeches.","He was a member of the Skull and Bones society, as well as an occasional columnist for The Cincinnati Post.","The movie is so bad that it almost ceases to be a comedy, and instead becomes an extended family drama.",False
160,These events soon led to the American Civil War.,"He married his second wife, actress Marie Curie.","John Fitzgerald Kennedy (May 23, 1776 - May 5, 1848) was a U.S. politician who served as the 35th Governor of Florida from 1897 to 1898.",False
161,"Bill ""Billy"" Boucher (b. November 10, 1899 in Ottawa, Ontario, Canada, died November 10, 1958) was a Canadian professional ice hockey rightwinger who played in the National Hockey League for the Montreal Canadiens, Boston Bruins and New York Americans.","He was a founding member of the Arbusto Energy company, and later served as managing general partner (1972-1973) in the ExxonMobil Corporation.",He was a member of the United States Republican Party and served as chairman of the Democratic Campaign Committee from 1972 until 1976.,False
162,What a great shame that such a talented director as Chen Kaige has chosen to make his English-language debut with a film so poorly plotted and scripted.,"The movie is a great American adventure, but it also has plenty of fun for all ages.","He was awarded the 1921 Nobel Prize for Physics by his wife, Marie Louise.",False
163,"Alain Choquart's camera barely stops moving, portraying both the turmoil of the time and giving Conduct a perpetual sense of urgency, which, for a film that takes nearly three hours to unspool, is both funny and irritating.","The movie is a great story, but it also has plenty of room for the audience to take their hopes and dreams away.","He was awarded the 1921 Nobel Prize for Physics by his explanation of ""miracle year"" and ""for his services to Theoretical Physics"".",False
164,"His father-in-law, George Herbert Walker, and Walker's partner, Averell Harriman, brought him on as an officer in their investment banking firm, W. A. Harriman and Company in 1926.",He graduated from the University of Wisconsin-Madison in 1876 and was president of the American Enterprise Institute (OUP) from 1896 to 1901.,"He was a member of the Executive Committee at United Nations Commission on Human Rights, and served as deputy director (1970-72) from 1972 until 1977.",False
165,"Edric Frederick Gifford, 3rd Baron Gifford, VC (5 July 1849 - 5 June 1911) was an English recipient of the Victoria Cross, the highest and most prestigious award for gallantry in the face of the enemy that can be awarded to British and Commonwealth forces.","He was awarded the 1921 Nobel Prize for Physics by his explanation of ""miracle year"" and ""for his services to Theoretical Physics"".","He was a founding member of the Arista Records, and is currently president of that organization.",False
166,"He graduated from Princeton University in 1952, and attended Harvard University in 1954-55.","He was awarded the 1921 Nobel Prize for Physics by his wife, Marie Louise.","He was born in San Juan, Puerto Rico to a Cuban immigrant and his wife were both of Portuguese descent.",False
167,"Hutchinson emigrated from England to Massachusetts in 1634, in response to the preacher John Cotton's doing so.","He was born in San Juan, Puerto Rico to a Cuban immigrant and his wife were both of Portuguese descent.","In 1876, he founded the Standard Oil Company with his son James Stillman and in 1890 became its largest of its descendants.",False
168,She was the fifth of nine children.,He was awarded the Presidential Medal of Freedom.,He graduated from the University of Wisconsin-Madison in 1876 and was president of the American Enterprise Institute (OUP) from 1896 to 1901.,False
169,"... creates a visceral sense of its characters' lives and conflicted emotions that carries it far above... what could have been a melodramatic, Lifetime Channel-style anthology.","The movie is a great film, but it also has plenty of fun for all ages -- the cinematography and sets are grandly lavish.","He married Coretta Scott on June 3, 1953.",False
170,He was one of the founder members of the Lunar Society.,"In 1876, he founded the Standard Oil Company with his son James Stillman and in 1890 became its largest of its descendants.","It's a work of extraordinary intelligence and deft, affecting humor.",False
171,"Marvin graduated from Woodberry Forest School in 1975, and spent most summers and holidays at the sprawling family estate, the Bush Compound.","He was a member of the Skull and Bones society, having been born in New York City to Irish American parents.","In 1879, he founded the Henry Ford Company which later became Standard Oil (ExxonMobil).",False
172,President Clinton awarded him the Presidential Medal of Freedom in early 1997 for his service in the military and his political career.,He was also a founding member of the United Nations Commission on Human Rights and for his work in this organization.,"The movie is a great American adventure, but it also has plenty of fun for all ages.",False
173,The sort of movie that gives tastelessness a bad rap.,"It's a work of extraordinary intelligence and deft, affecting humor.","He served as the Governor of California from January 3, 1953 until December 4, 1969.",False
174,"Some say this was because of a bargain he struck with Henry Clay, which put Clay into office as his Secretary of State once Adams won.","He was a member of the Executive Committee at United Nations Commission on Human Rights, and served as deputy director (1970-72) from 1972 until 1977.",He was awarded the Presidential Medal of Freedom.,False
175,The film is so bad it doesn't improve upon the experience of staring at a blank screen.,The movie is neither as romantic nor as dramatic as it should be.,The movie is neither as romantic nor as dramatic as it should be.,True
176,"After this initial success, Ford left Edison Illuminating and, with other investors, formed the Detroit Automobile Company.","In 1879, he founded the Henry Ford Company which later became Standard Oil (ExxonMobil).","He was awarded the 1921 Nobel Prize for Physics by his son, Charles Darwin and served as president of that organization from 1905 to 1906.",False
177,"On April 8, 1995 he married actress Patricia Arquette.","He married Coretta Scott on June 3, 1953.","He married his second wife, actress Marie Curie.",False
178,"He was elected the Natrona County High School senior class president, represented the school at Boys State, and played halfback on the football team.","He graduated from high school in 1876 and enrolled at the University of Wisconsin-Madison, where he received a relatively progressive education.","He was a member of the Skull and Bones society, as well as an American Nobel Laureate.",False
179,He was the first American to win a Nobel Prize in any category.,He was awarded the Presidential Medal of Freedom in 1998.,"In 1876, he joined the United States Rubber Company (based in New York City) as manager of its foreign division.",False
180,"Frank Durward White (June 4, 1933 - May 21, 2003) was the Republican governor of the U.S. state of Arkansas from 1981 to 1983.",He was a member of the left-wing Democratic Party and is currently aligned with the Federalists.,He was also a founding member of the United Nations Commission on Human Rights and for his work in this organization.,False
181,"The family was Jewish (non-observant); Albert attended a Catholic elementary school and, at the insistence of his mother, was given violin lessons.","He graduated from Morehouse College in 1876 and was a member of the faculty at George Washington University's School of Business Administration, where he earned an LLB degree.","He graduated from high school in 1876 and enrolled at the University of Wisconsin-Madison, where he received a relatively progressive education.",False
182,"Bill ""Billy"" Boucher (b. November 10, 1899 in Ottawa, Ontario, Canada, died November 10, 1958) was a Canadian professional ice hockey rightwinger who played in the National Hockey League for the Montreal Canadiens, Boston Bruins and New York Americans.","He served as the Governor of California from January 3, 1953 until December 4, 1969.","He was a member of the Skull and Bones society, as well as a founder of the American Nazi Party.",False
183,"He remained in Hollywood for the duration of the war, attaining the rank of captain.","John Fitzgerald Kennedy (May 23, 1776 - May 5, 1848) was a U.S. politician who served as the 35th Governor of Florida from 1897 to 1898.",He was awarded the Presidential Medal of Freedom in 1998.,False
184,"After this initial success, Ford left Edison Illuminating and, with other investors, formed the Detroit Automobile Company.","He was a founding member of the Arista Records, and is currently president of that organization.","The movie is a great film, but it also has plenty of fun for all ages -- the cinematography and sets are grandly lavish.",False
185,He had an elder brother named Emmet Olson.,He was a member of the Skull and Bones society.,He was a member of the Skull and Bones society.,True
186,"Miguel Ferrer (born February 7, 1955 in Santa Monica, California) is a Puerto Rican-American actor who is often cast in movies as a villain.","He was a member of the Skull and Bones society, as well as a founder of the American Nazi Party.","He graduated from Morehouse College in 1876 and was a member of the faculty at George Washington University's School of Business Administration, where he earned an LLB degree.",False
187,His work dealt largely with the poor urban black and mulatto communities of Bahia.,He was a member of the United States Republican Party and served as chairman of the Democratic Campaign Committee from 1972 until 1976.,"He was a founding member of the Arbusto Energy company, and later served as managing general partner (1972-1973) in the ExxonMobil Corporation.",False
188,Distinctly sub-par... more likely to drown a viewer in boredom than to send any shivers down his spine.,"The movie is a blast of cinematic energy, and the performances are sublimely unfunny.","The movie is a blast of cinematic energy, and the performances are sublimely unfunny.",True
189,His gift of $5 million dollars helped found the Great Smoky Mountains National Park.,"In 1876, he joined the United States Rubber Company (based in New York City) as manager of its foreign division.",He was a member of the left-wing Democratic Party and is currently aligned with the Federalists.,False
190,"Rather than retire, Adams would go on to win election as a Democratic-Republican to the House of Representatives beginning with the 22nd Congress, serving from March 4, 1831, until his death.","He was a member of the Skull and Bones society, as well as an American Nobel Laureate.","He was a member of the Skull and Bones society, having been born in New York City to Irish American parents.",False
191,"Dole was twice decorated for heroic achievement, receiving two Purple Hearts for his injuries, and the Bronze Star Medal for his attempt to assist a downed radio man.","He was awarded the 1921 Nobel Prize for Physics by his son, Charles Darwin and served as president of that organization from 1905 to 1906.","The movie is a great story, but it also has plenty of room for the audience to take their hopes and dreams away.",False
192,His gift of $5 million dollars helped found the Great Smoky Mountains National Park.,"In 1894, he joined the United States Rubber Company (based in New York City) as manager of foreign division.","The movie is a blandly unfunny and unimpressive affair, one that will only satisfy the most emotionally malleable of filmgoers.",False
193,Then he went on to a public grammar school for three years.,He was a founding member of the American Enterprise Institute (OUP) and served as president of its Scientific Advisory Committee.,"John Winthrop (May 23, 1876 - April 5, 1961) was an American novelist and poet.",False
194,"In between his sea voyages, Kerouac stayed in New York with friends from Fordham.",He was educated at Marlborough College and received a Bachelor of Arts degree in Sociology.,"He was a founding member of the Arbusto Energy company, and served as managing general partner (1972-1973) until his death.",False
195,"Lawford became an American citizen in 1960, in time to vote for his brother-in-law John F. Kennedy.","He was born in San Juan, Puerto Rico to a Cuban American and Mexican descent.",He was a founding member of the American Enterprise Institute (OUP) and served as president of its Scientific Advisory Committee.,False
196,The sort of movie that gives tastelessness a bad rap.,It's a work of astonishing grace.,He graduated from Morehouse College in 1876 and received a scholarship to Harvard University.,False
197,In comparison to his earlier films it seems a disappointingly thin slice of lower-class London life; despite the title... amounts to surprisingly little.,"The film is a great example of the power of cinema to bring together disparate cultures, but it also has some compelling resonance.","The movie is a great American adventure, but it also has plenty of scope for us to explore the fascinating connections between race cars and sexuality.",False
198,"You come away wishing, though, that the movie spent a lot less time trying to make a credible case for reports from the afterlife and a lot more time on the romantic urgency that's at the center of the story.",The film is a great example of the power of cinema to bring about an audience that has been conditioned by its very nature to care beyond their own beliefs.,He was a member of the United States Republican Party and is currently the only Democrat elected to that office.,False
199,"His grandfather, also named William Seward Burroughs, founded the Burroughs Adding Machine company, which evolved into the Burroughs Corporation.","He was a founding member of the Arbusto Energy company, and served as managing general partner (1972-1973) until his death.","In 1876, he founded the Standard Oil Company with his son James Stillman and became its largest of its descendants.",False
200,He was first appointed to fill the Senate seat of Ernest Lundeen who had died in office.,"He was a member of the Skull and Bones society, but left in 1876 to become president.","In 1894, he joined the United States Rubber Company (based in New York City) as manager of foreign division.",False
201,She was the fifth of nine children.,He graduated from Harvard in 1876.,"He was a member of the Skull and Bones society, as well as being one of only two surviving members to have been ""discovered"" by anyone other than Charles E. Huxley (who also served on his own terms).",False
202,"Bill ""Billy"" Boucher (b. November 10, 1899 in Ottawa, Ontario, Canada, died November 10, 1958) was a Canadian professional ice hockey rightwinger who played in the National Hockey League for the Montreal Canadiens, Boston Bruins and New York Americans.",He was a member of the United States Republican Party and is currently the only Democrat elected to that office.,"He was born in New York City to William Barrett and Mary Lilian Baels, both of whom were U.S. Presidents at the time.",False
203,In 1902 Geiger began to study physics and mathematics in Erlangen and later attained a doctorate in 1906.,He graduated from Morehouse College in 1876 and received a scholarship to Harvard University.,He was a member of the United States Republican Party and served as chairman of the U.S. Senate from 1876 until 1791.,False
204,... something appears to have been lost in the translation this time.,"The movie is a total loss, as are the performances.",The film is a great example of how to document the power of your gut and make you laugh at yourself.,False
205,"Albert Einstein (March 14, 1879 - April 18, 1955) was a German-born Jewish theoretical physicist of German, Swiss and American citizenship, who is widely regarded as the greatest scientist of the 20th century or even of all time, ranking alongside the luminaries Newton and Gauss.","John Winthrop (May 23, 1876 - April 5, 1961) was an American novelist and poet.","He was a founding member of the United States Rubber Company (based in New York City) and later as manager of its foreign division, and served until January 3, 1970.",False
206,"Even as I valiantly struggled to remain interested, or at least conscious, I could feel my eyelids... getting... very... heavy...","The movie is a blandly unfunny and unimpressive affair, one that will only satisfy the most emotionally malleable of filmgoers.",It's a work of astonishing grace.,False
207,In comparison to his earlier films it seems a disappointingly thin slice of lower-class London life; despite the title... amounts to surprisingly little.,"The movie is a blast of energy and the visual style are put to perfect use in an artificial creation, which never materializes.",He graduated from Harvard in 1876.,False
208,"In 1983, Miguel was given a small part as a waiter in the movie The Man Who Wasn't There.","He was born in St Germain de Joux, France.","The film is a great example of the power of cinema to bring together disparate cultures, but it also has some compelling resonance.",False
209,"While serving abroad, he met Louisa Catherine Johnson, the daughter of an American merchant living abroad.","He was a member of the United States Marine Corps, and served as captain in the American Expeditionary Forces (USAAF) during World War II.",He was educated at Marlborough College and received a Bachelor of Arts degree in Sociology.,False
210,"A loud, ugly, irritating movie without any of its satirical salvos hitting a discernible target.","The movie is so bad that it almost ceases to be entertaining, and instead becomes a rousing indictment of human decency.","He was born in St Germain de Joux, France.",False
211,"Abram Joffe, a Soviet physicist who knew Einstein, in an obituary of Einstein, wrote, ""The author of [the papers of 1905] was ... a bureaucrat at the Patent Office in Bern, Einstein-Maria"" and this has recently been taken as evidence of a collaborative relationship.","He was a member of the Skull and Bones society, as well as being one of only two surviving members to have been ""discovered"" by anyone other than Charles E. Huxley (who also served on his own terms).","The film is a great example of the power of cinema to teach us about the dangers of drugs, and how they can't stop them from happening.",False
212,"Adams was born in Braintree, Massachusetts in a part of town which eventually became the separate town of Quincy.",He was a member of the United States Republican Party and served as chairman of the U.S. Senate from 1876 until 1791.,"A strange way to put a movie together, one that never truly captures the spirit of hope and dreams.",False
213,"His grandfather, also named William Seward Burroughs, founded the Burroughs Adding Machine company, which evolved into the Burroughs Corporation.","In 1876, he founded the Standard Oil Company with his son James Stillman and became its largest of its descendants.","He was a member of the United States Marine Corps, and served as an Army general during World War II.",False
214,"The delicious trimmings... arrive early and stay late, filling nearly every minute... with a lighthearted glow, some impudent snickers, and a glorious dose of humankind's liberating ability to triumph over a Scrooge or two.",The film is a great example of how to document the power of your gut and make you laugh at yourself.,"The movie is so bad that it almost ceases to be funny, and the audience has become engrossed in its mindless pursuit of one another.",False
215,"Albert Einstein (March 14, 1879 - April 18, 1955) was a German-born Jewish theoretical physicist of German, Swiss and American citizenship, who is widely regarded as the greatest scientist of the 20th century or even of all time, ranking alongside the luminaries Newton and Gauss.","He was a founding member of the United States Rubber Company (based in New York City) and later as manager of its foreign division, and served until January 3, 1970.","He was a member of the Skull and Bones society, but left in 1876 to become president.",False
216,"Viewed as a comedy, a romance, a fairy tale, or a drama, there's nothing remotely triumphant about this motion picture.","A strange way to put a movie together, one that never truly captures the spirit of hope and dreams.","He was born in San Juan, Puerto Rico to a Cuban American and Mexican descent.",False
217,"Alain Choquart's camera barely stops moving, portraying both the turmoil of the time and giving Conduct a perpetual sense of urgency, which, for a film that takes nearly three hours to unspool, is both funny and irritating.","The film is a great example of the power of cinema to teach us about the dangers of drugs, and how they can't stop them from happening.","The movie is so bad that it almost ceases to be entertaining, and instead becomes a rousing indictment of human decency.",False
218,In comparison to his earlier films it seems a disappointingly thin slice of lower-class London life; despite the title... amounts to surprisingly little.,"The movie is so bad that it almost ceases to be funny, and the audience has become engrossed in its mindless pursuit of one another.","The movie is a total loss, as are the performances.",False
219,Steers has an unexpectedly adamant streak of warm-blooded empathy for all his disparate Manhattan denizens -- especially the a**holes.,"The movie is a great American adventure, but it also has plenty of scope for us to explore the fascinating connections between race cars and sexuality.","The movie is a blast of energy and the visual style are put to perfect use in an artificial creation, which never materializes.",False
220,"Rather than retire, Adams would go on to win election as a Democratic-Republican to the House of Representatives beginning with the 22nd Congress, serving from March 4, 1831, until his death.","He was a member of the United States Marine Corps, and served as an Army general during World War II.","He was born in New York City to William and Gladys Smith, who were both of Irish descent.",False
221,"He was born near at Elston Hall near Nottingham, and educated at Chesterfield School then later at St. John's College, Cambridge.","He was born in New York City to William Barrett and Mary Lilian Baels, both of whom were U.S. Presidents at the time.",The film is a great example of the power of cinema to bring about an audience that has been conditioned by its very nature to care beyond their own beliefs.,False
222,"Ulysses S. Grant (April 27, 1822 - July 23, 1885) was the 18th President of the United States (1869 - 1877).",He was elected to the United States House of Representatives in January 1943.,He was elected to the United States House of Representatives in January 1943.,True
223,"Cheney grew up in Casper, Wyoming, and met his high-school sweetheart and future wife, Lynne Vincent, at age fourteen.","He was born in New York City to William and Gladys Smith, who were both of Irish descent.","He was a member of the United States Marine Corps, and served as captain in the American Expeditionary Forces (USAAF) during World War II.",False
224,"John William Coltrane (September 23, 1926 - July 17, 1967) was an American jazz saxophonist and composer.","He was elected to the United States House of Representatives in January, defeating only two Republican incumbents.","The movie is a blast of energy, and the visuals are breathtaking.",False
225,"Like the best of Godard's movies... it is visually ravishing, penetrating, impenetrable.","It's a great American adventure, but it is also one that will leave you scratching your head.","He was a member of the Executive Committee at United Nations Commission on Human Rights, and served as deputy director (1970-72) from 1972 until 1977.",False
226,A strangely compelling and brilliantly acted psychological drama.,It's a great American adventure.,He was a member of the Federalists from 1876 until his death.,False
227,"While it regards 1967 as the key turning point of the 20th century, and returns again and again to images of dissidents in the streets, it's alarmingly current.","The movie is a blast of colorful pop music, and the visual style manages to capture an artist who has been there before with his own unique gifts.",It's a work of astonishing grace and eloquently performed.,False
228,"Like the best of Godard's movies... it is visually ravishing, penetrating, impenetrable.",The film is a work of astonishing grace and eloquence.,It's a work of astonishing grace.,False
229,These events soon led to the American Civil War.,"He married Coretta Scott King on January 23, 1953.","The movie is so bad that it almost ceases to be a worthwhile film, but neither is it the kind of one that would appeal to anyone outside its core demographic.",False
230,"As a girl-meets-girl romantic comedy, Kissing Jessica Steinis quirky, charming and often hilarious.",It's a work of astonishing grace and eloquently performed.,He graduated from Morehouse College in 1876.,False
231,"His employment by the General Electric company further enhanced his political image; he travelled widely as a GE spokesman, and was noted for his anti-Communist speeches.","He was a member of the Skull and Bones society, but left in 1848 to become president of the Yale Skull & Bones Society.",It's a work of astonishing grace and originality.,False
232,His gift of $5 million dollars helped found the Great Smoky Mountains National Park.,"In 1891, he joined the United States Rubber Company (based in New York City) as manager of foreign division.","The only entertainment you'll get from watching the two of them arguing over who should be able to tell their kids how not to act like they were drinking, and that's OK.",False
233,"You come away wishing, though, that the movie spent a lot less time trying to make a credible case for reports from the afterlife and a lot more time on the romantic urgency that's at the center of the story.","The movie is a blast of energy, the visuals are so well realized that you can tell when someone has been drinking their guts out and it's all over.","The movie is so bad that it almost ceases to be a comedy, and the audience will probably laugh their collective asses off at being watched laughing maniacally while doing nothing.",False
234,"This picture is murder by numbers, and as easy to be bored by as your ABC's, despite a few whopping shootouts.","It's a sad, depressing movie that has no respect for human decency.","In 1891, he joined the United States Rubber Company (based in New York City) as manager of foreign division.",False
235,"Frank Durward White (June 4, 1933 - May 21, 2003) was the Republican governor of the U.S. state of Arkansas from 1981 to 1983.",He was a member of the Democratic Party and is currently the only Democrat elected to that office.,He was a member of the United States Republican Party.,False
236,"Cheney grew up in Casper, Wyoming, and met his high-school sweetheart and future wife, Lynne Vincent, at age fourteen.",He was born in New York City to William Barrett and Mary Clare of Assisi.,He was born in New York City to William Barrett and Mary Clare of Assisi.,True
237,Anemic chronicle of money grubbing New Yorkers and their serial loveless hook ups.,"The movie is a blast of energy, and the visuals are breathtaking.","It's a great American adventure, but it also has some flaws.",False
238,Benjamin Everett Jordan (8 September 1896 - 15 March 1974) was a Democratic U.S. senator from the state of North Carolina between 1958 and 1973.,"He served as a Republican from January 3, 1876 until December 4, 1901.","He married Coretta Scott King on January 23, 1953.",False
239,Burroughs graduated from Harvard University in 1936.,He graduated from Morehouse College in 1876.,"The movie is a blast of colorful pop music, and the visual style manages to capture an artist who has been there before with his own unique gifts.",False
240,... something appears to have been lost in the translation this time.,"It's a great American adventure, but it also has some flaws.","He was elected to the United States House of Representatives in January, defeating only two Republican incumbents.",False
241,Exceptionally well acted by Diane Lane and Richard Gere.,It's a work of astonishing grace and originality.,"It's a great American adventure, but it is also one that will leave you scratching your head.",False
242,"``My god, I'm behaving like an idiot!''",It's a work of astonishing grace.,The film is a work of astonishing grace and eloquence.,False
243,His ancestor Johann Valentin Pressler emigrated to North America in 1710.,He was a member of the Federalists from 1876 until his death.,It's a great American adventure.,False
244,"Robert Henry Dee (born May 18, 1933 in Quincy, Massachusetts) is a former three-sport letterman at Holy Cross College who was one of the first players signed by the Boston Patriots in 1960.","He was a member of the Executive Committee at United Nations Commission on Human Rights, and served as deputy director (1970-72) from 1972 until 1977.","It's a sad, depressing movie that has so many flaws.",False
245,"Rather than retire, Adams would go on to win election as a Democratic-Republican to the House of Representatives beginning with the 22nd Congress, serving from March 4, 1831, until his death.","He was awarded the 1921 Nobel Prize for Physics by his son, Isaac Darwin and in 1923 he served as president of that organization's Scientific Committee on Physical Chemistry.","He was awarded the 1921 Nobel Prize for Physics by his son, Isaac Darwin and in 1923 he served as president of that organization's Scientific Committee on Physical Chemistry.",True
246,... something appears to have been lost in the translation this time.,"It's a sad, depressing movie that has so many flaws.","He served as a Republican from January 3, 1876 until December 4, 1901.",False
247,"A loud, ugly, irritating movie without any of its satirical salvos hitting a discernible target.",A work of extraordinary grace and spare dialogue that permeates the film.,He was a member of the Executive Committee at United Nations Commission on Human Rights and later served as president of that organization.,False
248,"You come away wishing, though, that the movie spent a lot less time trying to make a credible case for reports from the afterlife and a lot more time on the romantic urgency that's at the center of the story.","The movie is so bad that it almost ceases to be a comedy, and the audience will probably laugh their collective asses off at being watched laughing maniacally while doing nothing.","He was a member of the Skull and Bones society, but left in 1848 to become president of the Yale Skull & Bones Society.",False
249,"Bill ""Billy"" Boucher (b. November 10, 1899 in Ottawa, Ontario, Canada, died November 10, 1958) was a Canadian professional ice hockey rightwinger who played in the National Hockey League for the Montreal Canadiens, Boston Bruins and New York Americans.",He was a member of the Executive Committee at United Nations Commission on Human Rights and later served as president of that organization.,"The movie is a blast of energy, the visuals are so well realized that you can tell when someone has been drinking their guts out and it's all over.",False
250,"What makes How I Killed My Father compelling, besides its terrific performances, is Fontaine's willingness to wander into the dark areas of parent-child relationships without flinching.","The movie is so bad that it almost ceases to be a worthwhile film, but neither is it the kind of one that would appeal to anyone outside its core demographic.","He was a member of the Skull and Bones society, as well as a founder of the Rock and Roll Hall of Fame.",False
251,"In 1983, Miguel was given a small part as a waiter in the movie The Man Who Wasn't There.","He was a member of the Skull and Bones society, as well as a founder of the Rock and Roll Hall of Fame.","It's a sad, depressing movie that has no respect for human decency.",False
252,"Abram Joffe, a Soviet physicist who knew Einstein, in an obituary of Einstein, wrote, ""The author of [the papers of 1905] was ... a bureaucrat at the Patent Office in Bern, Einstein-Maria"" and this has recently been taken as evidence of a collaborative relationship.","He was born in San Juan where his father, a physician, worked for the U.S. Embassy from 1876 to 1890.",He was a member of the Democratic Party and is currently the only Democrat elected to that office.,False
253,"Ulysses S. Grant (April 27, 1822 - July 23, 1885) was the 18th President of the United States (1869 - 1877).",He was a member of the United States Republican Party.,"He was born in San Juan where his father, a physician, worked for the U.S. Embassy from 1876 to 1890.",False
254,"Edric Frederick Gifford, 3rd Baron Gifford, VC (5 July 1849 - 5 June 1911) was an English recipient of the Victoria Cross, the highest and most prestigious award for gallantry in the face of the enemy that can be awarded to British and Commonwealth forces.","In 1876, he was elected to the United States House of Representatives as a Republican for the vacancy caused by the death of James Monroe.","In 1876, he was elected to the United States House of Representatives as a Republican for the vacancy caused by the death of James Monroe.",True
255,"You come away wishing, though, that the movie spent a lot less time trying to make a credible case for reports from the afterlife and a lot more time on the romantic urgency that's at the center of the story.","The only entertainment you'll get from watching the two of them arguing over who should be able to tell their kids how not to act like they were drinking, and that's OK.",A work of extraordinary grace and spare dialogue that permeates the film.,False
256,He had an elder brother named Emmet Olson.,"He was a member of the Skull and Bones society, having been exposed to racist comments.","He was born in Columbus, Ohio to William and Gladys Smith.",False
257,"Viewed as a comedy, a romance, a fairy tale, or a drama, there's nothing remotely triumphant about this motion picture.",A blandly unfunny and unentertaining comedy about a man who has nothing left to prove in the present era.,"He was a member of the Skull and Bones society, as well as a founding member of Ripley's Skull & Bones.",False
258,"The family was Jewish (non-observant); Albert attended a Catholic elementary school and, at the insistence of his mother, was given violin lessons.","He was a member of the Skull and Bones society, as well as a founding member of Ripley's Skull & Bones.","He was born in New York City to William Benton, Jr., a U.S. ambassador to France and his wife Eleanor Roosevelt; their son George W. Bush (born February 5, 1953), and daughter of President James Monroe.",False
259,Steers has an unexpectedly adamant streak of warm-blooded empathy for all his disparate Manhattan denizens -- especially the a**holes.,"The film is a marvelous adventure, one that will appeal to all ages.",He was a founding member of the Arithmometer Company.,False
260,He was one of the founder members of the Lunar Society.,"He was born in St. Germain, France to Anne Hutchinson and William Hutchinson.",He was married to actress Carrol Flynn from 1953 until his death in 1968.,False
261,"Bill ""Billy"" Boucher (b. November 10, 1899 in Ottawa, Ontario, Canada, died November 10, 1958) was a Canadian professional ice hockey rightwinger who played in the National Hockey League for the Montreal Canadiens, Boston Bruins and New York Americans.","John Fitzgerald Kennedy (May 23, 1787 - April 5, 1876) was an American politician who served as the 35th Governor of Florida from January 1, 1675 to May 3, 1877.","The film is a marvelous adventure, one that will appeal to all ages.",False
262,"Shamelessly resorting to pee-related sight gags that might even cause Tom Green a grimace; still, Myer's energy and the silliness of it all eventually prevail.","The film is so bad that it almost ceases to be compelling, and the audience becomes paralyzed with emotion.","In 1876, he founded the Standard Oil Company with his son James Stillman and in 1870 becameStandard Oil of New York City.",False
263,"Hodgkin and Huxley shared the prize that year with John Carew Eccles, who was cited for research on synapses.","He was born in Columbus, Ohio to William and Gladys Smith.","The film is so bad that it almost ceases to be compelling, and the audience becomes paralyzed with emotion.",False
264,"The family was Jewish (non-observant); Albert attended a Catholic elementary school and, at the insistence of his mother, was given violin lessons.","He was born in St Germain de Joux, France to Emma Louise and Henri Baels (1848-1902), the second wife of Charles II.","He was born in St. Germain, France to Anne Hutchinson and William Hutchinson.",False
265,"Lawford became an American citizen in 1960, in time to vote for his brother-in-law John F. Kennedy.","John Fitzgerald Kennedy (May 23, 1887 - December 5, 1963) was an American novelist and publisher.",He was a member of the United States Republican Party and is currently the only Democrat elected to that office.,False
266,"Robert Henry Dee (born May 18, 1933 in Quincy, Massachusetts) is a former three-sport letterman at Holy Cross College who was one of the first players signed by the Boston Patriots in 1960.","He was a member of the Executive Committee at United Nations Commission on Human Rights from 1879 to 1890, and served as deputy director (1881-1958) until his resignation.",A blandly unfunny and unentertaining comedy about a man who has nothing left to prove in the present era.,False
267,"Hutchinson emigrated from England to Massachusetts in 1634, in response to the preacher John Cotton's doing so.","He was born in San Juan, Puerto Rico to Luis Ferrer and Maria Ferrer.",He won the Gold Medal of Royal Astronomical Society in 1876.,False
268,"He was born near at Elston Hall near Nottingham, and educated at Chesterfield School then later at St. John's College, Cambridge.","He was a member of the Skull and Bones society, but his family moved to Greenwich, Connecticut in 1876.","He was born in St Germain de Joux, France to Emma Louise and Henri Baels (1848-1902), the second wife of Charles II.",False
269,"The couple have four children: daughters Katherine and Christina, and sons Patrick and Christopher.",He was married to actress Carrol Flynn for the rest of his life.,"He was a member of the Skull and Bones society, but his family moved to Greenwich, Connecticut in 1876.",False
270,He had an elder brother named Emmet Olson.,He graduated from Morehouse College in 1876 and enrolled at the University of Wisconsin-Madison.,"John Winthrop (born April 5, 1953 in New York City) is an American film actor.",False
271,"The Emperor's Club is one of those films that possesses all the good intentions in the world, but...","The movie is a blandly unfunny affair, but it's also one of the funniest movies in recent years.",He was married to actress Carrol Flynn for the rest of his life.,False
272,"Cheney grew up in Casper, Wyoming, and met his high-school sweetheart and future wife, Lynne Vincent, at age fourteen.",He was married to actress Carrol Flynn from 1953 until his death in 1968.,A deeply personal and yet profoundly humanizing work.,False
273,He was one of the founder members of the Lunar Society.,He was a founding member of the Arithmometer Company.,"John Fitzgerald Kennedy (May 23, 1787 - April 5, 1876) was an American politician who served as the 35th Governor of Florida from January 1, 1675 to May 3, 1877.",False
274,"Abram Joffe, a Soviet physicist who knew Einstein, in an obituary of Einstein, wrote, ""The author of [the papers of 1905] was ... a bureaucrat at the Patent Office in Bern, Einstein-Maria"" and this has recently been taken as evidence of a collaborative relationship.","He was born in New York City to William Benton, Jr., a U.S. ambassador to France and his wife Eleanor Roosevelt; their son George W. Bush (born February 5, 1953), and daughter of President James Monroe.",He was born in San Juan where he is the only son of a U.S. citizen to Puerto Rico and his wife were both members of the Union.,False
275,He was the first American to win a Nobel Prize in any category.,He won the Gold Medal of Royal Astronomical Society in 1876.,He was awarded the Presidential Medal of Freedom in 1998.,False
276,"``My god, I'm behaving like an idiot!''",It's a work of astonishing intelligence and grace.,It's a work of astonishing intelligence and grace.,True
277,"You come away wishing, though, that the movie spent a lot less time trying to make a credible case for reports from the afterlife and a lot more time on the romantic urgency that's at the center of the story.","The movie is so bad that it almost ceases to be funny, and the audience will probably laugh their collective asses off at the very least because they were watching a joke.","He was a member of the Skull and Bones society, having been exposed to racist comments.",False
278,"After this initial success, Ford left Edison Illuminating and, with other investors, formed the Detroit Automobile Company.","In 1876, he founded the Standard Oil Company with his son James Stillman and in 1870 becameStandard Oil of New York City.","It's a great American adventure, but it also has plenty of flaws.",False
279,"Eventually, the band settled on Chad Channing, with whom the band recorded the album Bleach, released on Sub Pop Records in 1989.","In 1950, he joined the United States Rubber Company (based in New York City) as manager of foreign division and moved to Greenwich, Connecticut.","John Fitzgerald Kennedy (May 23, 1887 - December 5, 1963) was an American novelist and publisher.",False
280,"Ulysses S. Grant (April 27, 1822 - July 23, 1885) was the 18th President of the United States (1869 - 1877).",He was a member of the United States Republican Party and is currently the only Democrat elected to that office.,He was a member of the radical left-wing Democratic Party and led an insurgency against capitalism.,False
281,"Ulysses S. Grant (April 27, 1822 - July 23, 1885) was the 18th President of the United States (1869 - 1877).","He served as a Republican from January 3, 1953 until December 4, 1969.","In 1950, he joined the United States Rubber Company (based in New York City) as manager of foreign division and moved to Greenwich, Connecticut.",False
282,"John William Coltrane (September 23, 1926 - July 17, 1967) was an American jazz saxophonist and composer.","John Winthrop (born April 5, 1953 in New York City) is an American film actor.","The movie is a blandly unfunny affair, but it's also one of the funniest movies in recent years.",False
283,He was the first American to win a Nobel Prize in any category.,He was awarded the Presidential Medal of Freedom in 1998.,"The movie is so bad that it almost ceases to be funny, and the audience will probably laugh their collective asses off at the very least because they were watching a joke.",False
284,The second coming of Harry Potter is a film far superior to its predecessor.,"It's a great American adventure, but it also has plenty of flaws.","He was a member of the Executive Committee at United Nations Commission on Human Rights from 1879 to 1890, and served as deputy director (1881-1958) until his resignation.",False
285,He was first appointed to fill the Senate seat of Ernest Lundeen who had died in office.,He was a member of the radical left-wing Democratic Party and led an insurgency against capitalism.,"He served as a Republican from January 3, 1953 until December 4, 1969.",False
286,"Bray is completely at sea; with nothing but a Savage Garden music video on his resume, he has no clue about making a movie.",A deeply personal and yet profoundly humanizing work.,He graduated from Morehouse College in 1876 and enrolled at the University of Wisconsin-Madison.,False
287,"Robert Henry Dee (born May 18, 1933 in Quincy, Massachusetts) is a former three-sport letterman at Holy Cross College who was one of the first players signed by the Boston Patriots in 1960.",He was born in San Juan where he is the only son of a U.S. citizen to Puerto Rico and his wife were both members of the Union.,"He was born in San Juan, Puerto Rico to Luis Ferrer and Maria Ferrer.",False
288,"Fans of the TV series will be disappointed, and everyone else will be slightly bored.",It's a work of extraordinary intelligence and grace.,"The movie is a great example of the power of film to teach us about the dangers of drugs, and how they can't stop hurting people.",False
289,"Eventually, the band settled on Chad Channing, with whom the band recorded the album Bleach, released on Sub Pop Records in 1989.","He was a member of the Skull and Bones society, working for the Yale Skull & Bones Society.",The movie is a blast of energy and the visuals are breathtaking.,False
290,He began to learn mathematics around age twelve.,He was awarded the Presidential Medal of Freedom.,"He was a member of the Executive Committee at United Nations Commission on Human Rights, and served as deputy director in that office from 1975 until 1977.",False
291,"The Emperor's Club is one of those films that possesses all the good intentions in the world, but...",The film is a great example of how intolerance can tear families apart.,It's a staggeringly unfunny experience.,False
292,"Hutchinson emigrated from England to Massachusetts in 1634, in response to the preacher John Cotton's doing so.","He was a member of the Skull and Bones society, as well as a founder of the Modernist school.","He was awarded the 1921 Nobel Prize in Chemistry for his explanation of ""miracle year"".",False
293,"... creates a visceral sense of its characters' lives and conflicted emotions that carries it far above... what could have been a melodramatic, Lifetime Channel-style anthology.","The movie is a great example of the power of film to teach us about the dangers of drugs, and how they can't stop hurting people.","It's a strange, weird movie.",False
294,This led to his being hired by Westinghouse company to service their steam engines.,He was awarded the Presidential Medal of Freedom in 1876.,"He was a member of the Executive Committee (EC) and served as deputy director (1970-72), serving under President James Monroe from 1972 until 1977.",False
295,Anemic chronicle of money grubbing New Yorkers and their serial loveless hook ups.,The movie is a blast of energy and the visuals are breathtaking.,It's a strange way to document the power of drugs and violence in an era when sex is so much more important.,False
296,"In between his sea voyages, Kerouac stayed in New York with friends from Fordham.",He was born in San Juan where his family moved when he was a child.,"He was awarded the 1921 Nobel Prize for Physics, along with his explanation of ""miracle year"" and ""for his services to Theoretical Physics"".",False
297,"The delicious trimmings... arrive early and stay late, filling nearly every minute... with a lighthearted glow, some impudent snickers, and a glorious dose of humankind's liberating ability to triumph over a Scrooge or two.",The film is a great example of the power of cinema to bring us together in an age when we value our values above our own.,The movie is a blast of energy and the characters are put through torture.,False
298,It's anchored by splendid performances from an honored screen veteran and a sparkling newcomer who instantly transform themselves into a believable mother/daughter pair.,The movie is a blast of colorful pop music and the visual style that permeates every room.,"He was a member of the Skull and Bones society, as well as a founder of the Modernist school.",False
299,"Viewed as a comedy, a romance, a fairy tale, or a drama, there's nothing remotely triumphant about this motion picture.",It's a strange way to document the power of drugs and violence in an era when sex is so much more important.,"He was born in San Juan, Puerto Rico to a U.S. engineer and his wife Eleanor Roosevelt (daughter of President Franklin D. Roosevelt), who were both of Italian descent at the time of their death; they had one son named Theodore Roosevelt.",False
300,On 28 February 1934 he and Anthony Fokker each received an excessive half a million dollars for selling fifty military planes to the Soviet government.,He was a founding member of the United States Rubber Company (based in New York City) and later served as president of its foreign division.,The movie is a blast of colorful pop music and the visual style are captured in vivid colors.,False
301,In comparison to his earlier films it seems a disappointingly thin slice of lower-class London life; despite the title... amounts to surprisingly little.,The movie is a blast of energy and the characters are put through torture.,"John Davison Rockefeller (January 30, 1876 - December 23, 1963) was an American capitalist most known for his role in the early petroleum industry.",False
302,"Even as I valiantly struggled to remain interested, or at least conscious, I could feel my eyelids... getting... very... heavy...","The movie is so bad that it almost ceases to be funny, and the audience will probably laugh their asses off.",The movie is a blast of colorful pop music and the visual style that permeates every room.,False
303,His ancestor Johann Valentin Pressler emigrated to North America in 1710.,"He was awarded the 1921 Nobel Prize in Chemistry for his explanation of ""miracle year"".",He was awarded the Presidential Medal of Freedom.,False
304,"During this time he worked on developing a federal system of roads, canals, bridges, lighthouses, and universities until Jackson, who defeated Adams in the latter's quest for re-election, was sworn in to replace him.","He was a member of the Executive Committee (EC) and served as deputy director (1970-72), serving under President James Monroe from 1972 until 1977.",He graduated from Dartmouth College in 1876.,False
305,"In between his sea voyages, Kerouac stayed in New York with friends from Fordham.",He was a member of the United States Republican Party and served as chairman of the U.S. Senate from 1876 to 1890.,He was a member of the United States Republican Party and served as chairman of the U.S. Senate from 1876 to 1890.,True
306,"Arnold Alois Schwarzenegger (born July 30, 1947 in Thal, Styria, Austria) is an Austrian-American actor, Republican politician, and bodybuilder, currently serving as the 38th Governor of California.",He was a member of the United States Republican Party and is currently the only Democrat elected to that office.,"The movie is a great story, but it also has plenty of room for us to examine our values and beliefs.",False
307,Bad and baffling from the get-go.,It's a staggeringly unfunny experience.,He was a member of the United States Republican Party and is currently the only Democrat elected to that office.,False
308,"A loud, ugly, irritating movie without any of its satirical salvos hitting a discernible target.",The movie is as romantic and affecting as the first film.,He was born in San Juan where his family moved when he was a child.,False
309,"The delicious trimmings... arrive early and stay late, filling nearly every minute... with a lighthearted glow, some impudent snickers, and a glorious dose of humankind's liberating ability to triumph over a Scrooge or two.","The film is a great example of the power of cinema to give us glimpses at our values, as well as their hopes and dreams.","The movie is a great story, but it also has plenty of room for the audience to express themselves in an emotional wonderous way.",False
310,"While serving abroad, he met Louisa Catherine Johnson, the daughter of an American merchant living abroad.","John Winthrop (born April 5, 1953 in Columbus, Ohio) is an American film director and screenwriter.","The movie is so bad that it almost ceases to be funny, and the audience will probably laugh their asses off.",False
311,"Bill ""Billy"" Boucher (b. November 10, 1899 in Ottawa, Ontario, Canada, died November 10, 1958) was a Canadian professional ice hockey rightwinger who played in the National Hockey League for the Montreal Canadiens, Boston Bruins and New York Americans.","John Davison Rockefeller (January 30, 1876 - December 23, 1963) was an American capitalist most known for his role in the early petroleum industry.",He was awarded the Presidential Medal of Freedom in 1876.,False
312,"Dole has worked part-time for a Washington, DC, law firm, and engaged in a career of writing, consulting, public speaking, and television appearances.","He was a member of the Executive Committee at United Nations Commission on Human Rights, and served as deputy director in that office from 1975 until 1977.","The film is a great example of the power of cinema to give us glimpses at our values, as well as their hopes and dreams.",False
313,The film serves as a valuable time capsule to remind us of the devastating horror suffered by an entire people.,The movie is a blast of colorful pop music and the visual style are captured in vivid colors.,The film is a great example of how intolerance can tear families apart.,False
314,Bad and baffling from the get-go.,"It's a strange, weird movie.","He was a member of the Skull and Bones society, working for the Yale Skull & Bones Society.",False
315,It's anchored by splendid performances from an honored screen veteran and a sparkling newcomer who instantly transform themselves into a believable mother/daughter pair.,"The movie is a great story, but it also has plenty of room for the audience to express themselves in an emotional wonderous way.",It's a work of extraordinary intelligence and grace.,False
316,"Albert Einstein (March 14, 1879 - April 18, 1955) was a German-born Jewish theoretical physicist of German, Swiss and American citizenship, who is widely regarded as the greatest scientist of the 20th century or even of all time, ranking alongside the luminaries Newton and Gauss.","He was born in San Juan, Puerto Rico to a U.S. engineer and his wife Eleanor Roosevelt (daughter of President Franklin D. Roosevelt), who were both of Italian descent at the time of their death; they had one son named Theodore Roosevelt.",The film is a great example of the power of cinema to bring us together in an age when we value our values above our own.,False
317,"Shamelessly resorting to pee-related sight gags that might even cause Tom Green a grimace; still, Myer's energy and the silliness of it all eventually prevail.","The movie is a great story, but it also has plenty of room for us to examine our values and beliefs.",The movie is as romantic and affecting as the first film.,False
318,"Edric Frederick Gifford, 3rd Baron Gifford, VC (5 July 1849 - 5 June 1911) was an English recipient of the Victoria Cross, the highest and most prestigious award for gallantry in the face of the enemy that can be awarded to British and Commonwealth forces.","He was awarded the 1921 Nobel Prize for Physics, along with his explanation of ""miracle year"" and ""for his services to Theoretical Physics"".",He was a founding member of the United States Rubber Company (based in New York City) and later served as president of its foreign division.,False
319,Burroughs graduated from Harvard University in 1936.,He graduated from Dartmouth College in 1876.,"John Winthrop (born April 5, 1953 in Columbus, Ohio) is an American film director and screenwriter.",False
320,"Although Adams lost in both the popular and electoral votes in the Presidential election of 1824, none of the candidates were able to secure a majority of the electoral vote, thereby putting the outcome in the hands of the House of Representatives, which to the surprise of many elected Adams over rival Andrew Jackson.","He was born in New York City to a Jewish American civil rights activist, and his wife were both members of the U.S. Republican Party but had little relation to any European ancestry whatsoever.","He was born in St. Germain, France.",False
321,"His employment by the General Electric company further enhanced his political image; he travelled widely as a GE spokesman, and was noted for his anti-Communist speeches.","In 1968, he joined the United States Rubber Company (based in New York City) as manager of foreign division and moved to Greenwich.","He was awarded the 1921 Nobel Prize for Physics by his son, Isaac Lloyd; and in 1923 he won a second Nobel Prize (his ""miracle year"") along with fellow-Nobel Laureate Matthias Feist.",False
322,"Bill ""Billy"" Boucher (b. November 10, 1899 in Ottawa, Ontario, Canada, died November 10, 1958) was a Canadian professional ice hockey rightwinger who played in the National Hockey League for the Montreal Canadiens, Boston Bruins and New York Americans.","John Fitzgerald Kennedy (May 23, 1787 - April 5, 1876) was an American novelist and poet who wrote extensively on the subject of sexuality.","He graduated from Morehouse College in 1827 and enrolled at the University of Wisconsin-Madison, where he received a relatively progressive education.",False
323,"Alain Choquart's camera barely stops moving, portraying both the turmoil of the time and giving Conduct a perpetual sense of urgency, which, for a film that takes nearly three hours to unspool, is both funny and irritating.","The movie is so bad that it almost ceases to be funny, and the audience will probably laugh at its antics -- which are why they should have been ashamed of themselves.","He was a member of the Skull and Bones society, but left in 1879 to become an apprentice machinist with the American Chemical Company.",False
324,His gift of $5 million dollars helped found the Great Smoky Mountains National Park.,"In 1876, he joined the United States Rubber Company (based in New York City) as manager of foreign division.","John Fitzgerald Kennedy (May 23, 1787 - April 5, 1876) was an American novelist and poet who wrote extensively on the subject of sexuality.",False
325,"The movie's plot is almost entirely witless and inane, carrying every gag two or three times beyond its limit to sustain a laugh.","The movie is so bad that it almost ceases to be funny, and instead becomes fodder for the next generation of critics.","He was a member of the Skull and Bones society, as well as a blacksmith.",False
326,He also starred in the mini series The Stand.,"He was born in St. Germain, France.","John Davison Rockefeller (July 30, 1876 - December 23, 1969) was an American capitalist most known for his role in the founding of Standard Oil and its descendants as the largest of its descendants).",False
327,The second coming of Harry Potter is a film far superior to its predecessor.,It's a good sign that the American Dream is alive.,"The movie is as bad as the first film, but it's also a good one -- if not better than its predecessor.",False
328,His ancestor Johann Valentin Pressler emigrated to North America in 1710.,He was a member of the Skull and Bones society.,"John Fitzgerald Kennedy (born May 23, 1963 in New York City) is an American politician and former United States Secretary of Defense.",False
329,"Beautifully crafted, engaging filmmaking that should attract upscale audiences hungry for quality and a nostalgic, twisty yarn that will keep them guessing.","The movie is as bad as the first film, but it's also a good one -- if not better than its predecessor.","He was born in St. Germain, France to his wife Julia and their son John (nee King)",False
330,"Rather than retire, Adams would go on to win election as a Democratic-Republican to the House of Representatives beginning with the 22nd Congress, serving from March 4, 1831, until his death.","John Fitzgerald Kennedy (born May 23, 1963 in New York City) is an American politician and former United States Secretary of Defense.","He was born in Columbus, Ohio to William Huxley and Emma Louise (nee Hutchinson), both of whom were U.S. Presidents at the time of their death; George W. Bush served as president from January 1, 1901 until February 3, 1953);",False
331,"Edric Frederick Gifford, 3rd Baron Gifford, VC (5 July 1849 - 5 June 1911) was an English recipient of the Victoria Cross, the highest and most prestigious award for gallantry in the face of the enemy that can be awarded to British and Commonwealth forces.","He was awarded the 1921 Nobel Prize for Physics by his son, Isaac Lloyd; and in 1923 he won a second Nobel Prize (his ""miracle year"") along with fellow-Nobel Laureate Matthias Feist.",The movie is a blast of energy and the visual style are put to perfect use in an emotionally unavailable film that has become so bad it becomes tiresome.,False
332,"Albert Einstein (March 14, 1879 - April 18, 1955) was a German-born Jewish theoretical physicist of German, Swiss and American citizenship, who is widely regarded as the greatest scientist of the 20th century or even of all time, ranking alongside the luminaries Newton and Gauss.","In 1894, he was ordained to the priesthood by President James Monroe and served as a minister of the United States Senate from 1787 until his death in 1691.",He was a member of the Skull and Bones society.,False
333,"Despite his father's opposition to him having a foreign-born wife, Adams wed Louisa Johnson in 1797.","He was a member of the Skull and Bones society, but left in 1950 to become president.","John Davison Rockefeller (July 23, 1887 - April 5, 1968) was an American capitalist most known for his role in the early petroleum industry and as chairman of Standard Oil (ExxonMobil is the largest of its descendants).",False
334,The sort of movie that gives tastelessness a bad rap.,"It's a great American adventure, but it is also one of the best.",The movie is a blast of colorful pop music and the visual style are captured in stunning colors.,False
335,"The family was Jewish (non-observant); Albert attended a Catholic elementary school and, at the insistence of his mother, was given violin lessons.","He graduated from high school in 1894 and enrolled at the University of Wisconsin-Madison, where he received a relatively progressive education.","He graduated from high school in 1894 and enrolled at the University of Wisconsin-Madison, where he received a relatively progressive education.",True
336,"His father-in-law, George Herbert Walker, and Walker's partner, Averell Harriman, brought him on as an officer in their investment banking firm, W. A. Harriman and Company in 1926.","In 1879, he joined the United States Rubber Company (based in New York City) as manager of foreign division and moved to Greenwich, Connecticut.","In 1968, he joined the United States Rubber Company (based in New York City) as manager of foreign division and moved to Greenwich.",False
337,"His employment by the General Electric company further enhanced his political image; he travelled widely as a GE spokesman, and was noted for his anti-Communist speeches.","He was a member of the Skull and Bones society, as well as a blacksmith.","In 1879, he joined the United States Rubber Company (based in New York City) as manager of foreign division and moved to Greenwich, Connecticut.",False
338,"Marvin graduated from Woodberry Forest School in 1975, and spent most summers and holidays at the sprawling family estate, the Bush Compound.","He was a member of the Skull and Bones society, but left in 1879 to become an apprentice machinist with the American Chemical Company.","He was born in New York City to a Jewish American civil rights activist, and his wife were both members of the U.S. Republican Party but had little relation to any European ancestry whatsoever.",False
339,"Bill ""Billy"" Boucher (b. November 10, 1899 in Ottawa, Ontario, Canada, died November 10, 1958) was a Canadian professional ice hockey rightwinger who played in the National Hockey League for the Montreal Canadiens, Boston Bruins and New York Americans.","He was born in St. Germain, France to his wife Julia and their son John (nee King)",The film is a great example of how intolerance has the power to tear families apart.,False
340,"Marvin graduated from Woodberry Forest School in 1975, and spent most summers and holidays at the sprawling family estate, the Bush Compound.","He graduated from Morehouse College in 1827 and enrolled at the University of Wisconsin-Madison, where he received a relatively progressive education.",A work of extraordinary courage and grace.,False
341,"As a girl-meets-girl romantic comedy, Kissing Jessica Steinis quirky, charming and often hilarious.",The film is a great example of how intolerance has the power to tear families apart.,He was awarded the Presidential Medal of Freedom in 1776.,False
342,"Bill ""Billy"" Boucher (b. November 10, 1899 in Ottawa, Ontario, Canada, died November 10, 1958) was a Canadian professional ice hockey rightwinger who played in the National Hockey League for the Montreal Canadiens, Boston Bruins and New York Americans.","John Davison Rockefeller (July 23, 1887 - April 5, 1968) was an American capitalist most known for his role in the early petroleum industry and as chairman of Standard Oil (ExxonMobil is the largest of its descendants).","In 1894, he was ordained to the priesthood by President James Monroe and served as a minister of the United States Senate from 1787 until his death in 1691.",False
343,"Bill ""Billy"" Boucher (b. November 10, 1899 in Ottawa, Ontario, Canada, died November 10, 1958) was a Canadian professional ice hockey rightwinger who played in the National Hockey League for the Montreal Canadiens, Boston Bruins and New York Americans.","John Davison Rockefeller (July 30, 1876 - December 23, 1969) was an American capitalist most known for his role in the founding of Standard Oil and its descendants as the largest of its descendants).","The movie is so bad that it almost ceases to be funny, and the audience will probably laugh at its antics -- which are why they should have been ashamed of themselves.",False
344,The sort of movie that gives tastelessness a bad rap.,A work of extraordinary courage and grace.,He was a fan of the animated television series The Simpsons and also wrote extensively on race cars.,False
345,"The family was Jewish (non-observant); Albert attended a Catholic elementary school and, at the insistence of his mother, was given violin lessons.","He was born in San Juan, Puerto Rico.","In 1876, he joined the United States Rubber Company (based in New York City) as manager of foreign division.",False
346,"You come away wishing, though, that the movie spent a lot less time trying to make a credible case for reports from the afterlife and a lot more time on the romantic urgency that's at the center of the story.","The movie is so bad that it almost ceases to be funny, and the audience will probably laugh their asses off at the sight of it.",It's a good sign that the American Dream is alive.,False
347,"... creates a visceral sense of its characters' lives and conflicted emotions that carries it far above... what could have been a melodramatic, Lifetime Channel-style anthology.",The movie is a blast of energy and the visual style are put to perfect use in an emotionally unavailable film that has become so bad it becomes tiresome.,"The movie is so bad that it almost ceases to be funny, and the audience will probably laugh their asses off at the sight of it.",False
348,"Although Adams lost in both the popular and electoral votes in the Presidential election of 1824, none of the candidates were able to secure a majority of the electoral vote, thereby putting the outcome in the hands of the House of Representatives, which to the surprise of many elected Adams over rival Andrew Jackson.","He was born in Columbus, Ohio to William Huxley and Emma Louise (nee Hutchinson), both of whom were U.S. Presidents at the time of their death; George W. Bush served as president from January 1, 1901 until February 3, 1953);","He was born in San Juan, Puerto Rico.",False
349,"In 1983, Miguel was given a small part as a waiter in the movie The Man Who Wasn't There.",He was awarded the Presidential Medal of Freedom in 1776.,"He was a member of the Skull and Bones society, but left in 1950 to become president.",False
350,"Adams was born in Braintree, Massachusetts in a part of town which eventually became the separate town of Quincy.",He was a fan of the animated television series The Simpsons and also wrote extensively on race cars.,"It's a great American adventure, but it is also one of the best.",False
351,It's anchored by splendid performances from an honored screen veteran and a sparkling newcomer who instantly transform themselves into a believable mother/daughter pair.,The movie is a blast of colorful pop music and the visual style are captured in stunning colors.,"The movie is so bad that it almost ceases to be funny, and instead becomes fodder for the next generation of critics.",False
352,Steers has an unexpectedly adamant streak of warm-blooded empathy for all his disparate Manhattan denizens -- especially the a**holes.,"The film is a great example of the power of cinema to bring us together in an emotionally unavailable, unlikable situation.",He graduated from Morehouse College in 1876.,False
353,"So young, so smart, such talent, such a wise ***.",The film is neither as compelling nor as dramatic as it should be.,"He was a member of the Skull and Bones society, but left in 1894 to become president of the American Enterprise Institute.",False
354,"His employment by the General Electric company further enhanced his political image; he travelled widely as a GE spokesman, and was noted for his anti-Communist speeches.","He was a member of the Skull and Bones society, but left in 1894 to become president of the American Enterprise Institute.",He was awarded the 1921 Nobel Prize for Physics in Physiology or Medicine.,False
355,"What makes How I Killed My Father compelling, besides its terrific performances, is Fontaine's willingness to wander into the dark areas of parent-child relationships without flinching.","The movie is so bad that it almost ceases to be a compelling story, but instead serves as fodder for the filmmakers who have been spending their time in vain trying to figure out how not to tell its audience.","John Davison Rockefeller (January 30, 1887 - December 23, 1963) was an American capitalist most known for his role in the early petroleum industry and as a founder of Standard Oil (ExxonMobil is one of its descendants).",False
356,"A lousy movie that's not merely unwatchable, but also unlistenable.","It's a great American adventure, but it is also one that will leave you scratching your head.","The film is a great example of the power of cinema to bring us together in an emotionally unavailable, unlikable situation.",False
357,"Lift, the mother of Danny DeVito's character in her Academy Award nominated performance in Throw Momma from the Train.",He was awarded the 1921 Nobel Prize for Physics by his explanation of photoelectric effect in 1905.,A work of extraordinary grace and spare dialogue that permeates the otherwise painfully stultifying film.,False
358,"``My god, I'm behaving like an idiot!''",He is a member of the Skull and Bones family.,"A deeply personal and affecting film, but one that will appeal to a wider swath of American culture.",False
359,"Bray is completely at sea; with nothing but a Savage Garden music video on his resume, he has no clue about making a movie.","A deeply personal and affecting film, but one that will appeal to a wider swath of American culture.",He graduated from Harvard in 1876.,False
360,"In XXX, Diesel is that rare creature -- an action hero with table manners, and one who proves that elegance is more than tattoo deep.","The movie is so bad that it almost ceases to be entertaining, and instead becomes a depressing waste of film.",He graduated from high school in 1876 and enrolled at the University of Wisconsin-Madison as a political science major.,False
361,He was the founder and first president of the Naval War College between 1884 and 1886.,"In 1876, he founded the Standard Oil Company with his son James Stillman and in 1870 becameStandard Oil.","The movie is so bad that it almost ceases to be a compelling story, but instead serves as fodder for the filmmakers who have been spending their time in vain trying to figure out how not to tell its audience.",False
362,He was then hired by the legal department of CBS subsidiary Columbia Records.,He graduated from Morehouse College in 1876.,"He was born in New York City to William Barrett, Jr., a U.S. engineer and his wife Eleanor Roosevelt; their son George H. W. Bush (George Herbert Walker), who were both of Irish descent but died at birth.",False
363,"Albert Einstein (March 14, 1879 - April 18, 1955) was a German-born Jewish theoretical physicist of German, Swiss and American citizenship, who is widely regarded as the greatest scientist of the 20th century or even of all time, ranking alongside the luminaries Newton and Gauss.","John Davison Rockefeller (January 30, 1887 - December 23, 1963) was an American capitalist most known for his role in the early petroleum industry and as a founder of Standard Oil (ExxonMobil is one of its descendants).",He was born in New York City to a Jewish American family and an Irish-American civil servant.,False
364,"Hutchinson emigrated from England to Massachusetts in 1634, in response to the preacher John Cotton's doing so.","In 1879, he was ordained to the priesthood by Rev. Martin Luther King, Jr., Sr.","The movie is so bad that it almost ceases to be funny, and the audience has become numb to its subject.",False
365,He was the first American to win a Nobel Prize in any category.,He was awarded the 1921 Nobel Prize for Physics in Physiology or Medicine.,He was born in San Juan where his family moved when he was a child.,False
366,"His employment by the General Electric company further enhanced his political image; he travelled widely as a GE spokesman, and was noted for his anti-Communist speeches.","He was a member of the Skull and Bones society, having previously been head coach at Yale University.","In 1876, he founded the Standard Oil Company with his son James Stillman and in 1870 becameStandard Oil.",False
367,"Dole has worked part-time for a Washington, DC, law firm, and engaged in a career of writing, consulting, public speaking, and television appearances.",He was born in New York City to a Jewish American family and an Irish-American civil servant.,"In 1879, he was ordained to the priesthood by Rev. Martin Luther King, Jr., Sr.",False
368,"John William Coltrane (September 23, 1926 - July 17, 1967) was an American jazz saxophonist and composer.","John Fitzgerald Kennedy (May 23, 1787 - December 5, 1876) was an American novelist and poet.","The movie is as if it were a comedy about an extended family, but instead of being funny and poignant, the film feels more like a horror.",False
369,Burroughs graduated from Harvard University in 1936.,He graduated from Harvard in 1876.,"He was born in New York City to William Benton, Jr., a U.S. ambassador to France from 1805 until 1706 and served as the only son of President James Monroe who never married during his stay there.",False
370,"In between his sea voyages, Kerouac stayed in New York with friends from Fordham.",He was born in San Juan where his family moved when he was a child.,"It's a great American adventure, but it is also one that will leave you scratching your head.",False
371,"Beautifully crafted, engaging filmmaking that should attract upscale audiences hungry for quality and a nostalgic, twisty yarn that will keep them guessing.","The movie is so bad that it almost ceases to be funny, and instead becomes a rousing indictment of human decency.",He was a member of the United States Republican Party and served as chairman of the Democratic Leadership Council from 1975 until 1977.,False
372,The film serves as a valuable time capsule to remind us of the devastating horror suffered by an entire people.,"The movie is as if it were a comedy about an extended family, but instead of being funny and poignant, the film feels more like a horror.","He was a member of the Skull and Bones society, having previously been head coach at Yale University.",False
373,He was one of the founder members of the Lunar Society.,He was a founding member of the Arithmometer Company.,"In 1894, he joined the United States Rubber Company (based in New York City) as manager of foreign division.",False
374,"Despite his father's opposition to him having a foreign-born wife, Adams wed Louisa Johnson in 1797.","In 1894, he joined the United States Rubber Company (based in New York City) as manager of foreign division.",The film is neither as compelling nor as dramatic as it should be.,False
375,"A loud, ugly, irritating movie without any of its satirical salvos hitting a discernible target.","A work of extraordinary intelligence and stunning precision, but it also has a compelling human impulse.",He is a member of the Skull and Bones family.,False
376,Anemic chronicle of money grubbing New Yorkers and their serial loveless hook ups.,A work of extraordinary grace and spare dialogue that permeates the otherwise painfully stultifying film.,"The movie is so bad that it almost ceases to be funny, and instead becomes a rousing indictment of human decency.",False
377,"In 1983, Miguel was given a small part as a waiter in the movie The Man Who Wasn't There.","He was born in St Germain de Joux, France to a French and Italian descent.",It's a good sign when you're an American.,False
378,"Beautifully crafted, engaging filmmaking that should attract upscale audiences hungry for quality and a nostalgic, twisty yarn that will keep them guessing.","The movie is so bad that it almost ceases to be funny, and the audience has become numb to its subject.",He was a founding member of the Arithmometer Company.,False
379,"The family was Jewish (non-observant); Albert attended a Catholic elementary school and, at the insistence of his mother, was given violin lessons.",He graduated from high school in 1876 and enrolled at the University of Wisconsin-Madison as a political science major.,He was awarded the 1921 Nobel Prize for Physics by his explanation of photoelectric effect in 1905.,False
380,"Abram Joffe, a Soviet physicist who knew Einstein, in an obituary of Einstein, wrote, ""The author of [the papers of 1905] was ... a bureaucrat at the Patent Office in Bern, Einstein-Maria"" and this has recently been taken as evidence of a collaborative relationship.","He was born in New York City to William Barrett, Jr., a U.S. engineer and his wife Eleanor Roosevelt; their son George H. W. Bush (George Herbert Walker), who were both of Irish descent but died at birth.","John Fitzgerald Kennedy (May 23, 1787 - December 5, 1876) was an American novelist and poet.",False
381,The sort of movie that gives tastelessness a bad rap.,It's a good sign when you're an American.,"A work of extraordinary intelligence and stunning precision, but it also has a compelling human impulse.",False
382,"He remained in Hollywood for the duration of the war, attaining the rank of captain.",He was a member of the United States Republican Party and served as chairman of the Democratic Leadership Council from 1975 until 1977.,"He was born in St Germain de Joux, France to a French and Italian descent.",False
383,"Although Adams lost in both the popular and electoral votes in the Presidential election of 1824, none of the candidates were able to secure a majority of the electoral vote, thereby putting the outcome in the hands of the House of Representatives, which to the surprise of many elected Adams over rival Andrew Jackson.","He was born in New York City to William Benton, Jr., a U.S. ambassador to France from 1805 until 1706 and served as the only son of President James Monroe who never married during his stay there.","The movie is so bad that it almost ceases to be entertaining, and instead becomes a depressing waste of film.",False
384,Bad and baffling from the get-go.,It's a work of astonishing grace.,"He was married to actress Rosemary Clooney from 1953 until 1956, and had five children: including actor Henry Ford (born 1955), Jr., born in 1958; and singer Rose Marie Presley.",False
385,"He was born near at Elston Hall near Nottingham, and educated at Chesterfield School then later at St. John's College, Cambridge.",He was born in San Juan where his family lived until he was 17.,"The movie is so bad that it almost ceases to be a worthwhile spectacle, and the audience will likely forget all about its original purpose.",False
386,"Lift, the mother of Danny DeVito's character in her Academy Award nominated performance in Throw Momma from the Train.","In 1968, he was awarded the Presidential Medal of Freedom by President Ronald Reagan.",The movie is a work of astonishing intelligence and stunning clarity.,False
387,"Adams was born in Braintree, Massachusetts in a part of town which eventually became the separate town of Quincy.","He served as a Republican from January 3, 1876 until February 4, 1901.","He was awarded the 1921 Nobel Prize for Physics by his fellow- mathematician, along with a Ph.D from Harvard Law School in 1922.",False
388,"His father-in-law, George Herbert Walker, and Walker's partner, Averell Harriman, brought him on as an officer in their investment banking firm, W. A. Harriman and Company in 1926.","He was a founding member of the Arista Records, and is currently special counsel at the Washington D.C.-based firm of Robert Aitken & Co., as well as managing director of the highly regarded John F. Kennedy Library.",He was awarded the 1921 Nobel Prize for Physics.,False
389,Burroughs graduated from Harvard University in 1936.,He graduated from Morehouse College in 1801 and received a Bachelor of Arts degree in Sociology in 1901.,"He served as a Republican from January 3, 1876 until February 4, 1901.",False
390,"Adams was born in Braintree, Massachusetts in a part of town which eventually became the separate town of Quincy.","He was a member of the United States Republican Party and served as chairman of the U.S. Senate from January 3, 1901 until December 4, 1903.","The movie is a great American adventure, but it also has plenty of fun for all ages.",False
391,"Lift, the mother of Danny DeVito's character in her Academy Award nominated performance in Throw Momma from the Train.","He was awarded the 1921 Nobel Prize for Physics by his explanation of ""miracle year"" and received a Ph.D from Harvard Law School in 1922.","He was a member of the United States Republican Party and served as chairman of the U.S. Senate from January 3, 1901 until December 4, 1903.",False
392,"Ulysses S. Grant (April 27, 1822 - July 23, 1885) was the 18th President of the United States (1869 - 1877).","He was a member of the Labour Party and served until January 3, 2003.","He was a member of the Skull and Bones society, as well as a founder of the American Nazi Party.",False
393,"Shamelessly resorting to pee-related sight gags that might even cause Tom Green a grimace; still, Myer's energy and the silliness of it all eventually prevail.","The movie is so bad that it almost ceases to be funny, and the audience has become numb with its conclusion.",He was born in San Juan where his family lived until he was 17.,False
394,"During this period, he personally drove his Quadricycle to victory in a race against Alexander Winton, a well-known driver and the heavy favorite on October 10, 1901.","In 1879, he was elected to the United States House of Representatives as a Republican from Connecticut and was reelected in 1890.","In 1968, he was awarded the Presidential Medal of Freedom by President Ronald Reagan.",False
395,"Hodgkin and Huxley shared the prize that year with John Carew Eccles, who was cited for research on synapses.","He was a member of the Skull and Bones society, as well as a founder of the American Nazi Party.","He served as a Republican from January 3, 1876 until December 4, 1901.",False
396,"... creates a visceral sense of its characters' lives and conflicted emotions that carries it far above... what could have been a melodramatic, Lifetime Channel-style anthology.","The movie is a great American adventure, but it also has plenty of fun for all ages.","The film is a great example of the power of cinema to give us glimpses at our values, as well as into the lives of people who value their beliefs.",False
397,"Shamelessly resorting to pee-related sight gags that might even cause Tom Green a grimace; still, Myer's energy and the silliness of it all eventually prevail.","The movie is so bad that it almost ceases to be a worthwhile spectacle, and the audience will likely forget all about its original purpose.",He graduated from Marlborough College in 1805 and enrolled at the University of Wisconsin-Madison.,False
398,He also starred in the mini series The Stand.,"He was born in San Juan, Puerto Rico.",The film is a great example of how intolerance can tear families apart.,False
399,Benjamin Everett Jordan (8 September 1896 - 15 March 1974) was a Democratic U.S. senator from the state of North Carolina between 1958 and 1973.,He was a member of the Labour Party and is currently the only Democrat elected to that office.,"A work of extraordinary intelligence and stunning technical execution, but it also has a compelling story.",False
400,"In between his sea voyages, Kerouac stayed in New York with friends from Fordham.","He was born in San Juan, Puerto Rico to a U.S. engineer and his wife Maria Cantina.","He was a member of the Labour Party and served until January 3, 2003.",False
401,The film is so bad it doesn't improve upon the experience of staring at a blank screen.,The movie is so bad that it almost ceases to be entertaining.,"He was born in San Juan, Puerto Rico.",False
402,"Viewed as a comedy, a romance, a fairy tale, or a drama, there's nothing remotely triumphant about this motion picture.",The film is a great example of how intolerance can tear families apart.,He was a member of the Labour Party and is currently the only Democrat elected to that office.,False
403,"Marvin graduated from Woodberry Forest School in 1975, and spent most summers and holidays at the sprawling family estate, the Bush Compound.","He was awarded the 1921 Nobel Prize for Physics by his fellow- mathematician, along with a Ph.D from Harvard Law School in 1922.",The movie is so bad that it almost ceases to be entertaining.,False
404,"Rather than retire, Adams would go on to win election as a Democratic-Republican to the House of Representatives beginning with the 22nd Congress, serving from March 4, 1831, until his death.","He was a member of the United States Marine Corps, and served as captain in the American Expeditionary Forces (USAAF) during World War II.",He graduated from Harvard in 1876 and received a Juris Doctor degree in economics.,False
405,"Eventually, the band settled on Chad Channing, with whom the band recorded the album Bleach, released on Sub Pop Records in 1989.","In 1894, he joined the United States Rubber Company (based in New York City) as manager of foreign division and moved to Greenwich.","He was born in San Juan, Puerto Rico to a U.S. engineer and his wife Maria Cantina.",False
406,Burroughs graduated from Harvard University in 1936.,He graduated from Harvard in 1876 and received a Juris Doctor degree in economics.,"He was a member of the United States Marine Corps, and served as captain in the American Expeditionary Forces (USAAF) during World War II.",False
407,"Fans of the TV series will be disappointed, and everyone else will be slightly bored.","A work of extraordinary intelligence and stunning technical execution, but it also has a compelling story.","He was a founding member of the Arista Records, and is currently special counsel at the Washington D.C.-based firm of Robert Aitken & Co., as well as managing director of the highly regarded John F. Kennedy Library.",False
408,He had an elder brother named Emmet Olson.,He was awarded the 1921 Nobel Prize for Physics.,"In 1894, he joined the United States Rubber Company (based in New York City) as manager of foreign division and moved to Greenwich.",False
409,"John William Coltrane (September 23, 1926 - July 17, 1967) was an American jazz saxophonist and composer.","He was born in San Juan, Puerto Rico.","The movie is so bad that it almost ceases to be funny, and the audience has become numb with its conclusion.",False
410,"Cheney grew up in Casper, Wyoming, and met his high-school sweetheart and future wife, Lynne Vincent, at age fourteen.","He was married to actress Rosemary Clooney from 1953 until 1956, and had five children: including actor Henry Ford (born 1955), Jr., born in 1958; and singer Rose Marie Presley.","He was born in San Juan, Puerto Rico.",False
411,"The delicious trimmings... arrive early and stay late, filling nearly every minute... with a lighthearted glow, some impudent snickers, and a glorious dose of humankind's liberating ability to triumph over a Scrooge or two.","The film is a great example of the power of cinema to give us glimpses at our values, as well as into the lives of people who value their beliefs.",It's a work of astonishing grace.,False
412,"John William Coltrane (September 23, 1926 - July 17, 1967) was an American jazz saxophonist and composer.","He served as a Republican from January 3, 1876 until December 4, 1901.",He graduated from Morehouse College in 1801 and received a Bachelor of Arts degree in Sociology in 1901.,False
413,He began to learn mathematics around age twelve.,He graduated from Marlborough College in 1805 and enrolled at the University of Wisconsin-Madison.,"He was awarded the 1921 Nobel Prize for Physics by his explanation of ""miracle year"" and received a Ph.D from Harvard Law School in 1922.",False
414,The second coming of Harry Potter is a film far superior to its predecessor.,The movie is a work of astonishing intelligence and stunning clarity.,He graduated from the University of Wisconsin-Madison with a Bachelor of Arts degree in Sociology and received an LLB from The University of Chicago.,False
415,"He was elected the Natrona County High School senior class president, represented the school at Boys State, and played halfback on the football team.",He graduated from the University of Wisconsin-Madison with a Bachelor of Arts degree in Sociology and received an LLB from The University of Chicago.,"In 1879, he was elected to the United States House of Representatives as a Republican from Connecticut and was reelected in 1890.",False
416,"Frank Durward White (June 4, 1933 - May 21, 2003) was the Republican governor of the U.S. state of Arkansas from 1981 to 1983.","John Winthrop (born May 5, 1953 in New York City) is a Democratic politician and the longest serving Premier of California.","It's a strange, almost completely unsentimental comedy that permeates the film.",False
417,"Viewed as a comedy, a romance, a fairy tale, or a drama, there's nothing remotely triumphant about this motion picture.","It's a strange, almost completely unsentimental comedy that permeates the film.","John Fitzgerald Kennedy (May 23, 1787 - December 5, 1894) was an American novelist and publisher.",False
418,"Marvin graduated from Woodberry Forest School in 1975, and spent most summers and holidays at the sprawling family estate, the Bush Compound.","He was a member of the Skull and Bones society, having been born in New York City to Irish American parents.","The film is a great example of the power of cinema to bring us into the life of its subjects, and it's also one that draws us in.",False
419,"He attended secondary school (Volksschule), and learned the trade of a joiner.",He was a founding member of the Arithmometer Company.,It's a staggeringly unfunny experience.,False
420,"He graduated from Princeton University in 1952, and attended Harvard University in 1954-55.",He graduated from Morehouse College with a Bachelor of Arts degree in Sociology.,The film is a work of astonishing grace and eloquence.,False
421,"Rather than retire, Adams would go on to win election as a Democratic-Republican to the House of Representatives beginning with the 22nd Congress, serving from March 4, 1831, until his death.","He was a member of the Executive Committee at United Nations Commission on Human Rights, and served as president of that organization from 1877 to 1890.","The movie is a blandly unfunny and unimpressive affair, one that will only satisfy the most emotionally malleable of filmgoers.",False
422,Adams received one electoral vote in the presidential election of 1820.,"He was born in St Germain, France to a Jewish family.","He was a member of the Skull and Bones society, having been educated at Oundle School.",False
423,"So young, so smart, such talent, such a wise ***.","The movie is so bad that it almost ceases to be worthwhile, and the performances are downright depressing.","He was a member of the Executive Committee at United Nations Commission on Human Rights, and served as president of that organization from 1877 to 1890.",False
424,"Lift, the mother of Danny DeVito's character in her Academy Award nominated performance in Throw Momma from the Train.","In 1968, he was awarded the Presidential Medal of Freedom for his services to humanitarian work in a World War II-era photoelectric campaign.","In 1968, he was awarded the Presidential Medal of Freedom for his services to humanitarian work in a World War II-era photoelectric campaign.",True
425,She was the fifth of nine children.,He graduated from Morehouse College in 1876.,The film is a great example of how intolerance can tear families apart.,False
426,"Frank Durward White (June 4, 1933 - May 21, 2003) was the Republican governor of the U.S. state of Arkansas from 1981 to 1983.","He was a member of the Skull and Bones society, but also served as chairman of that organization.","The movie is so bad that it almost ceases to be worthwhile, and the performances are downright depressing.",False
427,"Adams was born in Braintree, Massachusetts in a part of town which eventually became the separate town of Quincy.",He was a member of the Union forces and served as general-in-chief (1939 to 1848) during World War I.,"He was born in San Juan, Puerto Rico to Luis Ferrer and Maria Ferrer (daughter of U.S. Presidents George W. Bush) and Eleanor Roosevelt.",False
428,"Even as I valiantly struggled to remain interested, or at least conscious, I could feel my eyelids... getting... very... heavy...","The movie is a blandly unfunny and depressing affair, one that will only satisfy the most emotionally malleable of us.","The movie is a blandly unfunny affair, with the occasional amusing dialogue and some serious soul searching.",False
429,"Marvin graduated from Woodberry Forest School in 1975, and spent most summers and holidays at the sprawling family estate, the Bush Compound.","He graduated from high school in 1876 and enrolled at the University of Wisconsin-Madison, where he received a scholarship to study economics.","He was awarded the 1921 Nobel Prize for Physics by his wife, Marie Louise de Visscher.",False
430,Bad and baffling from the get-go.,It's a staggeringly unfunny experience.,"He was married to actress Lyman, who died in 2003.",False
431,His work dealt largely with the poor urban black and mulatto communities of Bahia.,"He served as a Republican from January 1, 1901 until December 3, 2002.","He graduated from Morehouse College in 1876 and enrolled at the University of Wisconsin-Madison, where he received a Bachelor of Arts degree in Sociology.",False
432,"During this period, he personally drove his Quadricycle to victory in a race against Alexander Winton, a well-known driver and the heavy favorite on October 10, 1901.","In 1894, he joined the United States Rubber Company (based in New York City) as manager of foreign division and moved to Greenwich, Connecticut.","The movie is a blandly unfunny and depressing affair, one that will only satisfy the most emotionally malleable of us.",False
433,The second coming of Harry Potter is a film far superior to its predecessor.,The film is a work of astonishing grace and eloquence.,"He was born in St Germain, France to a Jewish family.",False
434,"... creates a visceral sense of its characters' lives and conflicted emotions that carries it far above... what could have been a melodramatic, Lifetime Channel-style anthology.","The movie is a blandly unfunny affair, with the occasional amusing dialogue and some serious soul searching.","He was a member of the Skull and Bones society, having been born in New York City to Irish American parents.",False
435,These events soon led to the American Civil War.,"He was married to actress Lyman, who died in 2003.",He was a founding member of the Arithmometer Company.,False
436,"While it regards 1967 as the key turning point of the 20th century, and returns again and again to images of dissidents in the streets, it's alarmingly current.","The movie is so bad that it almost ceases to be a worthwhile spectacle, and instead becomes fodder for the next generation of filmgoers who have little patience for cinema.",He was a member of the Union forces and served as general-in-chief (1939 to 1848) during World War I.,False
437,"The family was Jewish (non-observant); Albert attended a Catholic elementary school and, at the insistence of his mother, was given violin lessons.","He was born in San Juan, Puerto Rico to Luis Ferrer and Maria Ferrer (daughter of U.S. Presidents George W. Bush) and Eleanor Roosevelt.","In 1894, he joined the United States Rubber Company (based in New York City) as manager of foreign division and moved to Greenwich, Connecticut.",False
438,In comparison to his earlier films it seems a disappointingly thin slice of lower-class London life; despite the title... amounts to surprisingly little.,"The movie is a blandly unfunny and unimpressive affair, one that will only satisfy the most emotionally malleable of filmgoers.",He graduated from Morehouse College with a Bachelor of Arts degree in Sociology.,False
439,"Parker should be commended for taking a fresh approach to familiar material, but his determination to remain true to the original text leads him to adopt a somewhat mannered tone... that ultimately dulls the human tragedy at the story's core.","The film is a great example of the power of cinema to bring us into the life of its subjects, and it's also one that draws us in.","It's a great American adventure, and one of the best in years.",False
440,"Adams was born in Braintree, Massachusetts in a part of town which eventually became the separate town of Quincy.","He was a member of the Skull and Bones society, having been educated at Oundle School.","The movie is so bad that it almost ceases to be a worthwhile spectacle, and instead becomes fodder for the next generation of filmgoers who have little patience for cinema.",False
441,"Lift, the mother of Danny DeVito's character in her Academy Award nominated performance in Throw Momma from the Train.","He was awarded the 1921 Nobel Prize for Physics by his wife, Marie Louise de Visscher.","He served as a Republican from January 1, 1901 until December 3, 2002.",False
442,"Bill ""Billy"" Boucher (b. November 10, 1899 in Ottawa, Ontario, Canada, died November 10, 1958) was a Canadian professional ice hockey rightwinger who played in the National Hockey League for the Montreal Canadiens, Boston Bruins and New York Americans.","John Fitzgerald Kennedy (May 23, 1787 - December 5, 1894) was an American novelist and publisher.","John Winthrop (born May 5, 1953 in New York City) is a Democratic politician and the longest serving Premier of California.",False
443,"Lawford became an American citizen in 1960, in time to vote for his brother-in-law John F. Kennedy.","He was born in San Juan, Puerto Rico to a Cuban immigrant and his wife Maria.",He graduated from Morehouse College in 1876.,False
444,Distinctly sub-par... more likely to drown a viewer in boredom than to send any shivers down his spine.,The film is a great example of how intolerance can tear families apart.,"He married Coretta Scott on May 3, 1953.",False
445,"On April 8, 1995 he married actress Patricia Arquette.","He married Coretta Scott on May 3, 1953.","He graduated from high school in 1876 and enrolled at the University of Wisconsin-Madison, where he received a scholarship to study economics.",False
446,A strangely compelling and brilliantly acted psychological drama.,"It's a great American adventure, and one of the best in years.","He was a member of the Skull and Bones society, but also served as chairman of that organization.",False
447,In 1902 Geiger began to study physics and mathematics in Erlangen and later attained a doctorate in 1906.,"He graduated from Morehouse College in 1876 and enrolled at the University of Wisconsin-Madison, where he received a Bachelor of Arts degree in Sociology.","He was born in San Juan, Puerto Rico to a Cuban immigrant and his wife Maria.",False
448,"The Emperor's Club is one of those films that possesses all the good intentions in the world, but...",The film is a thinly veiled look at the lives of ordinary people living in poverty.,"He was a member of the Skull and Bones society, as well as an occasional guest star on The Simpsons.",False
449,"In 1983, Miguel was given a small part as a waiter in the movie The Man Who Wasn't There.","He was born in San Juan, Puerto Rico.","John Fitzgerald Kennedy (May 23, 1787 - April 5, 1876) was an American politician who served as the 35th Governor of Florida from January 1, 1917 to December 3, 1918.",False
450,Steers has an unexpectedly adamant streak of warm-blooded empathy for all his disparate Manhattan denizens -- especially the a**holes.,"The film is a great example of the power of cinema to bring people together in one cohesive, coherent vision.","It's a great American adventure, but it is also one that will disappoint.",False
451,"John Drew Barrymore, also known as John Barrymore, Jr., (June 4, 1929 - November 29, 2004) was an actor, one of The Barrymores, a family of actors that included his father, John Barrymore, and his father's siblings, his uncle Lionel and his aunt Ethel.",He was a member of the Executive Committee (EC) and served as president of that organization from 1975 until 1977.,"He was born in San Juan, Puerto Rico.",False
452,He was first appointed to fill the Senate seat of Ernest Lundeen who had died in office.,"He was a member of the Skull and Bones society, but left active duty in 1848.","The movie is a great example of how intolerance can tear apart families, and the film feels like an extended play in some otherworldly adventure.",False
453,"If you already like this sort of thing, this is that sort of thing all over again.",A work of extraordinary courage and grace.,The film is a great example of the power of cinema to bring us together in an age when we value our values above our own.,False
454,"His father-in-law, George Herbert Walker, and Walker's partner, Averell Harriman, brought him on as an officer in their investment banking firm, W. A. Harriman and Company in 1926.","He was a member of the Skull and Bones society, as well as an occasional guest star on The Simpsons.","The movie is so bad that it almost ceases to be entertaining, and the audience will probably laugh their collective asses off.",False
455,"The delicious trimmings... arrive early and stay late, filling nearly every minute... with a lighthearted glow, some impudent snickers, and a glorious dose of humankind's liberating ability to triumph over a Scrooge or two.",The film is a great example of the power of cinema to bring us together in an age when we value our values above our own.,He graduated from high school in 1876 and enrolled at the University of Wisconsin-Madison.,False
456,"The family was Jewish (non-observant); Albert attended a Catholic elementary school and, at the insistence of his mother, was given violin lessons.","He was born in San Juan, Puerto Rico to a wealthy family and an American lawyer.","He was a member of the Executive Committee (FC) and served as chairman, managing general partner (1972-1973), and vice president (1974 - 1977).",False
457,His ancestor Johann Valentin Pressler emigrated to North America in 1710.,He was a member of the Labour Party from 1971 until 1972.,"The movie is so bad that it becomes a zombie apocalypse, and the audience will probably forget all about it.",False
458,"Viewed as a comedy, a romance, a fairy tale, or a drama, there's nothing remotely triumphant about this motion picture.","The movie is a blandly unfunny and derivative affair, one that will only satisfy the most emotionally malleable of filmgoers.","He graduated from Morehouse College in 1876 and enrolled at the University of Wisconsin-Madison, where he received a relatively progressive education.",False
459,"Despite his father's opposition to him having a foreign-born wife, Adams wed Louisa Johnson in 1797.","He was a member of the Skull and Bones society, but left in 1876 to become president.","He was a member of the Skull and Bones society, having been born in New York City to Irish American parents who were both members of that organization.",False
460,What a great shame that such a talented director as Chen Kaige has chosen to make his English-language debut with a film so poorly plotted and scripted.,"The movie is so bad that it almost ceases to be entertaining, and the audience will probably laugh their collective asses off.","It's a great American adventure, but it also has plenty of flaws.",False
461,Anemic chronicle of money grubbing New Yorkers and their serial loveless hook ups.,"It's a great American adventure, but it also has plenty of flaws.","It's a sadistic comedy, but neither is it funny.",False
462,Anemic chronicle of money grubbing New Yorkers and their serial loveless hook ups.,The movie is a blast of energy and the visuals are breathtakingly beautiful.,The movie is a blast of energy and the visuals are breathtakingly beautiful.,True
463,"You come away wishing, though, that the movie spent a lot less time trying to make a credible case for reports from the afterlife and a lot more time on the romantic urgency that's at the center of the story.","The only entertainment you'll get from watching the two-day old movie is the one where it starts to become a cult hero, and then goes downhill as soon as its audience sees the original.",He was a member of the Executive Committee (EC) and served as president of that organization from 1975 until 1977.,False
464,"He attended secondary school (Volksschule), and learned the trade of a joiner.","He was a founding member of the Arithmometer Company, which later became Standard Oil.",He graduated from high school in 1953 and enrolled at the University of Wisconsin-Madison.,False
465,"Marvin graduated from Woodberry Forest School in 1975, and spent most summers and holidays at the sprawling family estate, the Bush Compound.","He graduated from Morehouse College in 1876 and enrolled at the University of Wisconsin-Madison, where he received a relatively progressive education.",A work of extraordinary courage and grace.,False
466,The film serves as a valuable time capsule to remind us of the devastating horror suffered by an entire people.,The movie is as if it were a preamble to the next day's video games.,The film is a thinly veiled look at the lives of ordinary people living in poverty.,False
467,"He remained in Hollywood for the duration of the war, attaining the rank of captain.","John Fitzgerald Kennedy (May 23, 1787 - April 5, 1876) was an American politician who served as the 35th Governor of Florida from January 1, 1917 to December 3, 1918.",The movie is as if it were a preamble to the next day's video games.,False
468,Exceptionally well acted by Diane Lane and Richard Gere.,"It's a great American adventure, but it is also one that will disappoint.","He was a member of the Skull and Bones society, but left in 1876 to become president.",False
469,The quirky drama touches the heart and the funnybone thanks to the energetic and always surprising performance by Rachel Griffiths.,"The movie is so bad that it becomes a zombie apocalypse, and the audience will probably forget all about it.","He was a founding member of the Arithmometer Company, which later became Standard Oil.",False
470,President Clinton awarded him the Presidential Medal of Freedom in early 1997 for his service in the military and his political career.,"He was awarded the 1921 Nobel Prize for Physics by his explanation of ""miracle year"" and received a Ph.D from Harvard University in Physiology or Medicine (1950).","The movie is a blandly unfunny and derivative affair, one that will only satisfy the most emotionally malleable of filmgoers.",False
471,The sort of movie that gives tastelessness a bad rap.,"It's a great American adventure, but it also has plenty of heart.","The only entertainment you'll get from watching the two-day old movie is the one where it starts to become a cult hero, and then goes downhill as soon as its audience sees the original.",False
472,In 1902 Geiger began to study physics and mathematics in Erlangen and later attained a doctorate in 1906.,He graduated from high school in 1953 and enrolled at the University of Wisconsin-Madison.,He was a member of the Labour Party from 1971 until 1972.,False
473,"In XXX, Diesel is that rare creature -- an action hero with table manners, and one who proves that elegance is more than tattoo deep.","The movie is a great example of how intolerance can tear apart families, and the film feels like an extended play in some otherworldly adventure.","The film is a great example of the power of cinema to bring people together in one cohesive, coherent vision.",False
474,"The family was Jewish (non-observant); Albert attended a Catholic elementary school and, at the insistence of his mother, was given violin lessons.",He graduated from high school in 1876 and enrolled at the University of Wisconsin-Madison.,"He was born in San Juan, Puerto Rico to a U.S. citizen and an American businessman who moved from town to Greenwich, Connecticut.",False
475,"Albert Einstein (March 14, 1879 - April 18, 1955) was a German-born Jewish theoretical physicist of German, Swiss and American citizenship, who is widely regarded as the greatest scientist of the 20th century or even of all time, ranking alongside the luminaries Newton and Gauss.","He was born in San Juan, Puerto Rico to a Cuban immigrant and his wife Maria (nephew of U.S. ambassador to Spain) who were both members of the revolutionary family.","It's a great American adventure, but it also has plenty of heart.",False
476,"Dole has worked part-time for a Washington, DC, law firm, and engaged in a career of writing, consulting, public speaking, and television appearances.","He was born in San Juan, Puerto Rico to a U.S. citizen and an American businessman who moved from town to Greenwich, Connecticut.","He was a member of the Skull and Bones society, but left active duty in 1848.",False
477,"Edric Frederick Gifford, 3rd Baron Gifford, VC (5 July 1849 - 5 June 1911) was an English recipient of the Victoria Cross, the highest and most prestigious award for gallantry in the face of the enemy that can be awarded to British and Commonwealth forces.","He was a member of the Skull and Bones society, having been born in New York City to Irish American parents who were both members of that organization.","He was awarded the 1921 Nobel Prize for Physics by his explanation of ""miracle year"" and received a Ph.D from Harvard University in Physiology or Medicine (1950).",False
478,"Bill ""Billy"" Boucher (b. November 10, 1899 in Ottawa, Ontario, Canada, died November 10, 1958) was a Canadian professional ice hockey rightwinger who played in the National Hockey League for the Montreal Canadiens, Boston Bruins and New York Americans.","He was a member of the Executive Committee (FC) and served as chairman, managing general partner (1972-1973), and vice president (1974 - 1977).","He was born in San Juan, Puerto Rico to a Cuban immigrant and his wife Maria (nephew of U.S. ambassador to Spain) who were both members of the revolutionary family.",False
479,The second coming of Harry Potter is a film far superior to its predecessor.,"It's a sadistic comedy, but neither is it funny.","He was born in San Juan, Puerto Rico to a wealthy family and an American lawyer.",False
480,"His employment by the General Electric company further enhanced his political image; he travelled widely as a GE spokesman, and was noted for his anti-Communist speeches.","He was a member of the Skull and Bones society, but left in 1970 to become an assistant at Yale University.","He graduated from high school in 1876 and enrolled at the University of Wisconsin-Madison, where he received a Bachelor of Arts degree in Sociology.",False
481,He was then hired by the legal department of CBS subsidiary Columbia Records.,"He was born in St Germain, France to a French and Italian descent.","He was born in San Juan where his father, a U.S. engineer, worked for the Texas Company as an apprentice machinist.",False
482,"He attended secondary school (Volksschule), and learned the trade of a joiner.",He was awarded the Presidential Medal of Freedom.,He graduated from Morehouse College in 1876 and received a Bachelor of Arts degree in Sociology.,False
483,"Marvin graduated from Woodberry Forest School in 1975, and spent most summers and holidays at the sprawling family estate, the Bush Compound.","He was a member of the Skull and Bones society, but left in 1894 to become president of the American Enterprise Institute.","He was a member of the Executive Committee at United Nations Commission on Human Rights, and served as deputy director (1970-72) from 1972 until 1977.",False
484,"Parker should be commended for taking a fresh approach to familiar material, but his determination to remain true to the original text leads him to adopt a somewhat mannered tone... that ultimately dulls the human tragedy at the story's core.","The movie is a great example of the power of film to bring about an artist's vision into his next creation, one that will appeal beyond its core demographic.",The movie is so bad that it almost ceases to be entertaining.,False
485,"Cheney grew up in Casper, Wyoming, and met his high-school sweetheart and future wife, Lynne Vincent, at age fourteen.","He was born in New York City to William and Gladys Smith, both of whom were U.S. citizens.","John Fitzgerald Kennedy (May 23, 1787 - April 5, 1876), often referred to as JFK or John F. Kennedy Jr., was the 35th President of United States and a U.S.Senator from New York.",False
486,She was the fifth of nine children.,It's a wonderful film.,"He was married to actress Lyman, whom he had a son.",False
487,His work dealt largely with the poor urban black and mulatto communities of Bahia.,"He was a member of the Skull and Bones society, but left in 1876 to become president of the American Enterprise Institute.","He was a member of the Skull and Bones society, but his grandfather's name is also considered to be one of its earliest members.",False
488,On 28 February 1934 he and Anthony Fokker each received an excessive half a million dollars for selling fifty military planes to the Soviet government.,"He was a member of the Executive Committee at United Nations Commission on Human Rights, and served as deputy director (1970-72) from 1972 until 1977.","He was married to actress Lyman and had five children, including his wife.",False
489,"If you already like this sort of thing, this is that sort of thing all over again.",The movie is so bad that it almost ceases to be entertaining.,"He was born in San Juan, Puerto Rico to a U.S. citizen and an American businessman who immigrated from the Dominican Republic.",False
490,Adams received one electoral vote in the presidential election of 1820.,"He was born in St Germain, France.","John Winthrop (born August 23, 1953 in Columbus, Ohio) is an American politician and former United States Secretary of Defense.",False
491,He was one of the founder members of the Lunar Society.,"He was born in San Juan, Puerto Rico.",The movie is a work of astonishing grace and extraordinary intelligence.,False
492,"During this period, he personally drove his Quadricycle to victory in a race against Alexander Winton, a well-known driver and the heavy favorite on October 10, 1901.","In 1879, after a two-day trial she was banished from the country for heresy in what later became Rhode Island.",He was awarded the Presidential Medal of Freedom.,False
493,"Bill ""Billy"" Boucher (b. November 10, 1899 in Ottawa, Ontario, Canada, died November 10, 1958) was a Canadian professional ice hockey rightwinger who played in the National Hockey League for the Montreal Canadiens, Boston Bruins and New York Americans.","John Winthrop (born April 5, 1934 in Columbus, Ohio) is an American film actor.","He was a member of the Skull and Bones society, but left in 1894 to become president of the American Enterprise Institute.",False
494,"John Drew Barrymore, also known as John Barrymore, Jr., (June 4, 1929 - November 29, 2004) was an actor, one of The Barrymores, a family of actors that included his father, John Barrymore, and his father's siblings, his uncle Lionel and his aunt Ethel.","He was a member of the Skull and Bones society, but his grandfather's name is also considered to be one of its earliest members.",The movie is so bad that it almost ceases to be entertaining.,False
495,"Dole has worked part-time for a Washington, DC, law firm, and engaged in a career of writing, consulting, public speaking, and television appearances.","He was born in San Juan, Puerto Rico to a U.S. citizen and an American businessman who immigrated from the Dominican Republic.","In 1879, he was elected to the United States House of Representatives as a Republican from Connecticut and served until January 3, 1901.",False
496,"In XXX, Diesel is that rare creature -- an action hero with table manners, and one who proves that elegance is more than tattoo deep.",The only entertainment you'll get from watching the two-day old movie is the one with the most annoying dialogue and the least amount of focus on its plot.,"He was born in St Germain, France.",False
497,"Cheney grew up in Casper, Wyoming, and met his high-school sweetheart and future wife, Lynne Vincent, at age fourteen.",He was married to actress Dominique Dunne from 1953 until 1956.,"The movie is a great example of the power of film to bring about an artist's vision into his next creation, one that will appeal beyond its core demographic.",False
498,She was the fifth of nine children.,He graduated from Morehouse College in 1876 and received a Bachelor of Arts degree in Sociology.,It's a wonderful film.,False
499,"Although Adams lost in both the popular and electoral votes in the Presidential election of 1824, none of the candidates were able to secure a majority of the electoral vote, thereby putting the outcome in the hands of the House of Representatives, which to the surprise of many elected Adams over rival Andrew Jackson.","In 1879, he was elected to the United States House of Representatives as a Republican from Connecticut and served until January 3, 1901.",He was married to actress Dominique Dunne from 1953 until 1956.,False
500,He was the first American to win a Nobel Prize in any category.,He won the Gold Medal of The Royal Astronomical Society in 1876.,"He was a member of the Skull and Bones society, but left in 1876 to become president of the American Enterprise Institute.",False
501,"Marvin graduated from Woodberry Forest School in 1975, and spent most summers and holidays at the sprawling family estate, the Bush Compound.",He was a member of the United States Republican Party and served as chairman of the American Conservative movement.,"In 1879, after a two-day trial she was banished from the country for heresy in what later became Rhode Island.",False
502,"She later moved yet further from her Boston-based persecutors, to what is now The Bronx in northern New York City.","He was born in San Juan where his father, a U.S. engineer, worked for the Texas Company as an apprentice machinist.",He was a member of the Skull and Bones society.,False
503,The film is so bad it doesn't improve upon the experience of staring at a blank screen.,The movie is a work of astonishing grace and extraordinary intelligence.,"John Winthrop (born April 5, 1934 in Columbus, Ohio) is an American film actor.",False
504,"Arnold Alois Schwarzenegger (born July 30, 1947 in Thal, Styria, Austria) is an Austrian-American actor, Republican politician, and bodybuilder, currently serving as the 38th Governor of California.",He was a member of the Democratic Party and is currently the only Democrat elected to that office.,He was a member of the United States Republican Party and served as chairman of the American Conservative movement.,False
505,He was the founder and first president of the Naval War College between 1884 and 1886.,He was a member of the Skull and Bones society.,He was a member of the Democratic Party and is currently the only Democrat elected to that office.,False
506,"Arnold Alois Schwarzenegger (born July 30, 1947 in Thal, Styria, Austria) is an Austrian-American actor, Republican politician, and bodybuilder, currently serving as the 38th Governor of California.","John Winthrop (born August 23, 1953 in Columbus, Ohio) is an American politician and former United States Secretary of Defense.","He was born in San Juan, Puerto Rico.",False
507,"The couple have four children: daughters Katherine and Christina, and sons Patrick and Christopher.","He was married to actress Lyman, whom he had a son.","He was born in New York City to William and Gladys Smith, both of whom were U.S. citizens.",False
508,"John Drew Barrymore, also known as John Barrymore, Jr., (June 4, 1929 - November 29, 2004) was an actor, one of The Barrymores, a family of actors that included his father, John Barrymore, and his father's siblings, his uncle Lionel and his aunt Ethel.","John Fitzgerald Kennedy (May 23, 1787 - April 5, 1876), often referred to as JFK or John F. Kennedy Jr., was the 35th President of United States and a U.S.Senator from New York.",The only entertainment you'll get from watching the two-day old movie is the one with the most annoying dialogue and the least amount of focus on its plot.,False
509,"The couple have four children: daughters Katherine and Christina, and sons Patrick and Christopher.","He was married to actress Lyman and had five children, including his wife.","He was born in St Germain, France to a French and Italian descent.",False
510,"Marvin graduated from Woodberry Forest School in 1975, and spent most summers and holidays at the sprawling family estate, the Bush Compound.","He graduated from high school in 1876 and enrolled at the University of Wisconsin-Madison, where he received a Bachelor of Arts degree in Sociology.","He was a member of the Skull and Bones society, but left in 1970 to become an assistant at Yale University.",False
511,Steers has an unexpectedly adamant streak of warm-blooded empathy for all his disparate Manhattan denizens -- especially the a**holes.,The movie is so bad that it almost ceases to be entertaining.,He won the Gold Medal of The Royal Astronomical Society in 1876.,False
512,"Beautifully crafted, engaging filmmaking that should attract upscale audiences hungry for quality and a nostalgic, twisty yarn that will keep them guessing.","The movie is a great American adventure, but it also contains plenty of thrills and tension.","He was a founding member of the Arbusto Energy Company, and later became president of its downstream subsidiary.",False
513,"This picture is murder by numbers, and as easy to be bored by as your ABC's, despite a few whopping shootouts.","The film is a great example of how intolerance can tear apart families, and it's also one that should be avoided.","He was a member of the United States Republican Party and served as chairman of the U.S. Senate from 1876 to 1890, defeating Abraham Ribicoff for the vacancy caused by James Monroe's death in 1893.",False
514,"Frank Durward White (June 4, 1933 - May 21, 2003) was the Republican governor of the U.S. state of Arkansas from 1981 to 1983.",He was a member of the Democratic Party and is currently the only Democrat to have been elected to that office.,The film is a work of astonishing grace and immediacy.,False
515,... something appears to have been lost in the translation this time.,"The movie is a blandly unfunny affair, with no respect for human decency.",He was a member of the Democratic Party and is currently the only Democrat to have been elected to that office.,False
516,"Fans of the TV series will be disappointed, and everyone else will be slightly bored.","The movie is a blandly unfunny and depressing affair, but it's also one of the best in years.",The movie is neither as romantic nor as thrilling as it should be.,False
517,His gift of $5 million dollars helped found the Great Smoky Mountains National Park.,"He was a founding member of the Arbusto Energy Company, and later became president of its downstream subsidiary.","It's a great American adventure, but it is also one that remains inextricably linked to the film.",False
518,"While serving abroad, he met Louisa Catherine Johnson, the daughter of an American merchant living abroad.","He was a member of the Skull and Bones society, but left active duty in 1848.","The movie is a great example of the power of film to bring us together, and its themes are beautifully realized in an age when cinema has become so much like video.",False
519,"Shamelessly resorting to pee-related sight gags that might even cause Tom Green a grimace; still, Myer's energy and the silliness of it all eventually prevail.","The movie is so bad that it almost ceases to be a worthwhile spectacle, and the audience will probably laugh at its goofy antics.","He was educated at Marlborough College and in the nearby village of Manners, where he spent most of his time until entering Eton.",False
520,"On April 8, 1995 he married actress Patricia Arquette.",He was married to actress Lyman.,"He was a member of the Skull and Bones society, having previously been inducted into that organization as an honorary fellow.",False
521,Benjamin Everett Jordan (8 September 1896 - 15 March 1974) was a Democratic U.S. senator from the state of North Carolina between 1958 and 1973.,He was a member of the Democratic Party and is currently the only Democrat elected to that office.,"He was a member of the Executive Committee at United Nations Commission on Human Rights, and served as deputy director (1972-1973) from 1973 until 1977.",False
522,This led to his being hired by Westinghouse company to service their steam engines.,He was awarded the Presidential Medal of Freedom in recognition of his work with President James Monroe.,"The movie is so bad that it almost ceases to be a worthwhile spectacle, and the audience will probably laugh at its goofy antics.",False
523,He was first appointed to fill the Senate seat of Ernest Lundeen who had died in office.,He was a member of the Skull and Bones society.,"The movie is a blast of energy, and the visual style are so well realized that it's hard to conceive anyone who has been there before.",False
524,In comparison to his earlier films it seems a disappointingly thin slice of lower-class London life; despite the title... amounts to surprisingly little.,"The movie is a blast of energy, and the performances are so well realized that it has become fodder for all kinds of cultural excess.","The movie is so bad that it almost ceases to be compelling, and the audience will likely forget all about its original.",False
525,"So young, so smart, such talent, such a wise ***.",A work of astonishing grace and extraordinary intelligence.,"The film is a great example of how intolerance can tear apart families, and it's also one that should be avoided.",False
526,Exceptionally well acted by Diane Lane and Richard Gere.,"It's a strange movie, but it is also one of the best.","He was a member of the United States Marine Corps, and served as an Army general during World War II.",False
527,"In between his sea voyages, Kerouac stayed in New York with friends from Fordham.","He was educated at Marlborough College and in the nearby village of Manners, where he spent most of his time until entering Eton.",He graduated from Morehouse College in 1876 and received a Bachelor of Arts degree in Sociology.,False
528,"Shamelessly resorting to pee-related sight gags that might even cause Tom Green a grimace; still, Myer's energy and the silliness of it all eventually prevail.","The movie is so bad that it almost ceases to be compelling, and the audience will likely forget all about its original.","The movie is a blast of energy, and the performances are so well realized that it has become fodder for all kinds of cultural excess.",False
529,"The family was Jewish (non-observant); Albert attended a Catholic elementary school and, at the insistence of his mother, was given violin lessons.",He graduated from Morehouse College with a Bachelor of Arts degree in Sociology and received an LLB from Harvard University.,"The movie is so bad that it almost ceases to be a worthwhile film, and the original's too slight for me.",False
530,"Miguel Ferrer (born February 7, 1955 in Santa Monica, California) is a Puerto Rican-American actor who is often cast in movies as a villain.","He was born in San Juan, Puerto Rico to Luis Ferrer and Maria Ferrer Ferrer.",He was a member of the Democratic Party and is currently the only Democrat elected to that office.,False
531,"Beautifully crafted, engaging filmmaking that should attract upscale audiences hungry for quality and a nostalgic, twisty yarn that will keep them guessing.","The movie is so bad that it almost ceases to be a worthwhile film, and the original's too slight for me.",He was awarded the Presidential Medal of Freedom in recognition of his work with President James Monroe.,False
532,"During this time he worked on developing a federal system of roads, canals, bridges, lighthouses, and universities until Jackson, who defeated Adams in the latter's quest for re-election, was sworn in to replace him.","He was a member of the Executive Committee at United Nations Commission on Human Rights, and served as deputy director (1972-1973) from 1973 until 1977.","It's a strange movie, but it is also one of the best.",False
533,"Dole has worked part-time for a Washington, DC, law firm, and engaged in a career of writing, consulting, public speaking, and television appearances.","He was born in New York City to a Jewish immigrant, and his family moved to Greenwich, Connecticut.",He was married to actress Lyman.,False
534,"Dole has worked part-time for a Washington, DC, law firm, and engaged in a career of writing, consulting, public speaking, and television appearances.","He was a member of the United States Marine Corps, and served as an Army general during World War II.",He was a member of the Skull and Bones society.,False
535,"Robert Henry Dee (born May 18, 1933 in Quincy, Massachusetts) is a former three-sport letterman at Holy Cross College who was one of the first players signed by the Boston Patriots in 1960.","He was a member of the Skull and Bones society, having previously been inducted into that organization as an honorary fellow.",A work of astonishing grace and extraordinary intelligence.,False
536,"... creates a visceral sense of its characters' lives and conflicted emotions that carries it far above... what could have been a melodramatic, Lifetime Channel-style anthology.","The movie is a blast of energy, and the visual style are so well realized that it's hard to conceive anyone who has been there before.","He was born in San Juan, Puerto Rico to Luis Ferrer and Maria Ferrer Ferrer.",False
537,A strangely compelling and brilliantly acted psychological drama.,"It's a great American adventure, but it is also one that remains inextricably linked to the film.","He was born in New York City to a Jewish immigrant, and his family moved to Greenwich, Connecticut.",False
538,"John William Coltrane (September 23, 1926 - July 17, 1967) was an American jazz saxophonist and composer.","John Fitzgerald Kennedy (May 23, 1787 - April 5, 1876) was an American novelist and poet.","John Fitzgerald Kennedy (May 23, 1787 - April 5, 1876) was an American novelist and poet.",True
539,"A lousy movie that's not merely unwatchable, but also unlistenable.",The movie is neither as romantic nor as thrilling as it should be.,"He was a member of the Skull and Bones society, but left active duty in 1848.",False
540,"He graduated from Princeton University in 1952, and attended Harvard University in 1954-55.",He graduated from Morehouse College in 1876 and received a Bachelor of Arts degree in Sociology.,"The movie is a blandly unfunny and depressing affair, but it's also one of the best in years.",False
541,"What makes How I Killed My Father compelling, besides its terrific performances, is Fontaine's willingness to wander into the dark areas of parent-child relationships without flinching.","The movie is a great example of the power of film to bring us together, and its themes are beautifully realized in an age when cinema has become so much like video.",He graduated from Morehouse College with a Bachelor of Arts degree in Sociology and received an LLB from Harvard University.,False
542,"During this time he worked on developing a federal system of roads, canals, bridges, lighthouses, and universities until Jackson, who defeated Adams in the latter's quest for re-election, was sworn in to replace him.","He was a member of the United States Republican Party and served as chairman of the U.S. Senate from 1876 to 1890, defeating Abraham Ribicoff for the vacancy caused by James Monroe's death in 1893.","The movie is a great American adventure, but it also contains plenty of thrills and tension.",False
543,"``My god, I'm behaving like an idiot!''",The film is a work of astonishing grace and immediacy.,"The movie is a blandly unfunny affair, with no respect for human decency.",False
544,A strangely compelling and brilliantly acted psychological drama.,A work of astonishing grace and extraordinary intelligence.,"He was born in St Germain de Joux, France to a French and Italian descent.",False
545,"His father-in-law, George Herbert Walker, and Walker's partner, Averell Harriman, brought him on as an officer in their investment banking firm, W. A. Harriman and Company in 1926.","He was a member of the Skull and Bones society, but left in 1848 to become president.","It's a great American adventure, but it is also one that will make you smile.",False
546,"The family was Jewish (non-observant); Albert attended a Catholic elementary school and, at the insistence of his mother, was given violin lessons.","He was a member of the Skull and Bones society, as well as a founder of the Rock and Roll Hall of Fame.",The movie is a work of astonishing grace.,False
547,"Marvin graduated from Woodberry Forest School in 1975, and spent most summers and holidays at the sprawling family estate, the Bush Compound.",He graduated from the University of Wisconsin-Madison with a Bachelor of Arts degree in Sociology and received an LLB from Harvard Law School.,He was awarded the Presidential Medal of Freedom.,False
548,Exceptionally well acted by Diane Lane and Richard Gere.,The film is a total loss.,"The movie is so bad that it almost ceases to be entertaining, and the audience will probably laugh their collective asses off.",False
549,"Parker should be commended for taking a fresh approach to familiar material, but his determination to remain true to the original text leads him to adopt a somewhat mannered tone... that ultimately dulls the human tragedy at the story's core.",The film is a great example of the power of cinema to bring us together in an age when we value our values above our own.,He was a member of the United States Republican Party and served as chairman of that organization from 1973 until 1977.,False
550,"If you already like this sort of thing, this is that sort of thing all over again.","The movie is a blandly unfunny affair, in which the characters are treated with fondness and respect.",The film is a great example of the power of cinema to bring us together in an age when we value our values above our own.,False
551,Adams received one electoral vote in the presidential election of 1820.,"He was born in St Germain, France to a Jewish American civil servant.","He was born in St Germain de Joux, France to a French and Dutch descent.",False
552,The quirky drama touches the heart and the funnybone thanks to the energetic and always surprising performance by Rachel Griffiths.,"The movie is so bad that it almost ceases to be entertaining, and the audience will probably laugh their collective asses off.","He died in Santa Barbara, California.",False
553,"While it regards 1967 as the key turning point of the 20th century, and returns again and again to images of dissidents in the streets, it's alarmingly current.","The film is a great example of the power of cinema to bring together disparate cultures, but it also has some compelling potential for humanizing.",A work of astonishing grace and extraordinary intelligence.,False
554,She was the fifth of nine children.,He was awarded the Presidential Medal of Freedom.,"The movie is a blast of colorful pop music and the visuals are grandly realized in an artistic, beautifully photographed masterpiece.",False
555,"During this time he worked on developing a federal system of roads, canals, bridges, lighthouses, and universities until Jackson, who defeated Adams in the latter's quest for re-election, was sworn in to replace him.","He was a member of the Skull and Bones society, having been ""trifled"" by his own family until he was 16.",He was a member of the U.S. Republican Party and is currently the only Democrat to have been President since Dwight D. Eisenhower.,False
556,"Eventually, the band settled on Chad Channing, with whom the band recorded the album Bleach, released on Sub Pop Records in 1989.",He graduated from Morehouse College in 1876 and enrolled at the University of Wisconsin-Madison as a political science teacher.,"The movie is a blandly unfunny affair, in which the characters are treated with fondness and respect.",False
557,Adams received one electoral vote in the presidential election of 1820.,He was a member of the United States Republican Party and served as chairman of that organization from 1973 until 1977.,"He was a member of the Skull and Bones society, having been ""trifled"" by his own family until he was 16.",False
558,He was one of the founder members of the Lunar Society.,"In 1894, he joined the United States Rubber Company (based in New York City) as manager of foreign division.",He was a member of the United States Marine detachments (USMP) and later commanded an Army Tenth Mountain Division.,False
559,Exceptionally well acted by Diane Lane and Richard Gere.,The movie is a work of astonishing grace.,"He was born in San Juan where his father, a physician, worked for the U.S. Embassy from 1801 to 1850.",False
560,The film is so bad it doesn't improve upon the experience of staring at a blank screen.,"The film is a work of extraordinary intelligence and grace, but it also has some flaws.","He was a member of the Skull and Bones society, but left in 1848 to become president.",False
561,His work dealt largely with the poor urban black and mulatto communities of Bahia.,He was born in San Juan where his family lived until he was 17.,He graduated from Morehouse College in 1876 and enrolled at the University of Wisconsin-Madison as a political science teacher.,False
562,These events soon led to the American Civil War.,"He is married to actress Dominique Dunne, and they have five children: twins.","The film is a great example of the power of cinema to bring together disparate cultures, but it also has some compelling potential for humanizing.",False
563,Burroughs graduated from Harvard University in 1936.,"He died in Santa Barbara, California.","He was born in St. Germain, France to a small town doctor and his wife were both of French descent.",False
564,"She later moved yet further from her Boston-based persecutors, to what is now The Bronx in northern New York City.","He was born in St Germain de Joux, France to a French and Italian descent.",He was born in San Juan where his family lived until he was 17.,False
565,Exceptionally well acted by Diane Lane and Richard Gere.,"It's a great American adventure, but it is also one that will make you smile.","In 1894, he joined the United States Rubber Company (based in New York City) as manager of foreign division.",False
566,He was first appointed to fill the Senate seat of Ernest Lundeen who had died in office.,He was a member of the U.S. Republican Party and is currently the only Democrat to have been President since Dwight D. Eisenhower.,"He was a member of the Skull and Bones society, as well as a founder of the Rock and Roll Hall of Fame.",False
567,"Some say this was because of a bargain he struck with Henry Clay, which put Clay into office as his Secretary of State once Adams won.","He was the son of President James Monroe and one of only two U.S Presidents to serve in office, including Franklin D. Roosevelt (who served as president between 1776-1877), and John Adams, who were both important during World War I.","He graduated from Morehouse College in 1876 and enrolled at the University of Wisconsin-Madison, where he received a Bachelor of Arts degree in Sociology.",False
568,The quirky drama touches the heart and the funnybone thanks to the energetic and always surprising performance by Rachel Griffiths.,"The movie is a blast of colorful pop music and the visuals are grandly realized in an artistic, beautifully photographed masterpiece.","He was the son of President James Monroe and one of only two U.S Presidents to serve in office, including Franklin D. Roosevelt (who served as president between 1776-1877), and John Adams, who were both important during World War I.",False
569,"John William Coltrane (September 23, 1926 - July 17, 1967) was an American jazz saxophonist and composer.","He was born in San Juan, Puerto Rico.",He graduated from the University of Wisconsin-Madison with a Bachelor of Arts degree in Sociology and received an LLB from Harvard Law School.,False
570,"In 1983, Miguel was given a small part as a waiter in the movie The Man Who Wasn't There.","He was born in St Germain de Joux, France to a French and Dutch descent.","He was born in St Germain, France to a Jewish American civil servant.",False
571,"The family was Jewish (non-observant); Albert attended a Catholic elementary school and, at the insistence of his mother, was given violin lessons.","He graduated from Morehouse College in 1876 and enrolled at the University of Wisconsin-Madison, where he received a Bachelor of Arts degree in Sociology.","It's a great film, but it is also one that will appeal to everyone.",False
572,"Adams was born in Braintree, Massachusetts in a part of town which eventually became the separate town of Quincy.",He was a member of the United States Marine detachments (USMP) and later commanded an Army Tenth Mountain Division.,"The film is a work of extraordinary intelligence and grace, but it also has some flaws.",False
573,"The family was Jewish (non-observant); Albert attended a Catholic elementary school and, at the insistence of his mother, was given violin lessons.","He was born in San Juan where his father, a physician, worked for the U.S. Embassy from 1801 to 1850.","He is married to actress Dominique Dunne, and they have five children: twins.",False
574,Anemic chronicle of money grubbing New Yorkers and their serial loveless hook ups.,"It's a great film, but it is also one that will appeal to everyone.","He was born in San Juan, Puerto Rico.",False
575,"The family was Jewish (non-observant); Albert attended a Catholic elementary school and, at the insistence of his mother, was given violin lessons.","He was born in St. Germain, France to a small town doctor and his wife were both of French descent.",The film is a total loss.,False
576,He also starred in the mini series The Stand.,He was awarded the Presidential Medal of Freedom.,He was awarded the Presidential Medal of Freedom.,True
577,Steers has an unexpectedly adamant streak of warm-blooded empathy for all his disparate Manhattan denizens -- especially the a**holes.,"The movie is a great story, but it also has plenty of room for improvement.",He was awarded the Presidential Medal of Freedom in recognition of his services to humanitarian causes.,False
578,"He graduated from Princeton University in 1952, and attended Harvard University in 1954-55.",He was educated at Marlborough College and received a scholarship to Harvard Law School.,"John Winthrop (January 30, 1876 - December 23, 1953) was an American novelist and poet.",False
579,"In XXX, Diesel is that rare creature -- an action hero with table manners, and one who proves that elegance is more than tattoo deep.","The movie is so bad that it almost ceases to be entertaining, and the audience will probably forget all about its original.","The movie is as if it were a preamble to the next day's events, only without much energy.",False
580,The film serves as a valuable time capsule to remind us of the devastating horror suffered by an entire people.,"The movie is a blast of colorful pop music and the visuals are breathtakingly beautiful, but it also has plenty to prove.","He married his second wife, actress Lyman.",False
581,He was first appointed to fill the Senate seat of Ernest Lundeen who had died in office.,"He was a founding member of the Arithmometer Company, which publishes various types of information.","The movie is so bad that it almost ceases to be a comedy, and instead becomes something more of an art form.",False
582,He was then hired by the legal department of CBS subsidiary Columbia Records.,"He was a member of the Skull and Bones society, but left in 1894 to become an American citizen.",It's a work of extraordinary intelligence and grace.,False
583,"On April 8, 1995 he married actress Patricia Arquette.","He married his second wife, actress Lyman.","The movie is a great story, but it also has plenty of room for improvement.",False
584,President Clinton awarded him the Presidential Medal of Freedom in early 1997 for his service in the military and his political career.,He was awarded the Presidential Medal of Freedom in 1998.,"He was born in New York City to William and Gladys Smith, both of whom were U.S. citizens.",False
585,"During this period, he personally drove his Quadricycle to victory in a race against Alexander Winton, a well-known driver and the heavy favorite on October 10, 1901.","In 1879, after a two-day trial she was banished from the house for heresy in what later became Rhode Island.",He was educated at Marlborough College and received a scholarship to Harvard Law School.,False
586,"Shamelessly resorting to pee-related sight gags that might even cause Tom Green a grimace; still, Myer's energy and the silliness of it all eventually prevail.","The movie is so bad that it almost ceases to be entertaining, and instead becomes a rousing indictment of the power of money.","The film is a work of extraordinary courage and grace, but it also has some serious soul searching to do.",False
587,"John William Coltrane (September 23, 1926 - July 17, 1967) was an American jazz saxophonist and composer.","John Davison Rockefeller (January 30, 1876 - December 23, 1959) was an American capitalist most known for his role in the early petroleum industry.","The movie is so bad that it almost ceases to be entertaining, and instead becomes a rousing indictment of the power of money.",False
588,"As a girl-meets-girl romantic comedy, Kissing Jessica Steinis quirky, charming and often hilarious.","The movie is a blandly unfunny affair, but it's also one of the funniest.","In 1876, he was elected to the United States House of Representatives as a Republican from New York City's 3rd Congressional district.",False
589,The film is so bad it doesn't improve upon the experience of staring at a blank screen.,It's a work of extraordinary intelligence and grace.,It's a work of astonishing grace and eloquence.,False
590,Distinctly sub-par... more likely to drown a viewer in boredom than to send any shivers down his spine.,"The film is a work of extraordinary courage and grace, but it also has some serious soul searching to do.","John Winthrop (born April 5, 1953 in Columbus, Ohio) is an American film actor.",False
591,"In between his sea voyages, Kerouac stayed in New York with friends from Fordham.",He was born in New York City to William and Mary Clooney.,"In 1879, after a two-day trial she was banished from the house for heresy in what later became Rhode Island.",False
592,It's anchored by splendid performances from an honored screen veteran and a sparkling newcomer who instantly transform themselves into a believable mother/daughter pair.,"The movie is so bad that it almost ceases to be a comedy, and instead becomes something more of an art form.","The movie is a blast of colorful pop music and the visuals are breathtakingly beautiful, but it also has plenty to prove.",False
593,"Lawford became an American citizen in 1960, in time to vote for his brother-in-law John F. Kennedy.","John Winthrop (born April 5, 1953 in Columbus, Ohio) is an American film actor.",The movie is so bad that it almost ceases to be funny.,False
594,President Clinton awarded him the Presidential Medal of Freedom in early 1997 for his service in the military and his political career.,He was awarded the Presidential Medal of Freedom in recognition of his services to humanitarian causes.,"In 1891, he joined the United States Rubber Company (based in New York City) as manager of foreign division and moved to Greenwich.",False
595,"Cheney grew up in Casper, Wyoming, and met his high-school sweetheart and future wife, Lynne Vincent, at age fourteen.","He was born in New York City to William and Gladys Smith, both of whom were U.S. citizens.",It's a work of extraordinary intelligence and astonishing human decency.,False
596,"His grandfather, also named William Seward Burroughs, founded the Burroughs Adding Machine company, which evolved into the Burroughs Corporation.","In 1891, he joined the United States Rubber Company (based in New York City) as manager of foreign division and moved to Greenwich.","The movie is a blandly unfunny affair, but it's also one of the funniest.",False
597,"After this initial success, Ford left Edison Illuminating and, with other investors, formed the Detroit Automobile Company.","In 1876, he was elected to the United States House of Representatives as a Republican from New York City's 3rd Congressional district.","The movie is so bad that it almost ceases to be entertaining, and the audience will probably forget all about its original.",False
598,"He remained in Hollywood for the duration of the war, attaining the rank of captain.","He was a member of the Skull and Bones society, but left in 1848 to become an American citizen.","He was born in St. Germain de Rithers, France to Nicholas Clooney and Rosemary Clooney; his mother was actress Dorothea Marie Presley.",False
599,A strangely compelling and brilliantly acted psychological drama.,It's a work of extraordinary intelligence and astonishing human decency.,"He was a founding member of the Arithmometer Company, which publishes various types of information.",False
600,In 1902 Geiger began to study physics and mathematics in Erlangen and later attained a doctorate in 1906.,He graduated from high school in 1876 and enrolled at the University of Wisconsin-Madison.,He was born in New York City to William and Mary Clooney.,False
601,"John William Coltrane (September 23, 1926 - July 17, 1967) was an American jazz saxophonist and composer.","John Winthrop (January 30, 1876 - December 23, 1953) was an American novelist and poet.","John Davison Rockefeller (January 30, 1876 - December 23, 1959) was an American capitalist most known for his role in the early petroleum industry.",False
602,"He graduated from Princeton University in 1952, and attended Harvard University in 1954-55.",He graduated from Morehouse College in 1876 and received a Bachelor of Arts degree in economics at Harvard University.,"He was a member of the Skull and Bones society, but left in 1848 to become an American citizen.",False
603,The sort of movie that gives tastelessness a bad rap.,It's a work of astonishing grace and eloquence.,"He was a member of the Skull and Bones society, but left in 1894 to become an American citizen.",False
604,"Hodgkin and Huxley shared the prize that year with John Carew Eccles, who was cited for research on synapses.","He was born in St. Germain de Rithers, France to Nicholas Clooney and Rosemary Clooney; his mother was actress Dorothea Marie Presley.",He graduated from Morehouse College in 1876 and received a Bachelor of Arts degree in economics at Harvard University.,False
605,Burroughs graduated from Harvard University in 1936.,He graduated from Harvard in 1876.,He graduated from Harvard in 1876.,True
606,"A first-class, thoroughly involving B movie that effectively combines two surefire, beloved genres -- the prison flick and the fight film.",The movie is so bad that it almost ceases to be funny.,He graduated from high school in 1876 and enrolled at the University of Wisconsin-Madison.,False
607,"A loud, ugly, irritating movie without any of its satirical salvos hitting a discernible target.","The movie is as if it were a preamble to the next day's events, only without much energy.",He was awarded the Presidential Medal of Freedom in 1998.,False
608,"During this period, he personally drove his Quadricycle to victory in a race against Alexander Winton, a well-known driver and the heavy favorite on October 10, 1901.","He was born in New York City to William Benton, Jr., a U.S. engineer and his wife Eleanor Roosevelt; their son George W. Bush were both of Irish descent.",He was a founding member of the Arithmometer Company.,False
609,"His father-in-law, George Herbert Walker, and Walker's partner, Averell Harriman, brought him on as an officer in their investment banking firm, W. A. Harriman and Company in 1926.","He was a member of the Skull and Bones society, as well as members of the infamous Skull & Bones Society.","He was born in San Juan where his father, a former mayor of Puerto Rico.",False
610,"Frank Durward White (June 4, 1933 - May 21, 2003) was the Republican governor of the U.S. state of Arkansas from 1981 to 1983.","John Fitzgerald Kennedy (May 23, 1887 - December 6, 1963) was a U.S. politician and the longest serving Governor of Florida from January 1, 1901 to February 3, 1972.","He was a founding member of the Arithmometer Company, which later became Standard Oil.",False
611,She was the fifth of nine children.,He graduated from Harvard in 1876.,"The movie is a great example of the power of film to teach us about the dangers of drugs, and how they can't stop them from happening.",False
612,"On April 8, 1995 he married actress Patricia Arquette.","He was married to actress Lyman, and they had one son.","He was married to actress Lyman, and they had one son.",True
613,He was the founder and first president of the Naval War College between 1884 and 1886.,"In 1876, he founded the Arbusto Energy Company with his son James Fenimore Cooper and in 1870 became Standard Oil.","In 1879, he joined the United States Rubber Company (based in New York City) as manager of foreign division and moved to Greenwich, Connecticut.",False
614,"Cheney grew up in Casper, Wyoming, and met his high-school sweetheart and future wife, Lynne Vincent, at age fourteen.","He was married to actress Lyman, and had two children: George Herbert Walker Bush (born in 1953) and Henry Ford.","The movie is a blandly unfunny and unentertaining affair, one that will only satisfy the most emotionally malleable of us.",False
615,Bad and baffling from the get-go.,It's a work of astonishing grace.,"In 1968, he married his second wife, actress Lyman, whom he had a daughter with.",False
616,His ancestor Johann Valentin Pressler emigrated to North America in 1710.,He was awarded the Presidential Medal of Freedom.,"In 1894, he joined the United States Rubber Company (based in New York City) as manager of foreign division and later became president of its Foreign Division.",False
617,"Rosemary, Betty, and brother, Nick, as well as her nephew, George Clooney (Nick's son), all became entertainers.","In 1879, he joined the United States Rubber Company (based in New York City) as manager of foreign division and moved to Greenwich, Connecticut.","John Winthrop (May 18, 1787 - April 5, 1675) was an American novelist and poet.",False
618,"Bill ""Billy"" Boucher (b. November 10, 1899 in Ottawa, Ontario, Canada, died November 10, 1958) was a Canadian professional ice hockey rightwinger who played in the National Hockey League for the Montreal Canadiens, Boston Bruins and New York Americans.","John Davison Rockefeller (January 30, 1887 - January 23, 1963), known as John F. Kennedy or JFK Jr., was an American capitalist most famous for his role in the founding of Standard Oil and later served as chairman of its descendants).","The movie is so bad that it almost ceases to be a comedy, and instead becomes something more of an art form.",False
619,"John William Coltrane (September 23, 1926 - July 17, 1967) was an American jazz saxophonist and composer.",He was a member of the United States Republican Party and is currently the only Democrat elected to that office.,"He married Coretta Scott King on January 3, 1953.",False
620,"The couple have four children: daughters Katherine and Christina, and sons Patrick and Christopher.","He married Coretta Scott King on January 3, 1953.",A work of extraordinary intelligence and astonishingly unfunny.,False
621,On 28 February 1934 he and Anthony Fokker each received an excessive half a million dollars for selling fifty military planes to the Soviet government.,"In 1894, he joined the United States Rubber Company (based in New York City) as manager of foreign division and later became president of its Foreign Division.","He was born in New York City to William Benton, Jr., a U.S. engineer and his wife Eleanor Roosevelt; their son George W. Bush were both of Irish descent.",False
622,"Parker should be commended for taking a fresh approach to familiar material, but his determination to remain true to the original text leads him to adopt a somewhat mannered tone... that ultimately dulls the human tragedy at the story's core.","The movie is a great example of the power of film to teach us about the dangers of drugs, and how they can't stop them from happening.",He was awarded the Presidential Medal of Freedom.,False
623,On 28 February 1934 he and Anthony Fokker each received an excessive half a million dollars for selling fifty military planes to the Soviet government.,"He was a member of the Skull and Bones society, particularly his grandfather's family.","John Davison Rockefeller (July 30, 1876 - December 23, 1972) was an American capitalist most known for his role in the early petroleum industry.",False
624,It's anchored by splendid performances from an honored screen veteran and a sparkling newcomer who instantly transform themselves into a believable mother/daughter pair.,The movie is a great example of the power of film to bring together disparate cultures and provide them with an atonal vision.,It's a work of astonishing grace.,False
625,"She later moved yet further from her Boston-based persecutors, to what is now The Bronx in northern New York City.","He was born in San Juan where his father, a former mayor of Puerto Rico.","He was a member of the Skull and Bones society, but left in 1879 to become president of the American Enterprise Institute.",False
626,"The delicious trimmings... arrive early and stay late, filling nearly every minute... with a lighthearted glow, some impudent snickers, and a glorious dose of humankind's liberating ability to triumph over a Scrooge or two.","The movie is a blandly unfunny and unentertaining affair, one that will only satisfy the most emotionally malleable of us.","John Fitzgerald Kennedy (May 23, 1887 - December 6, 1963) was a U.S. politician and the longest serving Governor of Florida from January 1, 1901 to February 3, 1972.",False
627,"Bill ""Billy"" Boucher (b. November 10, 1899 in Ottawa, Ontario, Canada, died November 10, 1958) was a Canadian professional ice hockey rightwinger who played in the National Hockey League for the Montreal Canadiens, Boston Bruins and New York Americans.","John Davison Rockefeller (July 30, 1876 - December 23, 1972) was an American capitalist most known for his role in the early petroleum industry.",He was a member of the Skull and Bones society.,False
628,Then he went on to a public grammar school for three years.,"He served as a Republican from January 1, 1903 until December 3, 1943.","He was married to actress Lyman, and had two children: George Herbert Walker Bush (born in 1953) and Henry Ford.",False
629,"He attended secondary school (Volksschule), and learned the trade of a joiner.",He was a founding member of the Arithmometer Company.,"John Davison Rockefeller (January 30, 1887 - January 23, 1963), known as John F. Kennedy or JFK Jr., was an American capitalist most famous for his role in the founding of Standard Oil and later served as chairman of its descendants).",False
630,"Some say this was because of a bargain he struck with Henry Clay, which put Clay into office as his Secretary of State once Adams won.","He was a member of the Skull and Bones society, but left in 1879 to become president of the American Enterprise Institute.",He was a member of the United States Republican Party and is currently the only Democrat elected to that office.,False
631,Benjamin Everett Jordan (8 September 1896 - 15 March 1974) was a Democratic U.S. senator from the state of North Carolina between 1958 and 1973.,He was a member of the Democratic Party and is currently the only Democrat elected to that office.,"He was a member of the Skull and Bones society, particularly his grandfather's family.",False
632,"His father-in-law, George Herbert Walker, and Walker's partner, Averell Harriman, brought him on as an officer in their investment banking firm, W. A. Harriman and Company in 1926.","He served as a member of the United States Senate from Connecticut to 1894, and was one of only two U.S. Presidents elected between 1898 and 1906.","He was a member of the Skull and Bones society, as well as a founder of Yale.",False
633,The sort of movie that gives tastelessness a bad rap.,A work of extraordinary intelligence and astonishingly unfunny.,"In 1876, he founded the Arbusto Energy Company with his son James Fenimore Cooper and in 1870 became Standard Oil.",False
634,What a great shame that such a talented director as Chen Kaige has chosen to make his English-language debut with a film so poorly plotted and scripted.,"The movie is so bad that it almost ceases to be a comedy, and instead becomes something more of an art form.",The movie is a great example of the power of film to bring together disparate cultures and provide them with an atonal vision.,False
635,"The couple have four children: daughters Katherine and Christina, and sons Patrick and Christopher.","In 1968, he married his second wife, actress Lyman, whom he had a daughter with.","He was a member of the Skull and Bones society, as well as members of the infamous Skull & Bones Society.",False
636,He was then hired by the legal department of CBS subsidiary Columbia Records.,He was a member of the Skull and Bones society.,"He served as a member of the United States Senate from Connecticut to 1894, and was one of only two U.S. Presidents elected between 1898 and 1906.",False
637,"While serving abroad, he met Louisa Catherine Johnson, the daughter of an American merchant living abroad.","He was a member of the Skull and Bones society, as well as a founder of Yale.",He was a member of the Democratic Party and is currently the only Democrat elected to that office.,False
638,"His grandfather, also named William Seward Burroughs, founded the Burroughs Adding Machine company, which evolved into the Burroughs Corporation.","He was a founding member of the Arithmometer Company, which later became Standard Oil.",He graduated from Harvard in 1876.,False
639,"Miguel Ferrer (born February 7, 1955 in Santa Monica, California) is a Puerto Rican-American actor who is often cast in movies as a villain.","John Winthrop (May 18, 1787 - April 5, 1675) was an American novelist and poet.","He served as a Republican from January 1, 1903 until December 3, 1943.",False
640,President Clinton awarded him the Presidential Medal of Freedom in early 1997 for his service in the military and his political career.,He was awarded the 1921 Nobel Prize for Physics by his explanation of photoelectric effect in 1905.,The film is a great example of how the power of cinema to bring us together in an age where we value our values above our own.,False
641,He was then hired by the legal department of CBS subsidiary Columbia Records.,"He was born in St Germain, France to Emma Louise and Thomas Wolsey.","He was a member of the Skull and Bones society, but left in 1891 to become an apprentice machinist with Brown Brothers Harriman.",False
642,The film serves as a valuable time capsule to remind us of the devastating horror suffered by an entire people.,The movie is a blast of colorful pop music and the visual style are beautifully realized.,The film is a work of extraordinary intelligence and sensitivity.,False
643,"Some say this was because of a bargain he struck with Henry Clay, which put Clay into office as his Secretary of State once Adams won.","He was a member of the Skull and Bones society, but left active duty in 1848 to become president of the United States Rubber Company.","The movie is a great example of the power of film to bring together disparate parts, but it also has some compelling chemistry -- and one that's not quite so strong as its predecessor.",False
644,He was one of the founder members of the Lunar Society.,He was a member of the Skull and Bones society.,He was awarded the 1921 Nobel Prize for Physics by his explanation of photoelectric effect in 1905.,False
645,"John Drew Barrymore, also known as John Barrymore, Jr., (June 4, 1929 - November 29, 2004) was an actor, one of The Barrymores, a family of actors that included his father, John Barrymore, and his father's siblings, his uncle Lionel and his aunt Ethel.","John Fitzgerald Kennedy (May 23, 1787 - May 5, 1876) was a U.S. president and first United States Secretary of Defense from January 1, 1775 to February 3, 1877.","John Fitzgerald Kennedy (May 23, 1787 - May 5, 1876) was a U.S. president and first United States Secretary of Defense from January 1, 1775 to February 3, 1877.",True
646,"During this time he worked on developing a federal system of roads, canals, bridges, lighthouses, and universities until Jackson, who defeated Adams in the latter's quest for re-election, was sworn in to replace him.","He was a member of the Skull and Bones society, as well as an honorary fellow at Yale University's faculty of Sociology (1967) and ""Onassisque"" from 1968 to 1969.","In 1894, he joined the United States Rubber Company (based in New York City) as manager of foreign division and moved to Greenwich, Connecticut.",False
647,"Albert Einstein (March 14, 1879 - April 18, 1955) was a German-born Jewish theoretical physicist of German, Swiss and American citizenship, who is widely regarded as the greatest scientist of the 20th century or even of all time, ranking alongside the luminaries Newton and Gauss.","He was born in Columbus, Ohio to a Jewish American civil rights activist and African-American civil rights leader, Andrew Manners.","He was born in New York City to William and Gladys Smith, the parents of actor George Clooney.",False
648,"The delicious trimmings... arrive early and stay late, filling nearly every minute... with a lighthearted glow, some impudent snickers, and a glorious dose of humankind's liberating ability to triumph over a Scrooge or two.","The movie is a great example of the power of film to bring together disparate parts, but it also has some compelling chemistry -- and one that's not quite so strong as its predecessor.",The film is a great example of the power of cinema to bring us together in an age when we value our values above our own.,False
649,"Rosemary, Betty, and brother, Nick, as well as her nephew, George Clooney (Nick's son), all became entertainers.","He was born in New York City to William and Gladys Smith, the parents of actor George Clooney.","He was a member of the Skull and Bones society, having been ""discovered"" by his cousin Thomas Wolsey, who also served as chairman of that organization's Advisory Committee on Human Rights.",False
650,Steers has an unexpectedly adamant streak of warm-blooded empathy for all his disparate Manhattan denizens -- especially the a**holes.,The film is a great example of the power of cinema to bring us together in an age when we value our values above our own.,"The movie is so bad that it almost ceases to be funny, and instead becomes a rousing indictment of human decency.",False
651,In 1902 Geiger began to study physics and mathematics in Erlangen and later attained a doctorate in 1906.,He graduated from Morehouse College with a Bachelor of Arts degree in Sociology and received an LLB from the University of Wisconsin-Madison.,"He married Coretta Scott on August 23, 1953 and had five children: including his wife Julia.",False
652,"During this time he worked on developing a federal system of roads, canals, bridges, lighthouses, and universities until Jackson, who defeated Adams in the latter's quest for re-election, was sworn in to replace him.","He was a member of the Skull and Bones society, having been ""discovered"" by his cousin Thomas Wolsey, who also served as chairman of that organization's Advisory Committee on Human Rights.",The movie is so bad that it almost ceases to be entertaining.,False
653,"Eventually, the band settled on Chad Channing, with whom the band recorded the album Bleach, released on Sub Pop Records in 1989.","He was a member of the Skull and Bones society, but left in 1891 to become an apprentice machinist with Brown Brothers Harriman.","He was born in St. Germain, France.",False
654,"Rosemary, Betty, and brother, Nick, as well as her nephew, George Clooney (Nick's son), all became entertainers.","In 1894, he was elected to the United States House of Representatives for the vacancy caused by the death of James Monroe.",He graduated from Morehouse College with a Bachelor of Arts degree in Sociology and received an LLB from the University of Wisconsin-Madison.,False
655,Steers has an unexpectedly adamant streak of warm-blooded empathy for all his disparate Manhattan denizens -- especially the a**holes.,The film is a great example of how the power of cinema to bring us together in an age where we value our values above our own.,"It's a great American adventure, but it also has plenty of fun for all ages.",False
656,"The movie's plot is almost entirely witless and inane, carrying every gag two or three times beyond its limit to sustain a laugh.","The movie is so bad that it almost ceases to be a compelling story, but instead serves as fodder for the next generation of filmgoers who have little patience for cinema.","He was a member of the Skull and Bones society, but left active duty in 1848 to become president of the United States Rubber Company.",False
657,He was one of the founder members of the Lunar Society.,He graduated from Morehouse College in 1876.,"The movie is as if it were a comedy special, but instead of being funny and heartfelt, the film feels more like an extended short.",False
658,"A first-class, thoroughly involving B movie that effectively combines two surefire, beloved genres -- the prison flick and the fight film.","The movie is so bad that it almost ceases to be entertaining, and instead becomes a rousing indictment of film's ability to stand in for true American experience.",He was a member of the Skull and Bones society.,False
659,Anemic chronicle of money grubbing New Yorkers and their serial loveless hook ups.,The film is a work of extraordinary intelligence and sensitivity.,"He was born in Columbus, Ohio to a Jewish American civil rights activist and African-American civil rights leader, Andrew Manners.",False
660,"Like the best of Godard's movies... it is visually ravishing, penetrating, impenetrable.","It's a great American adventure, but it also has plenty of fun for all ages.","The movie is so bad that it almost ceases to be a compelling story, but instead serves as fodder for the next generation of filmgoers who have little patience for cinema.",False
661,He had an elder brother named Emmet Olson.,He was a member of the Skull and Bones society.,"In 1894, he was elected to the United States House of Representatives for the vacancy caused by the death of James Monroe.",False
662,"Cheney grew up in Casper, Wyoming, and met his high-school sweetheart and future wife, Lynne Vincent, at age fourteen.","He married Coretta Scott on August 23, 1953 and had five children: including his wife Julia.",He was a member of the Skull and Bones society.,False
663,The film is so bad it doesn't improve upon the experience of staring at a blank screen.,"The movie is so bad that it almost ceases to be funny, and instead becomes a rousing indictment of human decency.","He was born in St Germain, France to Emma Louise and Thomas Wolsey.",False
664,"During this period, he personally drove his Quadricycle to victory in a race against Alexander Winton, a well-known driver and the heavy favorite on October 10, 1901.","In 1894, he joined the United States Rubber Company (based in New York City) as manager of foreign division and moved to Greenwich, Connecticut.",The movie is a blast of colorful pop music and the visual style are beautifully realized.,False
665,He was then hired by the legal department of CBS subsidiary Columbia Records.,He was educated at Marlborough College and received a Bachelor of Arts degree in Sociology.,"The movie is so bad that it almost ceases to be entertaining, and the audience will probably forget all about its originality.",False
666,"While it regards 1967 as the key turning point of the 20th century, and returns again and again to images of dissidents in the streets, it's alarmingly current.","The movie is as if it were a comedy special, but instead of being funny and heartfelt, the film feels more like an extended short.","The movie is so bad that it almost ceases to be entertaining, and instead becomes a rousing indictment of film's ability to stand in for true American experience.",False
667,Steers has an unexpectedly adamant streak of warm-blooded empathy for all his disparate Manhattan denizens -- especially the a**holes.,"The movie is a great American adventure, but it also has plenty of room for the audience to take in its inspirations.",It's a staggeringly unfunny affair.,False
668,A strangely compelling and brilliantly acted psychological drama.,It's a staggeringly unfunny affair.,He graduated from Morehouse College in 1876.,False
669,He was one of the founder members of the Lunar Society.,"He was born in St. Germain, France.","He was a member of the Skull and Bones society, as well as an honorary fellow at Yale University's faculty of Sociology (1967) and ""Onassisque"" from 1968 to 1969.",False
670,The film is so bad it doesn't improve upon the experience of staring at a blank screen.,The movie is so bad that it almost ceases to be entertaining.,He was educated at Marlborough College and received a Bachelor of Arts degree in Sociology.,False
671,"The delicious trimmings... arrive early and stay late, filling nearly every minute... with a lighthearted glow, some impudent snickers, and a glorious dose of humankind's liberating ability to triumph over a Scrooge or two.","The movie is so bad that it almost ceases to be entertaining, and the audience will probably forget all about its originality.","The movie is a great American adventure, but it also has plenty of room for the audience to take in its inspirations.",False
672,"Robert Henry Dee (born May 18, 1933 in Quincy, Massachusetts) is a former three-sport letterman at Holy Cross College who was one of the first players signed by the Boston Patriots in 1960.","He was a member of the Union forces and led an expedition to South America during World War I, which he famously described as ""the greatest-great grandfather of President James Monroe.""","A movie that will only satisfy the most emotionally malleable parts of its story, but it also has a compelling character.",False
673,In 1902 Geiger began to study physics and mathematics in Erlangen and later attained a doctorate in 1906.,"He graduated from high school in 1876 and enrolled at the University of Wisconsin-Madison, where he received a Bachelor's degree in Sociology.","He was a founding member of the Arithmometer Company, which publishes multiple intelligence methods.",False
674,"Hutchinson emigrated from England to Massachusetts in 1634, in response to the preacher John Cotton's doing so.","He was a member of the Skull and Bones society, having been awarded the inaugural Nobel Prize in Chemistry.","The movie is so bad that it almost ceases to be a worthwhile spectacle, and the audience will probably like what they're getting.",False
675,"What makes How I Killed My Father compelling, besides its terrific performances, is Fontaine's willingness to wander into the dark areas of parent-child relationships without flinching.","The movie is so bad that it almost ceases to be a worthwhile spectacle, and the audience will probably like what they're getting.","John Fitzgerald Kennedy (May 23, 1917 - December 5, 2004) was an American politician and the longest serving Governor of California.",False
676,"Lift, the mother of Danny DeVito's character in her Academy Award nominated performance in Throw Momma from the Train.","In 1894, he was elected to the United States House of Representatives for a vacancy caused by the death of James Monroe.",The film is a great example of the power of cinema to give us glimpses into the lives of people who value money above their own.,False
677,The second coming of Harry Potter is a film far superior to its predecessor.,The movie is a blast of energy and the visuals are grand.,The film is a blandly unfunny and unentertaining satire.,False
678,He was first appointed to fill the Senate seat of Ernest Lundeen who had died in office.,He was a member of the United States Rubber Company (based in New York City) and later as manager of its foreign division.,"He was a member of the Skull and Bones society, having been exposed to both slavery and slave trade during his stay in captivity at Verdun.",False
679,... something appears to have been lost in the translation this time.,It's a work of astonishing grace and humane honesty.,The movie is a blast of energy and the visuals are grand.,False
680,"This picture is murder by numbers, and as easy to be bored by as your ABC's, despite a few whopping shootouts.","A movie that will only satisfy the most emotionally malleable parts of its story, but it also has a compelling character.",He graduated from Trinity College in 1876 and received a scholarship to Harvard Law School.,False
681,He was the first American to win a Nobel Prize in any category.,"In 1998, he won the Golden Globe for Best Supporting Actress in a Leading Role.","He was a member of the Skull and Bones society, having been born in 1776 to Thomas Henrythrop Rockefeller.",False
682,"Abram Joffe, a Soviet physicist who knew Einstein, in an obituary of Einstein, wrote, ""The author of [the papers of 1905] was ... a bureaucrat at the Patent Office in Bern, Einstein-Maria"" and this has recently been taken as evidence of a collaborative relationship.","The film's director, Robert Schwartzman (born April 5, 1953 in New York City) is a former United States Marine Corps general who was also the author of The Godfather II.","The movie is so bad that it almost ceases to be entertaining, and instead becomes a rousing indictment of human decency.",False
683,"Fans of the TV series will be disappointed, and everyone else will be slightly bored.","The film is a work of extraordinary intelligence and grace, but it also has some serious soul searching to do.","He was educated at Marlborough College and in the nearby town of Portsmouth, Rhode Island.",False
684,Then he went on to a public grammar school for three years.,"John Fitzgerald Kennedy (May 23, 1917 - December 5, 2004) was an American politician and the longest serving Governor of California.",He was born in New York City to William and Mary Clooney.,False
685,"Miguel Ferrer (born February 7, 1955 in Santa Monica, California) is a Puerto Rican-American actor who is often cast in movies as a villain.","He was born in San Juan where his father, a soldier, had been living for the rest of his life.","The film is a great story, but it also has plenty of room for the reader to take stock of its flawed, self-destructive ways.",False
686,"A lousy movie that's not merely unwatchable, but also unlistenable.",A work of astonishing grace and extraordinary intelligence.,"The movie is so bad that it almost ceases to be entertaining, and the audience will probably laugh at its antics.",False
687,"This picture is murder by numbers, and as easy to be bored by as your ABC's, despite a few whopping shootouts.",The film is a blandly unfunny and unentertaining satire.,A work of astonishing grace and extraordinary intelligence.,False
688,Anemic chronicle of money grubbing New Yorkers and their serial loveless hook ups.,"It's a great American adventure, but it also has some flaws.","He graduated from high school in 1876 and enrolled at the University of Wisconsin-Madison, where he received a Bachelor's degree in Sociology.",False
689,"His father-in-law, George Herbert Walker, and Walker's partner, Averell Harriman, brought him on as an officer in their investment banking firm, W. A. Harriman and Company in 1926.","He was a member of the Skull and Bones society, having been exposed to both slavery and slave trade during his stay in captivity at Verdun.","In 1894, he was elected to the United States House of Representatives for a vacancy caused by the death of James Monroe.",False
690,"Alain Choquart's camera barely stops moving, portraying both the turmoil of the time and giving Conduct a perpetual sense of urgency, which, for a film that takes nearly three hours to unspool, is both funny and irritating.",The film is a great example of the power of cinema to give us glimpses into the lives of people who value money above their own.,"The movie is a great example of the power of film to bring together disparate perspectives, but it also has fun with its subject matter.",False
691,Distinctly sub-par... more likely to drown a viewer in boredom than to send any shivers down his spine.,"The film is so bad that it almost ceases to be entertaining, and the audience loses interest.","In 1998, he won the Golden Globe for Best Supporting Actress in a Leading Role.",False
692,"The movie's plot is almost entirely witless and inane, carrying every gag two or three times beyond its limit to sustain a laugh.","The movie is so bad that it almost ceases to be entertaining, and the audience will probably laugh at its antics.",He was a member of the United States Marine Corps (USAAF) during World War II.,False
693,He was one of the founder members of the Lunar Society.,He was born in New York City to William and Mary Clooney.,"The film is a work of extraordinary intelligence and grace, but it also has some serious soul searching to do.",False
694,"Marvin graduated from Woodberry Forest School in 1975, and spent most summers and holidays at the sprawling family estate, the Bush Compound.",He graduated from Trinity College in 1876 and received a scholarship to Harvard Law School.,"He was a member of the Union forces and led an expedition to South America during World War I, which he famously described as ""the greatest-great grandfather of President James Monroe.""",False
695,"While serving abroad, he met Louisa Catherine Johnson, the daughter of an American merchant living abroad.","He was a member of the Skull and Bones society, having been born in 1776 to Thomas Henrythrop Rockefeller.","He was born in San Juan, Puerto Rico to Luis Ferrer and Maria Corriado de Faria (daughter of actor Miguel Ferrer) who were both members of the famous Ferrer family.",False
696,What a great shame that such a talented director as Chen Kaige has chosen to make his English-language debut with a film so poorly plotted and scripted.,"The movie is a great example of the power of film to bring together disparate perspectives, but it also has fun with its subject matter.","It's a great American adventure, but it also has some flaws.",False
697,"Miguel Ferrer (born February 7, 1955 in Santa Monica, California) is a Puerto Rican-American actor who is often cast in movies as a villain.","He was born in San Juan, Puerto Rico to Luis Ferrer and Maria Corriado de Faria (daughter of actor Miguel Ferrer) who were both members of the famous Ferrer family.","He was a member of the Skull and Bones society, but left in 1894 to become president of the American Enterprise Institute.",False
698,"His father-in-law, George Herbert Walker, and Walker's partner, Averell Harriman, brought him on as an officer in their investment banking firm, W. A. Harriman and Company in 1926.","He was a member of the Skull and Bones society, but left in 1894 to become president of the American Enterprise Institute.","He was a member of the Skull and Bones society, having been awarded the inaugural Nobel Prize in Chemistry.",False
699,He was the founder and first president of the Naval War College between 1884 and 1886.,"He was a founding member of the Arithmometer Company, which publishes multiple intelligence methods.",He was a member of the United States Rubber Company (based in New York City) and later as manager of its foreign division.,False
700,The film serves as a valuable time capsule to remind us of the devastating horror suffered by an entire people.,"The movie is so bad that it almost ceases to be entertaining, and instead becomes a rousing indictment of human decency.","The film is so bad that it almost ceases to be entertaining, and the audience loses interest.",False
701,Then he went on to a public grammar school for three years.,He was a member of the United States Marine Corps (USAAF) during World War II.,"He was born in San Juan where his father, a soldier, had been living for the rest of his life.",False
702,"Bray is completely at sea; with nothing but a Savage Garden music video on his resume, he has no clue about making a movie.","The film is a great story, but it also has plenty of room for the reader to take stock of its flawed, self-destructive ways.","The film's director, Robert Schwartzman (born April 5, 1953 in New York City) is a former United States Marine Corps general who was also the author of The Godfather II.",False
703,"Marvin graduated from Woodberry Forest School in 1975, and spent most summers and holidays at the sprawling family estate, the Bush Compound.","He was educated at Marlborough College and in the nearby town of Portsmouth, Rhode Island.",It's a work of astonishing grace and humane honesty.,False
704,"Edric Frederick Gifford, 3rd Baron Gifford, VC (5 July 1849 - 5 June 1911) was an English recipient of the Victoria Cross, the highest and most prestigious award for gallantry in the face of the enemy that can be awarded to British and Commonwealth forces.","He was awarded the 1921 Nobel Prize for Physics by his explanation of ""miracle year"" and received a Ph.D from The University of Zurich in Physiology or Medicine (his work with Alan Lloyd).",He was a member of the United States Republican Party and is currently the only Democrat elected to that office.,False
705,Then he went on to a public grammar school for three years.,"He served as a Republican from January 2, 1953 until February 4, 1959.","In the words of his son, Robert Aitken (born April 23, 1934 in New York City) is a German chemist and biophysicist who specialises in ""genesis"".",False
706,"Rather than retire, Adams would go on to win election as a Democratic-Republican to the House of Representatives beginning with the 22nd Congress, serving from March 4, 1831, until his death.",He was the son of a soldier in the American Revolution and is currently the only surviving member of that branch to have been president.,The film is a great example of how the power of cinema to give us an in-depth glimpse into our lives while simultaneously giving them away.,False
707,"Like the best of Godard's movies... it is visually ravishing, penetrating, impenetrable.","It's a strange way to put it, but at its best when you're just watching people drinking and laughing.","In 1894, he joined the United States Rubber Company (based in New York City) as manager of foreign division and later became president of its foreign division.",False
708,"While serving abroad, he met Louisa Catherine Johnson, the daughter of an American merchant living abroad.","He was a member of the Skull and Bones society, having been born in Creteil.","He served as a Republican from January 2, 1953 until February 4, 1959.",False
709,"John William Coltrane (September 23, 1926 - July 17, 1967) was an American jazz saxophonist and composer.",He was a member of the United States Republican Party and served as chairman of that organization from 1975 until 1977.,"He was awarded the 1921 Nobel Prize for Physics by his explanation of ""miracle year"" and received a Ph.D from The University of Zurich in Physiology or Medicine (his work with Alan Lloyd).",False
710,"Rather than retire, Adams would go on to win election as a Democratic-Republican to the House of Representatives beginning with the 22nd Congress, serving from March 4, 1831, until his death.",He was a member of the United States Republican Party and is currently the only Democrat elected to that office.,The movie is a roller-coaster ride.,False
711,"Robert Henry Dee (born May 18, 1933 in Quincy, Massachusetts) is a former three-sport letterman at Holy Cross College who was one of the first players signed by the Boston Patriots in 1960.","He was a member of the Union forces and served as general-in-chief (1917–1876) during World War I, serving under President James Monroe from 1864 to 1766.","The movie is so bad that it almost ceases to be a compelling story, one in which the very root of all evil forces are revealed and undone.",False
712,"Arnold Alois Schwarzenegger (born July 30, 1947 in Thal, Styria, Austria) is an Austrian-American actor, Republican politician, and bodybuilder, currently serving as the 38th Governor of California.",He was a member of the United States Republican Party and is currently the only Democrat elected to that office.,"He graduated from Morehouse College in 1876 and enrolled at the University of Wisconsin-Madison, where he received a Bachelor of Arts degree in Sociology.",False
713,Exceptionally well acted by Diane Lane and Richard Gere.,"It's a great American adventure, but it is also one that will disappoint.",The film is a work of astonishing grace and force.,False
714,"Even as I valiantly struggled to remain interested, or at least conscious, I could feel my eyelids... getting... very... heavy...","The movie is a blandly unfunny and unentertaining affair, one that will only satisfy the most emotionally malleable of us.",He graduated from Morehouse College with a Bachelor of Arts degree in Sociology and received an LLB from Harvard Law School.,False
715,He was one of the founder members of the Lunar Society.,He graduated from high school in 1876 and enrolled at the University of Arizona.,He was the son of a soldier in the American Revolution and is currently the only surviving member of that branch to have been president.,False
716,He was one of the founder members of the Lunar Society.,He was awarded the Presidential Medal of Freedom.,He was awarded the Presidential Medal of Freedom.,True
717,"The family was Jewish (non-observant); Albert attended a Catholic elementary school and, at the insistence of his mother, was given violin lessons.",He graduated from Morehouse College with a Bachelor of Arts degree in Sociology and received an LLB from Harvard Law School.,"He graduated from high school in 1953 and enrolled at the University of Wisconsin-Madison, where he received a relatively progressive education.",False
718,Benjamin Everett Jordan (8 September 1896 - 15 March 1974) was a Democratic U.S. senator from the state of North Carolina between 1958 and 1973.,He was a member of the left-wing Democratic Party and is currently aligned with the Federalists.,He was a member of the United States Republican Party and served as chairman of that organization from 1975 until 1977.,False
719,"His father-in-law, George Herbert Walker, and Walker's partner, Averell Harriman, brought him on as an officer in their investment banking firm, W. A. Harriman and Company in 1926.","In the words of his son, Robert Aitken (born April 23, 1934 in New York City) is a German chemist and biophysicist who specialises in ""genesis"".","He was a member of the Skull and Bones society, having been born in Creteil.",False
720,"He was elected the Natrona County High School senior class president, represented the school at Boys State, and played halfback on the football team.","He graduated from high school in 1953 and enrolled at the University of Wisconsin-Madison, where he received a relatively progressive education.",He graduated from high school in 1876 and enrolled at the University of Arizona.,False
721,"Alain Choquart's camera barely stops moving, portraying both the turmoil of the time and giving Conduct a perpetual sense of urgency, which, for a film that takes nearly three hours to unspool, is both funny and irritating.",The film is a great example of how the power of cinema to give us an in-depth glimpse into our lives while simultaneously giving them away.,"It's a strange way to put it, but at its best when you're just watching people drinking and laughing.",False
722,"You come away wishing, though, that the movie spent a lot less time trying to make a credible case for reports from the afterlife and a lot more time on the romantic urgency that's at the center of the story.","The only entertainment you'll get from watching this movie is the sense that it's a comedy, not an actual one -- and neither is it funny.","The only entertainment you'll get from watching this movie is the sense that it's a comedy, not an actual one -- and neither is it funny.",True
723,He began to learn mathematics around age twelve.,He graduated from Harvard in 1876.,"John Fitzgerald Kennedy (May 23, 1887 - December 6, 1963) was a U.S. Republican politician who served as the Governor of Florida from 1898 to 1901.",False
724,"``My god, I'm behaving like an idiot!''",The movie is a roller-coaster ride.,He graduated from Harvard in 1876.,False
725,"Fans of the TV series will be disappointed, and everyone else will be slightly bored.",The film is a work of astonishing grace and force.,The film is a work of astonishing depth and grace.,False
726,"Robert Henry Dee (born May 18, 1933 in Quincy, Massachusetts) is a former three-sport letterman at Holy Cross College who was one of the first players signed by the Boston Patriots in 1960.","He was a member of the U.S. Republican Party and served as chairman of the United States Senate from January 1, 1901 until February 3, 1903.",The movie is a total loss.,False
727,Distinctly sub-par... more likely to drown a viewer in boredom than to send any shivers down his spine.,The film is a work of astonishing depth and grace.,"He was a member of the U.S. Republican Party and served as chairman of the United States Senate from January 1, 1901 until February 3, 1903.",False
728,"So young, so smart, such talent, such a wise ***.",The movie is a total loss.,He was a member of the Democratic Party and is currently the only Democrat elected to that office.,False
729,"As a girl-meets-girl romantic comedy, Kissing Jessica Steinis quirky, charming and often hilarious.","A work of extraordinary courage and grace, but also a deeply humanizing one.",He was a member of the left-wing Democratic Party and is currently aligned with the Federalists.,False
730,"Like the best of Godard's movies... it is visually ravishing, penetrating, impenetrable.","It's a strange way to describe an American holiday, one that never truly ends.",He was a member of the United States Republican Party and is currently the only Democrat elected to that office.,False
731,"His grandfather, also named William Seward Burroughs, founded the Burroughs Adding Machine company, which evolved into the Burroughs Corporation.","In 1894, he joined the United States Rubber Company (based in New York City) as manager of foreign division and later became president of its foreign division.","He was a member of the Union forces and served as general-in-chief (1917–1876) during World War I, serving under President James Monroe from 1864 to 1766.",False
732,"Marvin graduated from Woodberry Forest School in 1975, and spent most summers and holidays at the sprawling family estate, the Bush Compound.","He graduated from Morehouse College in 1876 and enrolled at the University of Wisconsin-Madison, where he received a Bachelor of Arts degree in Sociology.","It's a strange way to describe an American holiday, one that never truly ends.",False
733,"Frank Durward White (June 4, 1933 - May 21, 2003) was the Republican governor of the U.S. state of Arkansas from 1981 to 1983.",He was a member of the Democratic Party and is currently the only Democrat elected to that office.,"It's a great American adventure, but it is also one that will disappoint.",False
734,"Shamelessly resorting to pee-related sight gags that might even cause Tom Green a grimace; still, Myer's energy and the silliness of it all eventually prevail.","The movie is so bad that it almost ceases to be a compelling story, one in which the very root of all evil forces are revealed and undone.","A work of extraordinary courage and grace, but also a deeply humanizing one.",False
735,Benjamin Everett Jordan (8 September 1896 - 15 March 1974) was a Democratic U.S. senator from the state of North Carolina between 1958 and 1973.,"John Fitzgerald Kennedy (May 23, 1887 - December 6, 1963) was a U.S. Republican politician who served as the Governor of Florida from 1898 to 1901.","The movie is a blandly unfunny and unentertaining affair, one that will only satisfy the most emotionally malleable of us.",False
736,"The family was Jewish (non-observant); Albert attended a Catholic elementary school and, at the insistence of his mother, was given violin lessons.","He was a member of the Skull and Bones society, as well as an occasional guest on The Simpsons.","He was a founding member of the Arbusto Energy company, and served as managing general partner in this organization.",False
737,He was the first American to win a Nobel Prize in any category.,He was awarded the 1921 Nobel Prize for Physics.,He was born in San Juan where his family moved when he was 3 years old to a small town of San Juan.,False
738,"His employment by the General Electric company further enhanced his political image; he travelled widely as a GE spokesman, and was noted for his anti-Communist speeches.","He was a member of the United States Rubber Company (based in New York City) and later with Brown Brothers Harriman, where he worked for the rest of his life.","John Fitzgerald Kennedy (May 23, 1876 - December 5, 1972) was an American novelist and poet.",False
739,"Lawford became an American citizen in 1960, in time to vote for his brother-in-law John F. Kennedy.","John Fitzgerald Kennedy (May 23, 1876 - December 5, 1972) was an American novelist and poet.","John Fitzgerald Kennedy (May 23, 1876 - December 5, 1963) was an American novelist and publisher.",False
740,"He attended secondary school (Volksschule), and learned the trade of a joiner.","He was a member of the Skull and Bones society, but left in 1848 to become president.","He was a member of the United States Rubber Company (based in New York City) and later with Brown Brothers Harriman, where he worked for the rest of his life.",False
741,"A first-class, thoroughly involving B movie that effectively combines two surefire, beloved genres -- the prison flick and the fight film.","The movie is so bad that it almost ceases to be entertaining, and the themes are too much like `what if?'",The film is a thinly veiled look at the lives of ordinary people living in poverty.,False
742,"In 1983, Miguel was given a small part as a waiter in the movie The Man Who Wasn't There.","He was a member of the Skull and Bones society, but left in 1848 to become president.",He graduated from Morehouse College in 1876 and received a Bachelor of Arts degree in economics.,False
743,Adams received one electoral vote in the presidential election of 1820.,He was a member of the United States Republican Party.,"He was a member of the Skull and Bones society, as well as an occasional guest on The Simpsons.",False
744,"As a girl-meets-girl romantic comedy, Kissing Jessica Steinis quirky, charming and often hilarious.",The film is a thinly veiled look at the lives of ordinary people living in poverty.,He was a member of the United States Marine detachments (USAAF) and later commanded an Army Tenth Mountain Division.,False
745,He was then hired by the legal department of CBS subsidiary Columbia Records.,He was a member of the Skull and Bones society.,He was awarded the 1921 Nobel Prize for Physics.,False
746,"Viewed as a comedy, a romance, a fairy tale, or a drama, there's nothing remotely triumphant about this motion picture.","A work of extraordinary courage and grace, but also a deeply humanizing one.","He was a member of the Skull and Bones society, having been ""discovered"" by his cousin Thomas Wolsey, who had also become famous as the uncle of President George W. Bush.",False
747,Burroughs graduated from Harvard University in 1936.,He graduated from Morehouse College in 1876 and received a Bachelor of Arts degree in economics.,"He was born in St. Germain, France to a Conservative minister and his wife were both of Scottish descent.",False
748,Benjamin Everett Jordan (8 September 1896 - 15 March 1974) was a Democratic U.S. senator from the state of North Carolina between 1958 and 1973.,He was a member of the left-wing Democratic Party and is currently aligned with the Federalists.,"In 1876, he joined the United States Rubber Company (based in New York City) as manager of foreign division.",False
749,"After this initial success, Ford left Edison Illuminating and, with other investors, formed the Detroit Automobile Company.","In 1876, he joined the United States Rubber Company (based in New York City) as manager of foreign division.","It's a great film, but it is also one that will leave you wanting more from your gut.",False
750,His gift of $5 million dollars helped found the Great Smoky Mountains National Park.,"He was a founding member of the Arbusto Energy company, and served as managing general partner in this organization.","He was born in St. Germain, France.",False
751,"Viewed as a comedy, a romance, a fairy tale, or a drama, there's nothing remotely triumphant about this motion picture.","The movie is so bad that it almost ceases to be entertaining, and instead becomes fodder for the idle chatter of a rambling, self-hating culture.",He was a member of the Skull and Bones society.,False
752,His work dealt largely with the poor urban black and mulatto communities of Bahia.,"He was born in San Juan, Puerto Rico to a U.S. engineer and his wife Maria Guilfoyle.",He was a member of the United States Republican Party.,False
753,He had an elder brother named Emmet Olson.,He was a member of the Skull and Bones society.,"John Davison Rockefeller (July 30, 1876 - April 5, 1968), known as John Davison Roosevelt or JFK Jr., was an American capitalist most famous for his role in the founding of Standard Oil and its descendants include Henry Ford Motor Company.",False
754,He was one of the founder members of the Lunar Society.,"He was born in St. Germain, France to a Conservative minister and his wife were both of Scottish descent.",He served as a member of the United States Marine Corps from 1776 until 1877.,False
755,"Although Adams lost in both the popular and electoral votes in the Presidential election of 1824, none of the candidates were able to secure a majority of the electoral vote, thereby putting the outcome in the hands of the House of Representatives, which to the surprise of many elected Adams over rival Andrew Jackson.","He was a member of the Skull and Bones society, having been ""discovered"" by his cousin Thomas Wolsey, who had also become famous as the uncle of President George W. Bush.","He was a member of the Skull and Bones society, but left in 1848 to become president.",False
756,His ancestor Johann Valentin Pressler emigrated to North America in 1710.,"He was born in St. George's, Georgia to William and Mary Clooney.","The movie is so bad that it almost ceases to be entertaining, and instead becomes fodder for the idle chatter of a rambling, self-hating culture.",False
757,"During this time he worked on developing a federal system of roads, canals, bridges, lighthouses, and universities until Jackson, who defeated Adams in the latter's quest for re-election, was sworn in to replace him.","He was a member of the Executive Committee at United Nations Commission on Human Rights, and served as deputy under President James Monroe from 1877 to 1890.","He was a member of the Executive Committee at United Nations Commission on Human Rights, and served as deputy under President James Monroe from 1877 to 1890.",True
758,"He was born near at Elston Hall near Nottingham, and educated at Chesterfield School then later at St. John's College, Cambridge.",He was born in San Juan where his family moved when he was 3 years old to a small town of San Juan.,He was born in San Juan where his family lived until he was 17.,False
759,"Albert Einstein (March 14, 1879 - April 18, 1955) was a German-born Jewish theoretical physicist of German, Swiss and American citizenship, who is widely regarded as the greatest scientist of the 20th century or even of all time, ranking alongside the luminaries Newton and Gauss.","John Fitzgerald Kennedy (May 23, 1876 - December 5, 1963) was an American novelist and publisher.","A work of extraordinary courage and grace, but also a deeply humanizing one.",False
760,"While serving abroad, he met Louisa Catherine Johnson, the daughter of an American merchant living abroad.",He served as a member of the United States Marine Corps from 1776 until 1877.,"He was born in San Juan, Puerto Rico to a U.S. engineer and his wife Maria Guilfoyle.",False
761,"He was born near at Elston Hall near Nottingham, and educated at Chesterfield School then later at St. John's College, Cambridge.",He was born in San Juan where his family lived until he was 17.,He was a member of the left-wing Democratic Party and is currently aligned with the Federalists.,False
762,His work dealt largely with the poor urban black and mulatto communities of Bahia.,He was a member of the United States Republican Party and is currently President.,"The movie is so bad that it almost ceases to be entertaining, and the themes are too much like `what if?'",False
763,"Albert Einstein (March 14, 1879 - April 18, 1955) was a German-born Jewish theoretical physicist of German, Swiss and American citizenship, who is widely regarded as the greatest scientist of the 20th century or even of all time, ranking alongside the luminaries Newton and Gauss.","John Davison Rockefeller (July 30, 1876 - April 5, 1968), known as John Davison Roosevelt or JFK Jr., was an American capitalist most famous for his role in the founding of Standard Oil and its descendants include Henry Ford Motor Company.",He was a member of the United States Republican Party and is currently President.,False
764,"Some say this was because of a bargain he struck with Henry Clay, which put Clay into office as his Secretary of State once Adams won.",He was a member of the United States Marine detachments (USAAF) and later commanded an Army Tenth Mountain Division.,"He was born in St. George's, Georgia to William and Mary Clooney.",False
765,The quirky drama touches the heart and the funnybone thanks to the energetic and always surprising performance by Rachel Griffiths.,"It's a great film, but it is also one that will leave you wanting more from your gut.",He was a member of the Skull and Bones society.,False
766,He began to learn mathematics around age twelve.,He graduated from Morehouse College in 1876 and received a Bachelor of Arts degree in Sociology.,He graduated from Morehouse College in 1876 and received a Bachelor of Arts degree in Sociology.,True
767,He began to learn mathematics around age twelve.,"He was born in St. Germain, France.","He was a member of the Skull and Bones society, but left in 1848 to become president.",False
768,"Marvin graduated from Woodberry Forest School in 1975, and spent most summers and holidays at the sprawling family estate, the Bush Compound.","He was born in New York City to a Jewish immigrant, and his family moved to Greenwich, Connecticut.","John Fitzgerald Kennedy (May 23, 1876 - December 5, 1968) was an American novelist and poet.",False
769,"John William Coltrane (September 23, 1926 - July 17, 1967) was an American jazz saxophonist and composer.",He was a member of the United States Republican Party and is currently the only Democrat elected to that office.,"The movie is a great example of the power of film to move us beyond our comfort zone and into something bigger, more important.",False
770,He was the founder and first president of the Naval War College between 1884 and 1886.,He was a founding member of the Arithmometer Company.,"He was a member of the Skull and Bones society, having been born in 1775 to Thomas Henrythrop Rockefeller.",False
771,He was one of the founder members of the Lunar Society.,He was a member of the Skull and Bones society.,"The only entertainment you'll get from watching the two of them squirm in a pool, while simultaneously enjoying each other's company.",False
772,"If you already like this sort of thing, this is that sort of thing all over again.","The film is a work of extraordinary intelligence and grace, but it also has some serious soul searching to do.",He was a founding member of the Arithmometer Company.,False
773,He was the founder and first president of the Naval War College between 1884 and 1886.,"In 1894, he founded the Rock and Roll Hall of Fame as a nonperformer.","It's a great American adventure, but it is also one of the worst.",False
774,Distinctly sub-par... more likely to drown a viewer in boredom than to send any shivers down his spine.,"The film is a great example of how intolerance can tear families apart, and the power to make them whole.","The film is a work of extraordinary intelligence and grace, but it also has some serious soul searching to do.",False
775,He was then hired by the legal department of CBS subsidiary Columbia Records.,He graduated from the University of Wisconsin-Madison in 1936 and earned a Juris Doctor (J.D.) degree in 1938.,He was a member of the Skull and Bones society.,False
776,The quirky drama touches the heart and the funnybone thanks to the energetic and always surprising performance by Rachel Griffiths.,"The only entertainment you'll get from watching the two of them squirm in a pool, while simultaneously enjoying each other's company.","He was a member of the Skull and Bones society, as well as an occasional guest star on The Simpsons.",False
777,A strangely compelling and brilliantly acted psychological drama.,The film is a work of astonishing depth and breadth.,"John Davison Rockefeller (July 30, 1805 - April 5, 1963) was an American capitalist most known for his role in the early petroleum industry and its development of Standard Oil (ExxonMobil is a major shareholder), as well as managing general partner of Exxon",False
778,"Like the best of Godard's movies... it is visually ravishing, penetrating, impenetrable.","It's a great American adventure, but it also has plenty of flaws.",He was awarded the 1921 Nobel Prize for Physics.,False
779,In comparison to his earlier films it seems a disappointingly thin slice of lower-class London life; despite the title... amounts to surprisingly little.,"The movie is a great example of the power of film to move us beyond our comfort zone and into something bigger, more important.","He was awarded the 1921 Nobel Prize for Physics by his son, Charles Darwin.",False
780,He began to learn mathematics around age twelve.,He was awarded the Presidential Medal of Freedom in 1998.,"He was a founding member of the United States Rubber Company (based in New York City) and later served as managing general partner (1972-1973), serving until 1974.",False
781,"A loud, ugly, irritating movie without any of its satirical salvos hitting a discernible target.","It's a great American adventure, but it is also one of the worst.","The movie is a great American adventure, but it also has plenty of heartache.",False
782,He was the first American to win a Nobel Prize in any category.,He was awarded the 1921 Nobel Prize for Physics.,He graduated from the University of Wisconsin-Madison in 1936 and earned a Juris Doctor (J.D.) degree in 1938.,False
783,"Rather than retire, Adams would go on to win election as a Democratic-Republican to the House of Representatives beginning with the 22nd Congress, serving from March 4, 1831, until his death.","He served as a Republican from January 3, 1953 until December 4, 1954 and was the only Democrat elected to that office between 1950 and 1952.",He was awarded the Presidential Medal of Freedom in 1998.,False
784,"Adams was born in Braintree, Massachusetts in a part of town which eventually became the separate town of Quincy.","He was a member of the U.S. Republican Party and served as chairman of the United States Senate from January until December, 1943.","He was born in New York City to a Jewish immigrant, and his family moved to Greenwich, Connecticut.",False
785,"While serving abroad, he met Louisa Catherine Johnson, the daughter of an American merchant living abroad.","He was a member of the Skull and Bones society, as well as a founder of the Rock and Roll Hall of Fame.",He was a member of the United States Republican Party and is currently the only Democrat elected to that office.,False
786,"He graduated from Princeton University in 1952, and attended Harvard University in 1954-55.",He graduated from Dartmouth College in 1801 and enrolled at the University of Wisconsin-Madison.,The film is a work of astonishing depth and breadth.,False
787,"The delicious trimmings... arrive early and stay late, filling nearly every minute... with a lighthearted glow, some impudent snickers, and a glorious dose of humankind's liberating ability to triumph over a Scrooge or two.","The movie is a great American adventure, but it also has plenty of potential for the audience to be swept away by its star.","The film is a great example of how intolerance can tear families apart, and the power to make them whole.",False
788,"As a girl-meets-girl romantic comedy, Kissing Jessica Steinis quirky, charming and often hilarious.","The movie is a great American adventure, but it also has plenty of heartache.",The film is a great example of how intolerance can tear families apart.,False
789,"Rather than retire, Adams would go on to win election as a Democratic-Republican to the House of Representatives beginning with the 22nd Congress, serving from March 4, 1831, until his death.",He was a member of the left-wing Democratic Party and is currently aligned with the Federalists.,"The movie is a great American adventure, but it also has plenty of potential for the audience to be swept away by its star.",False
790,"Lawford became an American citizen in 1960, in time to vote for his brother-in-law John F. Kennedy.","John Fitzgerald Kennedy (May 23, 1876 - December 5, 1968) was an American novelist and poet.","It's a great American adventure, but it also has plenty of flaws.",False
791,"Rather than retire, Adams would go on to win election as a Democratic-Republican to the House of Representatives beginning with the 22nd Congress, serving from March 4, 1831, until his death.","He was a founding member of the United States Rubber Company (based in New York City) and later served as managing general partner (1972-1973), serving until 1974.","He was a member of the Skull and Bones society, as well as a founder of the Rock and Roll Hall of Fame.",False
792,"Hodgkin and Huxley shared the prize that year with John Carew Eccles, who was cited for research on synapses.","He was awarded the 1921 Nobel Prize for Physics by his son, Charles Darwin.","The film is a work of extraordinary intelligence and grace, but it also has some serious soul searching to do.",False
793,"Cheney grew up in Casper, Wyoming, and met his high-school sweetheart and future wife, Lynne Vincent, at age fourteen.","He was born in San Juan, Puerto Rico to a Cuban immigrant family.","The movie is so bad that it almost ceases to be entertaining, and the audience will probably laugh their collective asses off.",False
794,"Bill ""Billy"" Boucher (b. November 10, 1899 in Ottawa, Ontario, Canada, died November 10, 1958) was a Canadian professional ice hockey rightwinger who played in the National Hockey League for the Montreal Canadiens, Boston Bruins and New York Americans.","John Davison Rockefeller (July 30, 1805 - April 5, 1963) was an American capitalist most known for his role in the early petroleum industry and its development of Standard Oil (ExxonMobil is a major shareholder), as well as managing general partner of Exxon","In 1894, he founded the Rock and Roll Hall of Fame as a nonperformer.",False
795,"His father-in-law, George Herbert Walker, and Walker's partner, Averell Harriman, brought him on as an officer in their investment banking firm, W. A. Harriman and Company in 1926.","He was a member of the Skull and Bones society, as well as an occasional guest star on The Simpsons.",He was a member of the left-wing Democratic Party and is currently aligned with the Federalists.,False
796,"Even as I valiantly struggled to remain interested, or at least conscious, I could feel my eyelids... getting... very... heavy...","The movie is so bad that it almost ceases to be entertaining, and the audience will probably laugh their collective asses off.","He was a member of the U.S. Republican Party and served as chairman of the United States Senate from January until December, 1943.",False
797,"The Emperor's Club is one of those films that possesses all the good intentions in the world, but...","The film is a work of extraordinary intelligence and grace, but it also has some serious soul searching to do.",He graduated from Dartmouth College in 1801 and enrolled at the University of Wisconsin-Madison.,False
798,"What makes How I Killed My Father compelling, besides its terrific performances, is Fontaine's willingness to wander into the dark areas of parent-child relationships without flinching.",The film is a great example of how intolerance can tear families apart.,"He served as a Republican from January 3, 1953 until December 4, 1954 and was the only Democrat elected to that office between 1950 and 1952.",False
799,"He was born near at Elston Hall near Nottingham, and educated at Chesterfield School then later at St. John's College, Cambridge.","He was a member of the Skull and Bones society, having been born in 1775 to Thomas Henrythrop Rockefeller.","He was born in San Juan, Puerto Rico to a Cuban immigrant family.",False
800,"Rather than retire, Adams would go on to win election as a Democratic-Republican to the House of Representatives beginning with the 22nd Congress, serving from March 4, 1831, until his death.","He was a member of the U.S. Senate from Connecticut and served as chairman of the United States House of Representatives for the same seat until January 3, 1801.",He was awarded the Presidential Medal of Freedom.,False
801,"Rosemary, Betty, and brother, Nick, as well as her nephew, George Clooney (Nick's son), all became entertainers.","In 1876, he joined the United States Rubber Company (based in New York City) as manager of foreign division and moved to Greenwich.",The movie is a blast of energy and the characters are wonderfully realized.,False
802,"Edric Frederick Gifford, 3rd Baron Gifford, VC (5 July 1849 - 5 June 1911) was an English recipient of the Victoria Cross, the highest and most prestigious award for gallantry in the face of the enemy that can be awarded to British and Commonwealth forces.","In 1876, he was elected to the United States House of Representatives for a vacancy caused by the death of James Monroe; and in 1890, served as chairman of that post.","He was married to actress Lyman, and they had five children: George Herbert Walker Bush (born April 5, 1953), William. Bush Jr., Henry Ford, and Theodore Roosevelt.",False
803,He also starred in the mini series The Stand.,"He was born in St. Saviour's parish, London.","John Davison Rockefeller (July 30, 1876 - April 4, 1968) was an American capitalist most known for his role in the founding of Standard Oil and its descendants as the Standard OilMobil).",False
804,"A loud, ugly, irritating movie without any of its satirical salvos hitting a discernible target.","The movie is a blast of colorful, beautifully realized and photographed artifice that permeates the film.",He was educated at the University of Virginia and received a scholarship to Harvard Law School.,False
805,"Although Adams lost in both the popular and electoral votes in the Presidential election of 1824, none of the candidates were able to secure a majority of the electoral vote, thereby putting the outcome in the hands of the House of Representatives, which to the surprise of many elected Adams over rival Andrew Jackson.","He was a member of the Advisory Committee on Human Rights, and in 1879 he served as an Army officer under President James Monroe from 1777 to1776.","In 1876, he joined the United States Rubber Company (based in New York City) as manager of foreign division and moved to Greenwich.",False
806,The second coming of Harry Potter is a film far superior to its predecessor.,"The movie is a blandly unfunny affair, one that never truly gets it.",He graduated from high school in 1876 and enrolled at the University of Wisconsin-Madison.,False
807,He had an elder brother named Emmet Olson.,He was a member of the Skull and Bones society.,"The movie is a blast of energy and the performances are so well realized that you can tell when someone has been drinking, smoking, swearing.",False
808,"The couple have four children: daughters Katherine and Christina, and sons Patrick and Christopher.","He was married to actress Lyman, and they had five children: George Herbert Walker Bush (born April 5, 1953), William. Bush Jr., Henry Ford, and Theodore Roosevelt.","He was born in San Juan, Puerto Rico to a Cuban immigrant and his wife were both of Portuguese descent.",False
809,He was the first American to win a Nobel Prize in any category.,"He was awarded the 1921 Nobel Prize for Physics by his own explanation of ""miracle year"".","He was a member of the Advisory Committee on Human Rights, and in 1879 he served as an Army officer under President James Monroe from 1777 to1776.",False
810,Then he went on to a public grammar school for three years.,He was awarded the Presidential Medal of Freedom.,"The movie is a blast of colorful, beautifully realized and photographed artifice that permeates the film.",False
811,What a great shame that such a talented director as Chen Kaige has chosen to make his English-language debut with a film so poorly plotted and scripted.,"The movie is a great example of the power of film to bring together disparate parts, but it also has fun with its subject matter.","The movie is a great example of the power of film to bring together disparate parts, but it also has fun with its subject matter.",True
812,"After this initial success, Ford left Edison Illuminating and, with other investors, formed the Detroit Automobile Company.","He was a member of the Skull and Bones society, having previously been president of that organization.","He was born in St. Germain, France to a farmer and his wife Eleanor Roosevelt.",False
813,"Even as I valiantly struggled to remain interested, or at least conscious, I could feel my eyelids... getting... very... heavy...",The movie is a blast of energy and the characters are wonderfully realized.,"John Winthrop (born April 5, 1953) is a Republican politician.",False
814,"Parker should be commended for taking a fresh approach to familiar material, but his determination to remain true to the original text leads him to adopt a somewhat mannered tone... that ultimately dulls the human tragedy at the story's core.","The movie is a blast of energy, and the visuals are so well realized that it's almost impossible to beat.","He was a member of the Skull and Bones society, having previously been president of that organization.",False
815,Then he went on to a public grammar school for three years.,He was a member of the United States Republican Party and is currently the only Democrat elected to that office.,"He was born in San Juan, Puerto Rico to a U.S. engineer and his wife Maria Elena Ferrer (daughter of President George W. Bush), who were both members of the famous Rockefeller family.",False
816,"The movie's plot is almost entirely witless and inane, carrying every gag two or three times beyond its limit to sustain a laugh.","The movie is so bad that it almost ceases to be funny, and the audience will probably laugh their collective asses off at its goofy antics.",He was a member of the United States Republican Party and is currently the only Democrat elected to that office.,False
817,He was then hired by the legal department of CBS subsidiary Columbia Records.,"He was born in St. Germain, France to a farmer and his wife Eleanor Roosevelt.","He was awarded the 1921 Nobel Prize for Physics by his own explanation of ""miracle year"".",False
818,"In between his sea voyages, Kerouac stayed in New York with friends from Fordham.","He was a member of the Skull and Bones society, but left in 1876 to become president.","John Davison Rockefeller (July 30, 1876 - December 23, 1953) was an American capitalist most known for his role in the early petroleum industry.",False
819,"... creates a visceral sense of its characters' lives and conflicted emotions that carries it far above... what could have been a melodramatic, Lifetime Channel-style anthology.","The movie is a blast of energy and the performances are so well realized that you can tell when someone has been drinking, smoking, swearing.","The movie is so bad that it almost ceases to be funny, and the audience will probably laugh their collective asses off at its goofy antics.",False
820,"Marvin graduated from Woodberry Forest School in 1975, and spent most summers and holidays at the sprawling family estate, the Bush Compound.",He was educated at the University of Wisconsin-Madison and received a relatively progressive education.,"The only entertainment you'll get from watching the two of them squirm in a pool while simultaneously laughing their asses off at each other, and then some.",False
821,"As a girl-meets-girl romantic comedy, Kissing Jessica Steinis quirky, charming and often hilarious.",A blandly unfunny and unimpressive piece of work from a man who has been mass-murdering his ego.,A blandly unfunny and unimpressive piece of work from a man who has been mass-murdering his ego.,True
822,"``My god, I'm behaving like an idiot!''",The movie is a work of astonishing grace and eloquence.,"The movie is a blast of colorful pop music and the visual style that permeates its otherwise bland, lifeless animation.",False
823,"While it regards 1967 as the key turning point of the 20th century, and returns again and again to images of dissidents in the streets, it's alarmingly current.","The only entertainment you'll get from watching the two of them squirm in a pool while simultaneously laughing their asses off at each other, and then some.","The movie is a blandly unfunny affair, one that never truly gets it.",False
824,"John Drew Barrymore, also known as John Barrymore, Jr., (June 4, 1929 - November 29, 2004) was an actor, one of The Barrymores, a family of actors that included his father, John Barrymore, and his father's siblings, his uncle Lionel and his aunt Ethel.","John Davison Rockefeller (July 30, 1876 - April 4, 1968) was an American capitalist most known for his role in the founding of Standard Oil and its descendants as the Standard OilMobil).","He was a member of the Skull and Bones society, but left in 1876 to become president.",False
825,"The family was Jewish (non-observant); Albert attended a Catholic elementary school and, at the insistence of his mother, was given violin lessons.",He graduated from high school in 1876 and enrolled at the University of Wisconsin-Madison.,"The movie is a blast of energy, and the visuals are so well realized that it's almost impossible to beat.",False
826,"Albert Einstein (March 14, 1879 - April 18, 1955) was a German-born Jewish theoretical physicist of German, Swiss and American citizenship, who is widely regarded as the greatest scientist of the 20th century or even of all time, ranking alongside the luminaries Newton and Gauss.","He was born in San Juan, Puerto Rico to a U.S. engineer and his wife Maria Elena Ferrer (daughter of President George W. Bush), who were both members of the famous Rockefeller family.","He was born in St. Saviour's parish, London.",False
827,"Cheney grew up in Casper, Wyoming, and met his high-school sweetheart and future wife, Lynne Vincent, at age fourteen.",He was educated at the University of Virginia and received a scholarship to Harvard Law School.,He was educated at the University of Wisconsin-Madison and received a relatively progressive education.,False
828,"Hodgkin and Huxley shared the prize that year with John Carew Eccles, who was cited for research on synapses.","He was born in San Juan, Puerto Rico to a Cuban immigrant and his wife were both of Portuguese descent.",The movie is a work of astonishing grace and eloquence.,False
829,"John William Coltrane (September 23, 1926 - July 17, 1967) was an American jazz saxophonist and composer.","John Davison Rockefeller (July 30, 1876 - December 23, 1953) was an American capitalist most known for his role in the early petroleum industry.",He was a member of the Skull and Bones society.,False
830,"While it regards 1967 as the key turning point of the 20th century, and returns again and again to images of dissidents in the streets, it's alarmingly current.","The movie is a blast of colorful pop music and the visual style that permeates its otherwise bland, lifeless animation.","In 1876, he was elected to the United States House of Representatives for a vacancy caused by the death of James Monroe; and in 1890, served as chairman of that post.",False
831,"Frank Durward White (June 4, 1933 - May 21, 2003) was the Republican governor of the U.S. state of Arkansas from 1981 to 1983.","John Winthrop (born April 5, 1953) is a Republican politician.","He was a member of the U.S. Senate from Connecticut and served as chairman of the United States House of Representatives for the same seat until January 3, 1801.",False
832,Steers has an unexpectedly adamant streak of warm-blooded empathy for all his disparate Manhattan denizens -- especially the a**holes.,"The movie is a blandly unfunny and pretentious affair, one that will only satisfy the most emotionally malleable of filmgoers.","He was awarded the 1921 Nobel Prize for Physics by his explanation of ""miracle year"" and ""for his services to Theoretical Physics"".",False
833,It's anchored by splendid performances from an honored screen veteran and a sparkling newcomer who instantly transform themselves into a believable mother/daughter pair.,The movie is so bad that it almost ceases to be a compelling reason for us to care about the characters and their motivations.,"He graduated from high school in 1876 and enrolled at the University of Wisconsin-Madison, where he received a Bachelor of Arts degree.",False
834,"Fans of the TV series will be disappointed, and everyone else will be slightly bored.",The film is a great example of how intolerance can tear families apart.,"John Davison Rockefeller (July 30, 1876 - December 23, 1959) was an American capitalist most known for his role in the early petroleum industry.",False
835,"A loud, ugly, irritating movie without any of its satirical salvos hitting a discernible target.","It's a great movie, but it also has plenty of sex on its mind.","The movie is a blandly unfunny and pretentious affair, one that will only satisfy the most emotionally malleable of filmgoers.",False
836,"Cheney grew up in Casper, Wyoming, and met his high-school sweetheart and future wife, Lynne Vincent, at age fourteen.","He was a member of the United States Rubber Company (based in New York City) and moved to Greenwich, Connecticut.","He was a member of the United States Marine Corps, and served as captain in the American Expeditionary Forces (USAAF) during World War II.",False
837,"Lawford became an American citizen in 1960, in time to vote for his brother-in-law John F. Kennedy.","John Fitzgerald Kennedy (May 23, 1776 - December 5, 1848) was an American novelist.",He was born in New York City to William and Mary Clooney.,False
838,"Lift, the mother of Danny DeVito's character in her Academy Award nominated performance in Throw Momma from the Train.","He was awarded the Presidential Medal of Freedom in recognition of his services to humanitarian causes, and for his work with animals.","In 1876, he founded the Henry Ford Company which later became Standard Oil (ExxonMobil).",False
839,"Marvin graduated from Woodberry Forest School in 1975, and spent most summers and holidays at the sprawling family estate, the Bush Compound.",He graduated from Morehouse College in 1876 and enrolled at the University of Wisconsin-Madison.,He was a member of the Rock and Roll Hall of Fame.,False
840,President Clinton awarded him the Presidential Medal of Freedom in early 1997 for his service in the military and his political career.,"He was awarded the 1921 Nobel Prize for Physics by his explanation of ""miracle year"" and ""for his services to medical research"".","The movie is a great example of the power of film to bring together disparate parts of human nature in one cohesive, beautifully realized and beautiful picture.",False
841,President Clinton awarded him the Presidential Medal of Freedom in early 1997 for his service in the military and his political career.,"He was awarded the 1921 Nobel Prize for Physics by his explanation of ""miracle year"" and ""for his services to Theoretical Physics"".",He graduated from Morehouse College in 1876 and enrolled at the University of Wisconsin-Madison.,False
842,"Rosemary, Betty, and brother, Nick, as well as her nephew, George Clooney (Nick's son), all became entertainers.","In 1894, he joined the United States Rubber Company (based in New York City) as manager of foreign division.","He was awarded the 1921 Nobel Prize for Physics by his explanation of ""miracle year"" and ""for his services to medical research"".",False
843,In 1902 Geiger began to study physics and mathematics in Erlangen and later attained a doctorate in 1906.,"He graduated from high school in 1876 and enrolled at the University of Wisconsin-Madison, where he received a Bachelor of Arts degree.","He was a member of the United States Rubber Company (based in New York City) and moved to Greenwich, Connecticut.",False
844,He was one of the founder members of the Lunar Society.,He died in Los Angeles at age 93.,"He was awarded the Presidential Medal of Freedom in recognition of his services to humanitarian causes, and for his work with animals.",False
845,"If you already like this sort of thing, this is that sort of thing all over again.","The film is neither as compelling nor as thrilling, but it remains gripping.","He was a member of the Skull and Bones society, as well as an honorary fellow at Yale University's faculty of Sociology.",False
846,On 28 February 1934 he and Anthony Fokker each received an excessive half a million dollars for selling fifty military planes to the Soviet government.,"He was a member of the Skull and Bones society, as well as an honorary fellow at Yale University's faculty of Sociology.","The movie is a blandly unfunny and pretentious affair, but it's also one of the best films in recent years.",False
847,The second coming of Harry Potter is a film far superior to its predecessor.,"The movie is a blandly unfunny and pretentious affair, but it's also one of the best films in recent years.","It's a good film, but it is also not as compelling.",False
848,He was one of the founder members of the Lunar Society.,He was a member of the Rock and Roll Hall of Fame.,"It's a great movie, but it also has plenty of sex on its mind.",False
849,The sort of movie that gives tastelessness a bad rap.,"It's a good film, but it is also not as compelling.",The film is a great example of the power of cinema to provide an in-depth glimpse into life's wonderment at man who has been given free reign over his own thoughts.,False
850,The second coming of Harry Potter is a film far superior to its predecessor.,It's a strange way to spend an hour in the theater.,He was born in San Juan where his family moved when he was a child to an immigrant from Puerto Rico.,False
851,"During this period, he personally drove his Quadricycle to victory in a race against Alexander Winton, a well-known driver and the heavy favorite on October 10, 1901.","In 1879, he left home for the nearby city of Detroit to work as a file clerk with Henry Ford Coppola and was one of only two U.S. Presidents to have been born there during World War I.","In 1894, he joined the United States Rubber Company (based in New York City) as manager of foreign division.",False
852,His gift of $5 million dollars helped found the Great Smoky Mountains National Park.,"In 1876, he founded the Henry Ford Company which later became Standard Oil (ExxonMobil).",It's a strange way to spend an hour in the theater.,False
853,His work dealt largely with the poor urban black and mulatto communities of Bahia.,He was born in San Juan where his family moved when he was a child to an immigrant from Puerto Rico.,"The movie is a great American adventure, but it also has plenty of potential for the audience to be transported into another dimension.",False
854,His gift of $5 million dollars helped found the Great Smoky Mountains National Park.,"John Davison Rockefeller (July 30, 1876 - December 23, 1959) was an American capitalist most known for his role in the early petroleum industry.",He died in Los Angeles at age 93.,False
855,What a great shame that such a talented director as Chen Kaige has chosen to make his English-language debut with a film so poorly plotted and scripted.,"The movie is a great American adventure, but it also has plenty of potential for the audience to be transported into another dimension.",The film is a great example of how intolerance can tear families apart.,False
856,"The movie's plot is almost entirely witless and inane, carrying every gag two or three times beyond its limit to sustain a laugh.","The movie is a great example of the power of film to bring together disparate parts of human nature in one cohesive, beautifully realized and beautiful picture.","The movie is a great example of the power of film to teach us about the dangers and rewards of drugs, while also providing some insight into our values.",False
857,"Some say this was because of a bargain he struck with Henry Clay, which put Clay into office as his Secretary of State once Adams won.","He was a member of the United States Marine Corps, and served as captain in the American Expeditionary Forces (USAAF) during World War II.","He was a fan of the animated television series The Simpsons, and also wrote extensively on his own life as well as acting with Gene Autry.",False
858,In comparison to his earlier films it seems a disappointingly thin slice of lower-class London life; despite the title... amounts to surprisingly little.,"The movie is a great example of the power of film to teach us about the dangers and rewards of drugs, while also providing some insight into our values.","In 1879, he left home for the nearby city of Detroit to work as a file clerk with Henry Ford Coppola and was one of only two U.S. Presidents to have been born there during World War I.",False
859,He was then hired by the legal department of CBS subsidiary Columbia Records.,He graduated from Morehouse College in 1876.,"The film is neither as compelling nor as thrilling, but it remains gripping.",False
860,"Abram Joffe, a Soviet physicist who knew Einstein, in an obituary of Einstein, wrote, ""The author of [the papers of 1905] was ... a bureaucrat at the Patent Office in Bern, Einstein-Maria"" and this has recently been taken as evidence of a collaborative relationship.","He was a fan of the animated television series The Simpsons, and also wrote extensively on his own life as well as acting with Gene Autry.",The movie is so bad that it almost ceases to be a compelling reason for us to care about the characters and their motivations.,False
861,He had an elder brother named Emmet Olson.,He was born in New York City to William and Mary Clooney.,He was a member of the United States Republican Party.,False
862,What a great shame that such a talented director as Chen Kaige has chosen to make his English-language debut with a film so poorly plotted and scripted.,The film is a great example of the power of cinema to provide an in-depth glimpse into life's wonderment at man who has been given free reign over his own thoughts.,He graduated from Morehouse College in 1876.,False
863,Then he went on to a public grammar school for three years.,He was a member of the United States Republican Party.,"John Fitzgerald Kennedy (May 23, 1776 - December 5, 1848) was an American novelist.",False
864,"He was born near at Elston Hall near Nottingham, and educated at Chesterfield School then later at St. John's College, Cambridge.","He was a member of the United States Republican Party and served as chairman of the U.S. Senate from January 1, 1901 until December 3, 1903.",It's a roller-coaster ride.,False
865,He also starred in the mini series The Stand.,He is the son of a former United States Secretary of Defense.,"The film is so bad that it becomes a lame excuse for us to spend our time in the theater, watching people drinking and smoking while eating doughnuts.",False
866,The sort of movie that gives tastelessness a bad rap.,It's a work of extraordinary grace.,He graduated from Morehouse College in 1876 and received a Bachelor of Arts degree in Sociology in 1896.,False
867,"Lawford became an American citizen in 1960, in time to vote for his brother-in-law John F. Kennedy.","He was born in San Juan, Puerto Rico to a Cuban immigrant and his wife were both of Portuguese descent.","He was born in St Germain, France to a French and Italian descent.",False
868,"The movie's plot is almost entirely witless and inane, carrying every gag two or three times beyond its limit to sustain a laugh.",The movie is a blast of energy and the visuals are so well realized that you can tell when someone has been drinking their guts out.,"In 1876, he founded the Standard Oil Company which later became ExxonMobil.",False
869,"John William Coltrane (September 23, 1926 - July 17, 1967) was an American jazz saxophonist and composer.","John Winthrop (born April 5, 1953 in Columbus, Ohio) is an American film actor.","The movie is as if it were a preamble to the next day's events, but instead of being about the actual action, it focuses on its characters.",False
870,"Hodgkin and Huxley shared the prize that year with John Carew Eccles, who was cited for research on synapses.","He was born in St Germain, France to a French and Italian descent.","It's a great American adventure, but it also has plenty of flaws.",False
871,"Although Adams lost in both the popular and electoral votes in the Presidential election of 1824, none of the candidates were able to secure a majority of the electoral vote, thereby putting the outcome in the hands of the House of Representatives, which to the surprise of many elected Adams over rival Andrew Jackson.","He was a member of the U.S. Geological Survey (USGS) and later served as secretary to President James Monroe from 1775 until 1876, serving under Secretary Robert A. Lovett in Adams' administration.",He is the son of a former United States Secretary of Defense.,False
872,"He remained in Hollywood for the duration of the war, attaining the rank of captain.",He was a member of the United States Republican Party and served as chairman of the Democratic Leadership Council from 1975 until 1977.,He was a member of the Skull and Bones society.,False
873,The film is so bad it doesn't improve upon the experience of staring at a blank screen.,The movie is so bad that it almost ceases to be entertaining.,"He was born in San Juan, Puerto Rico to a Cuban immigrant and his wife were both of Portuguese descent.",False
874,"He remained in Hollywood for the duration of the war, attaining the rank of captain.",He was a member of the United States Golf Association (USGA) from 1876 to 1890.,"He was a member of the United States Republican Party and served as chairman of the U.S. Senate from January 1, 1901 until December 3, 1903.",False
875,The film is so bad it doesn't improve upon the experience of staring at a blank screen.,"It's a great American adventure, but it also has plenty of flaws.","The movie is as if it were a preamble to the next level, but instead of being funny and poignant, it's more like an extended play on video.",False
876,"He graduated from Princeton University in 1952, and attended Harvard University in 1954-55.",He graduated from the University of Colorado in 1887 and enrolled at the University's College of Arts & Sciences.,"He was a founding member of the Arbusto Energy company, and later served as managing general partner (Gail Davis) from 1973 until 1977.",False
877,In 1902 Geiger began to study physics and mathematics in Erlangen and later attained a doctorate in 1906.,He graduated from Morehouse College in 1876 and received a Bachelor of Arts degree in Sociology in 1896.,"The fun of the movie is that it's a casual affair, one where you can tell just how many people have been there and gotten involved.",False
878,He began to learn mathematics around age twelve.,He graduated from Morehouse College in 1876.,A work of astonishing grace and extraordinary intelligence that permeates the film.,False
879,His ancestor Johann Valentin Pressler emigrated to North America in 1710.,He was a member of the Skull and Bones society.,"The movie is a blast of energy and the visual style are captured in an emotionally unavailable, hyper-realistic experience.",False
880,"He attended secondary school (Volksschule), and learned the trade of a joiner.","In 1876, he founded the Standard Oil Company which later became ExxonMobil.",The movie is so bad that it almost ceases to be entertaining.,False
881,"If you already like this sort of thing, this is that sort of thing all over again.","The movie is a blandly unfunny and depressing affair, but it's also one of the best films in years.","John Winthrop (born April 5, 1953 in Columbus, Ohio) is an American film actor.",False
882,"In between his sea voyages, Kerouac stayed in New York with friends from Fordham.","He was born in St Germain de Joux, France to a French and Catholic mother.","He was a member of the U.S. Geological Survey (USGS) and later served as secretary to President James Monroe from 1775 until 1876, serving under Secretary Robert A. Lovett in Adams' administration.",False
883,What a great shame that such a talented director as Chen Kaige has chosen to make his English-language debut with a film so poorly plotted and scripted.,"The movie is as if it were a preamble to the next day's events, but instead of being about the actual action, it focuses on its characters.","He was born in St Germain, France to a French and Danish descent.",False
884,"Viewed as a comedy, a romance, a fairy tale, or a drama, there's nothing remotely triumphant about this motion picture.","The movie is a blast of energy and the visual style are captured in an emotionally unavailable, hyper-realistic experience.","In 1891, he joined the United States Rubber Company (based in New York City) as manager of foreign division.",False
885,"While it regards 1967 as the key turning point of the 20th century, and returns again and again to images of dissidents in the streets, it's alarmingly current.","The fun of the movie is that it's a casual affair, one where you can tell just how many people have been there and gotten involved.","The movie is a blandly unfunny and depressing affair, but it's also one of the best films in years.",False
886,"Robert Henry Dee (born May 18, 1933 in Quincy, Massachusetts) is a former three-sport letterman at Holy Cross College who was one of the first players signed by the Boston Patriots in 1960.","He was a founding member of the Arbusto Energy company, and later served as managing general partner (Gail Davis) from 1973 until 1977.",He was a member of the United States Golf Association (USGA) from 1876 to 1890.,False
887,Bad and baffling from the get-go.,It's a roller-coaster ride.,The movie is a blast of energy and the visuals are so well realized that you can tell when someone has been drinking their guts out.,False
888,"Viewed as a comedy, a romance, a fairy tale, or a drama, there's nothing remotely triumphant about this motion picture.","A blandly unfunny and unentertaining affair, but one that will appeal to a wider swath of American audience.",He was a member of the United States Republican Party and served as chairman of the Democratic Leadership Council from 1975 until 1977.,False
889,It's anchored by splendid performances from an honored screen veteran and a sparkling newcomer who instantly transform themselves into a believable mother/daughter pair.,"The movie is a blast of energy and the visual style are captured in an intimate, almost hypnotic space.","He was born in St Germain de Joux, France to a French and Catholic mother.",False
890,"While it regards 1967 as the key turning point of the 20th century, and returns again and again to images of dissidents in the streets, it's alarmingly current.","The movie is as if it were a preamble to the next level, but instead of being funny and poignant, it's more like an extended play on video.",It's a work of extraordinary grace.,False
891,Adams received one electoral vote in the presidential election of 1820.,"He was born in St Germain, France to a French and Danish descent.","He was a member of the Skull and Bones society, as well as an occasional guest on The Simpsons.",False
892,"His father-in-law, George Herbert Walker, and Walker's partner, Averell Harriman, brought him on as an officer in their investment banking firm, W. A. Harriman and Company in 1926.","He was a member of the Skull and Bones society, as well as an occasional guest on The Simpsons.",He graduated from the University of Colorado in 1887 and enrolled at the University's College of Arts & Sciences.,False
893,"This picture is murder by numbers, and as easy to be bored by as your ABC's, despite a few whopping shootouts.",A work of astonishing grace and extraordinary intelligence that permeates the film.,He graduated from Morehouse College in 1876.,False
894,"Rosemary, Betty, and brother, Nick, as well as her nephew, George Clooney (Nick's son), all became entertainers.","In 1891, he joined the United States Rubber Company (based in New York City) as manager of foreign division.","A blandly unfunny and unentertaining affair, but one that will appeal to a wider swath of American audience.",False
895,"Alain Choquart's camera barely stops moving, portraying both the turmoil of the time and giving Conduct a perpetual sense of urgency, which, for a film that takes nearly three hours to unspool, is both funny and irritating.","The film is so bad that it becomes a lame excuse for us to spend our time in the theater, watching people drinking and smoking while eating doughnuts.","The movie is a blast of energy and the visual style are captured in an intimate, almost hypnotic space.",False
896,"Beautifully crafted, engaging filmmaking that should attract upscale audiences hungry for quality and a nostalgic, twisty yarn that will keep them guessing.","The movie is a great story, but it also has plenty of room for the audience to express their hopes and dreams.",A work of astonishing intelligence and grace.,False
897,"A lousy movie that's not merely unwatchable, but also unlistenable.","It's not a particularly good film, but neither is it bad.","In 1894, he was elected to the United States House of Representatives as a Republican from Connecticut.",False
898,"Bray is completely at sea; with nothing but a Savage Garden music video on his resume, he has no clue about making a movie.","The film is a great example of how intolerance can tear apart families, and it's also one that should be avoided.","It's a great American adventure, but it is also one of the worst.",False
899,"Although Adams lost in both the popular and electoral votes in the Presidential election of 1824, none of the candidates were able to secure a majority of the electoral vote, thereby putting the outcome in the hands of the House of Representatives, which to the surprise of many elected Adams over rival Andrew Jackson.","He was the son of President James Monroe and one of only two U.S Presidents to serve in office between 1776 and 1877, including George W. Bush as president himself until his death at Pearl Harbor.",He graduated from Dartmouth College in 1879 and was a member of the Yale Glee Club.,False
900,His work dealt largely with the poor urban black and mulatto communities of Bahia.,"He was a member of the Skull and Bones society, having been born in New York City.",It's a work of extraordinary intelligence and suspense.,False
901,"Dole was twice decorated for heroic achievement, receiving two Purple Hearts for his injuries, and the Bronze Star Medal for his attempt to assist a downed radio man.","He was awarded the 1921 Nobel Prize for Physics by his explanation of ""miracle year"".","The film's best known for its portrayal of the conflicted character, Tony Blair in a 1983 Westerns television drama called The Silence Of the Lambs.",False
902,"John Drew Barrymore, also known as John Barrymore, Jr., (June 4, 1929 - November 29, 2004) was an actor, one of The Barrymores, a family of actors that included his father, John Barrymore, and his father's siblings, his uncle Lionel and his aunt Ethel.","He was a member of the Executive Committee (1970-72), and served as chairman, President, and Deputy Director (1972 to 1972) from 1973 until 1977.","He was awarded the 1921 Nobel Prize for Physics by his explanation of ""miracle year"" and ""for his services to medical research"".",False
903,"He attended secondary school (Volksschule), and learned the trade of a joiner.","In 1876, he joined the United States Rubber Company (based in New York City) as manager of foreign division.","He was a member of the Executive Committee (1970-72), and served as chairman, President, and Deputy Director (1972 to 1972) from 1973 until 1977.",False
904,He was the founder and first president of the Naval War College between 1884 and 1886.,He was a founding member of the Arbusto Energy company and later served as managing general partner in this venture.,"He was born in San Juan, Puerto Rico to Rev. Martin Luther King Jr., Sr., and Mary Kennedy (nee Washington), both of whom were U.S. Presidents.",False
905,"Rather than retire, Adams would go on to win election as a Democratic-Republican to the House of Representatives beginning with the 22nd Congress, serving from March 4, 1831, until his death.","The film's best known for its portrayal of the conflicted character, Tony Blair in a 1983 Westerns television drama called The Silence Of the Lambs.",The movie is so bad that it almost ceases to be entertaining.,False
906,Distinctly sub-par... more likely to drown a viewer in boredom than to send any shivers down his spine.,"It's a great American adventure, but it is also one of the worst.","It's not a particularly good film, but neither is it bad.",False
907,He was the founder and first president of the Naval War College between 1884 and 1886.,"In 1894, he joined the United States Rubber Company (based in New York City) as manager of foreign division.",He was a founding member of the American Enterprise Institute.,False
908,"She later moved yet further from her Boston-based persecutors, to what is now The Bronx in northern New York City.","He was born in San Juan where his father, a physician, worked for the U.S. Embassy from 1801 to 1802 and died there in 1703.","John Fitzgerald Kennedy (May 23, 1787 - December 6, 1876) was a U.S. President and first United States Secretary of Defense from January to September 1870.",False
909,"Although Adams lost in both the popular and electoral votes in the Presidential election of 1824, none of the candidates were able to secure a majority of the electoral vote, thereby putting the outcome in the hands of the House of Representatives, which to the surprise of many elected Adams over rival Andrew Jackson.","He was born in New York City to William Aitken (1805-1948), a U.S. engineer, and his wife Eleanor Roosevelt; they had one son named Theodore Roosevelt, who died at birth.","He was born in New York City to William Aitken (1805-1948), a U.S. engineer, and his wife Eleanor Roosevelt; they had one son named Theodore Roosevelt, who died at birth.",True
910,"John William Coltrane (September 23, 1926 - July 17, 1967) was an American jazz saxophonist and composer.",He was awarded the Presidential Medal of Freedom.,"He was the son of President James Monroe and one of only two U.S Presidents to serve in office between 1776 and 1877, including George W. Bush as president himself until his death at Pearl Harbor.",False
911,Burroughs graduated from Harvard University in 1936.,He was awarded the Presidential Medal of Freedom.,He was a founding member of the Arbusto Energy company and later served as managing general partner in this venture.,False
912,"During this period, he personally drove his Quadricycle to victory in a race against Alexander Winton, a well-known driver and the heavy favorite on October 10, 1901.","In 1894, he was elected to the United States House of Representatives as a Republican from Connecticut.","The movie is a great story, but it also has plenty of room for the audience to express their hopes and dreams.",False
913,"Lift, the mother of Danny DeVito's character in her Academy Award nominated performance in Throw Momma from the Train.","He was awarded the 1921 Nobel Prize for Physics by his explanation of ""miracle year"" and ""for his services to medical research"".",A blandly unfunny and unimpressive piece of work from a man who has nothing left to prove.,False
914,"He was born near at Elston Hall near Nottingham, and educated at Chesterfield School then later at St. John's College, Cambridge.","He was born in San Juan, Puerto Rico to Rev. Martin Luther King Jr., Sr., and Mary Kennedy (nee Washington), both of whom were U.S. Presidents.","He was awarded the 1921 Nobel Prize for Physics by his explanation of ""miracle year"".",False
915,"... creates a visceral sense of its characters' lives and conflicted emotions that carries it far above... what could have been a melodramatic, Lifetime Channel-style anthology.","The movie is a blandly unfunny and pretentious affair, but it's also one of the funniest movies in recent years.","The movie is so bad that it almost ceases to be a worthwhile spectacle, and instead becomes something more appetizing than the original.",False
916,Adams received one electoral vote in the presidential election of 1820.,He graduated from Dartmouth College in 1879 and was a member of the Yale Glee Club.,"He was a member of the Skull and Bones society, but left in 1894 to become president of the American Civil Society.",False
917,Anemic chronicle of money grubbing New Yorkers and their serial loveless hook ups.,The movie is so bad that it almost ceases to be entertaining.,"In 1894, he joined the United States Rubber Company (based in New York City) as manager of foreign division.",False
918,"Lawford became an American citizen in 1960, in time to vote for his brother-in-law John F. Kennedy.",He was a member of the United States Republican Party and is currently the only Democrat elected to that office.,"He was a member of the Skull and Bones society, having been born in New York City.",False
919,"This picture is murder by numbers, and as easy to be bored by as your ABC's, despite a few whopping shootouts.",It's a work of extraordinary intelligence and suspense.,It's a staggeringly well-formed satire.,False
920,The sort of movie that gives tastelessness a bad rap.,It's a staggeringly well-formed satire.,He was a member of the United States Republican Party and is currently the only Democrat elected to that office.,False
921,"Hodgkin and Huxley shared the prize that year with John Carew Eccles, who was cited for research on synapses.","He was born in St Germain de Joux, France to a French and Danish descent.","He was born in St Germain de Joux, France to a French and Danish descent.",True
922,"Fans of the TV series will be disappointed, and everyone else will be slightly bored.",A blandly unfunny and unimpressive piece of work from a man who has nothing left to prove.,"In 1876, he joined the United States Rubber Company (based in New York City) as manager of foreign division.",False
923,Benjamin Everett Jordan (8 September 1896 - 15 March 1974) was a Democratic U.S. senator from the state of North Carolina between 1958 and 1973.,"John Fitzgerald Kennedy (May 23, 1787 - December 6, 1876) was a U.S. President and first United States Secretary of Defense from January to September 1870.","The film is a great example of how intolerance can tear apart families, and it's also one that should be avoided.",False
924,Exceptionally well acted by Diane Lane and Richard Gere.,A work of astonishing intelligence and grace.,"He was born in San Juan where his father, a physician, worked for the U.S. Embassy from 1801 to 1802 and died there in 1703.",False
925,"Rather than retire, Adams would go on to win election as a Democratic-Republican to the House of Representatives beginning with the 22nd Congress, serving from March 4, 1831, until his death.","He was a member of the Skull and Bones society, but left in 1894 to become president of the American Civil Society.",He was awarded the Presidential Medal of Freedom.,False
926,"The movie's plot is almost entirely witless and inane, carrying every gag two or three times beyond its limit to sustain a laugh.","The movie is so bad that it almost ceases to be a worthwhile spectacle, and instead becomes something more appetizing than the original.","The movie is a blandly unfunny and pretentious affair, but it's also one of the funniest movies in recent years.",False
927,"He attended secondary school (Volksschule), and learned the trade of a joiner.",He was a founding member of the American Enterprise Institute.,He was awarded the Presidential Medal of Freedom.,False
928,"He remained in Hollywood for the duration of the war, attaining the rank of captain.","He was elected to the United States House of Representatives in 1876, defeating incumbent John Kerry.","He graduated from high school in 1876 and enrolled at the University of Wisconsin-Madison, where he received a Bachelor's degree in Sociology.",False
929,"So young, so smart, such talent, such a wise ***.",It's a staggeringly well-acted and thoughtprovoking comedy.,"He was elected to the United States House of Representatives in 1876, defeating incumbent John Kerry.",False
930,He was one of the founder members of the Lunar Society.,He was born in New York City to William and Gladys.,"John Davison Rockefeller (July 30, 1876 - April 4, 1968), known as John F. Kennedy Jr., was an American capitalist most famous for his role in the founding of Standard Oil and its descendants include Henry Ford Motor Company, Henry Ford Coppola",False
931,The film serves as a valuable time capsule to remind us of the devastating horror suffered by an entire people.,The movie is as if it were a comedy about an old-school horror film.,It's a work of extraordinary grace and care.,False
932,He also starred in the mini series The Stand.,He was awarded the Presidential Medal of Freedom.,The movie is a work of astonishing grace and spare dialogue.,False
933,"As a girl-meets-girl romantic comedy, Kissing Jessica Steinis quirky, charming and often hilarious.","A work of extraordinary courage, but one that will only satisfy the most emotionally malleable.","He was born in St. Germain, France to a Jewish family.",False
934,A strangely compelling and brilliantly acted psychological drama.,The film is a work of astonishing depth and breadth.,He was awarded the Presidential Medal of Freedom in 1998.,False
935,"A lousy movie that's not merely unwatchable, but also unlistenable.","It's a great American adventure, but it is also one that will disappoint.","The movie is a great example of how the power of film to move us beyond our comfort zone and into something bigger, more profound.",False
936,"Dole was twice decorated for heroic achievement, receiving two Purple Hearts for his injuries, and the Bronze Star Medal for his attempt to assist a downed radio man.",He was awarded the Presidential Medal of Freedom in 1998.,"He was a member of the Skull and Bones society, as well as a founder of the Modernist school.",False
937,Exceptionally well acted by Diane Lane and Richard Gere.,A work of extraordinary grace and spare restraint.,"He served as a member of the United States Senate from Connecticut to January 3, 1943 and was one of only two U.S Presidents elected between 1898 and 1952 (the other being William Benton Rockefeller).",False
938,"Miguel Ferrer (born February 7, 1955 in Santa Monica, California) is a Puerto Rican-American actor who is often cast in movies as a villain.","He was born in St. Germain de Joux, France to a small town doctor and his wife were both of French descent.","He was a member of the Skull and Bones society, as well as an honorary fellow at Yale University's faculty of Sociology.",False
939,"``My god, I'm behaving like an idiot!''",It's a strange way to go about things.,"He was a member of the Skull and Bones society, as well as an occasional guest star on The Simpsons.",False
940,He had an elder brother named Emmet Olson.,He was a member of the Labour Party.,It's a staggeringly well-acted and thoughtprovoking comedy.,False
941,"As a girl-meets-girl romantic comedy, Kissing Jessica Steinis quirky, charming and often hilarious.",The movie is a blandly unfunny and the script lacks both suspense and humor.,He was a member of the Skull and Bones family.,False
942,"The family was Jewish (non-observant); Albert attended a Catholic elementary school and, at the insistence of his mother, was given violin lessons.","He graduated from high school in 1876 and enrolled at the University of Wisconsin-Madison, where he received a Bachelor's degree in Sociology.","It's a great American adventure, but it is also one that will disappoint.",False
943,His ancestor Johann Valentin Pressler emigrated to North America in 1710.,He was a member of the Skull and Bones family.,It's a strange way to go about things.,False
944,"Miguel Ferrer (born February 7, 1955 in Santa Monica, California) is a Puerto Rican-American actor who is often cast in movies as a villain.","He was born in St Germain, France to a Protestant preacher and his wife were both of Irish descent.",The movie is a blandly unfunny and the script lacks both suspense and humor.,False
945,"Even as I valiantly struggled to remain interested, or at least conscious, I could feel my eyelids... getting... very... heavy...","The movie is a great example of how the power of film to move us beyond our comfort zone and into something bigger, more profound.","The movie is a blast of energy, and the visuals are breathtakingly beautiful.",False
946,"The delicious trimmings... arrive early and stay late, filling nearly every minute... with a lighthearted glow, some impudent snickers, and a glorious dose of humankind's liberating ability to triumph over a Scrooge or two.","The film is a great example of how the power of cinema to give us an in-depth glimpse into our lives while simultaneously maintaining both sides of this emotionally malleable, self-destructive process.","A work of extraordinary courage, but one that will only satisfy the most emotionally malleable.",False
947,"In XXX, Diesel is that rare creature -- an action hero with table manners, and one who proves that elegance is more than tattoo deep.",The film is a great example of how the power of money to buy and spend their time in the theater.,The movie is as if it were a comedy about an old-school horror film.,False
948,His ancestor Johann Valentin Pressler emigrated to North America in 1710.,He was a member of the Skull and Bones society.,"The film is a great example of how the power of cinema to give us an in-depth glimpse into our lives while simultaneously maintaining both sides of this emotionally malleable, self-destructive process.",False
949,"A lousy movie that's not merely unwatchable, but also unlistenable.",It's a work of extraordinary grace and care.,The film is a work of astonishing depth and breadth.,False
950,The second coming of Harry Potter is a film far superior to its predecessor.,The movie is a work of astonishing grace and spare dialogue.,He was a member of the Labour Party.,False
951,"His father-in-law, George Herbert Walker, and Walker's partner, Averell Harriman, brought him on as an officer in their investment banking firm, W. A. Harriman and Company in 1926.","He was a founding member of the Arbusto Energy company, and later served as managing general partner (Gail Davis) from 1973 until 1977.",The film is a great example of how the power of money to buy and spend their time in the theater.,False
952,"Albert Einstein (March 14, 1879 - April 18, 1955) was a German-born Jewish theoretical physicist of German, Swiss and American citizenship, who is widely regarded as the greatest scientist of the 20th century or even of all time, ranking alongside the luminaries Newton and Gauss.","John Davison Rockefeller (July 30, 1876 - April 4, 1968), known as John F. Kennedy Jr., was an American capitalist most famous for his role in the founding of Standard Oil and its descendants include Henry Ford Motor Company, Henry Ford Coppola","He was born in St Germain, France to a Protestant preacher and his wife were both of Irish descent.",False
953,"Eventually, the band settled on Chad Channing, with whom the band recorded the album Bleach, released on Sub Pop Records in 1989.","He was a member of the Skull and Bones society, as well as an occasional guest star on The Simpsons.",He was a member of the Skull and Bones society.,False
954,"Bray is completely at sea; with nothing but a Savage Garden music video on his resume, he has no clue about making a movie.","The movie is a blast of energy, and the visuals are breathtakingly beautiful.",A work of extraordinary grace and spare restraint.,False
955,On 28 February 1934 he and Anthony Fokker each received an excessive half a million dollars for selling fifty military planes to the Soviet government.,"He served as a member of the United States Senate from Connecticut to January 3, 1943 and was one of only two U.S Presidents elected between 1898 and 1952 (the other being William Benton Rockefeller).",The movie is a blandly unfunny and depressing one.,False
956,"Hutchinson emigrated from England to Massachusetts in 1634, in response to the preacher John Cotton's doing so.","He was a member of the Skull and Bones society, as well as a founder of the Modernist school.",He was born in New York City to William and Gladys.,False
957,He had an elder brother named Emmet Olson.,"He was born in St. Germain, France to a Jewish family.","He was a founding member of the Arbusto Energy company, and later served as managing general partner (Gail Davis) from 1973 until 1977.",False
958,"Like the best of Godard's movies... it is visually ravishing, penetrating, impenetrable.",The movie is a blandly unfunny and depressing one.,"He was born in St. Germain de Joux, France to a small town doctor and his wife were both of French descent.",False
959,"His father-in-law, George Herbert Walker, and Walker's partner, Averell Harriman, brought him on as an officer in their investment banking firm, W. A. Harriman and Company in 1926.","He was a member of the Skull and Bones society, as well as an honorary fellow at Yale University's faculty of Sociology.",He was awarded the Presidential Medal of Freedom.,False
960,He was then hired by the legal department of CBS subsidiary Columbia Records.,He was a member of the Skull and Bones society.,"He was awarded the 1921 Nobel Prize for Physics by his wife, Marie Louise.",False
961,"A first-class, thoroughly involving B movie that effectively combines two surefire, beloved genres -- the prison flick and the fight film.","The movie is as if it were a preamble to the next day's events, only without much energy or focus.",He was a member of the Skull and Bones society.,False
962,"In 1983, Miguel was given a small part as a waiter in the movie The Man Who Wasn't There.","He was awarded the 1921 Nobel Prize for Physics by his wife, Marie Louise.","The movie is a blast of colorful, beautifully realized and photographed artifice that has been handed down from director to writer.",False
963,"His grandfather, also named William Seward Burroughs, founded the Burroughs Adding Machine company, which evolved into the Burroughs Corporation.","In 1879, he founded the Henry Ford Company as an independent general partner in the new York City firm of Standard Oil (ExxonMobil) and later became president of its descendants.",He was a member of the United States Republican Party and served as chairman from 1879 until 1890.,False
964,"Despite his father's opposition to him having a foreign-born wife, Adams wed Louisa Johnson in 1797.","In 1968, he joined the United States Rubber Company as manager of foreign division and moved to Greenwich, Connecticut.","The movie is a blast of energy, and the visuals are so well realized that you can tell when someone has been drinking to excess.",False
965,"In between his sea voyages, Kerouac stayed in New York with friends from Fordham.","He was born in New York City to William and Gladys Smith, the eldest of three children.","In 1968, he joined the United States Rubber Company as manager of foreign division and moved to Greenwich, Connecticut.",False
966,"As a girl-meets-girl romantic comedy, Kissing Jessica Steinis quirky, charming and often hilarious.",The film is as if it were a preamble to the next day's events.,"A portrait of a man who has no respect for human decency, but is driven by his beliefs.",False
967,"Ulysses S. Grant (April 27, 1822 - July 23, 1885) was the 18th President of the United States (1869 - 1877).","He served as a Republican in the United States Senate from January 3, 1953 until February 4, 1959.","He was a member of the Skull and Bones society, but left active duty in 1848.",False
968,"Viewed as a comedy, a romance, a fairy tale, or a drama, there's nothing remotely triumphant about this motion picture.","A portrait of a man who has no respect for human decency, but is driven by his beliefs.","He was a member of the Skull and Bones society, but left active duty in 1848.",False
969,"Frank Durward White (June 4, 1933 - May 21, 2003) was the Republican governor of the U.S. state of Arkansas from 1981 to 1983.",He was a member of the United States Republican Party and is currently the only Democrat elected to that office.,"He was a member of the Skull and Bones society, as well as a founder of the Rock and Roll Hall of Fame.",False
970,The film serves as a valuable time capsule to remind us of the devastating horror suffered by an entire people.,The movie is so bad that it almost ceases to be entertaining for critics.,"A work of extraordinary courage and grace, but also a deeply personal one.",False
971,"Bill ""Billy"" Boucher (b. November 10, 1899 in Ottawa, Ontario, Canada, died November 10, 1958) was a Canadian professional ice hockey rightwinger who played in the National Hockey League for the Montreal Canadiens, Boston Bruins and New York Americans.","John Davison Rockefeller (July 30, 1887 - December 23, 1969) was an American capitalist most known for his role in the early petroleum industry and as a founder of Standard Oil.",The movie is a blast of energy and the visuals are breathtaking.,False
972,"Eventually, the band settled on Chad Channing, with whom the band recorded the album Bleach, released on Sub Pop Records in 1989.","He was a member of the Skull and Bones society, but left in 1848 to become an apprentice machinist.","In 1879, he joined the United States Rubber Company (based in New York City) as manager of a foreign division and moved to Greenwich, Connecticut.",False
973,"Marvin graduated from Woodberry Forest School in 1975, and spent most summers and holidays at the sprawling family estate, the Bush Compound.","He was a member of the Skull and Bones society, but left in 1894 to become an apprentice machinist with his brother William.",The film is a work of extraordinary courage and grace.,False
974,The second coming of Harry Potter is a film far superior to its predecessor.,The film is a work of extraordinary courage and grace.,The movie is so bad that it almost ceases to be entertaining.,False
975,He was first appointed to fill the Senate seat of Ernest Lundeen who had died in office.,He was a member of the United States Republican Party and served as chairman from 1879 until 1890.,The film is as if it were a preamble to the next day's events.,False
976,"During this period, he personally drove his Quadricycle to victory in a race against Alexander Winton, a well-known driver and the heavy favorite on October 10, 1901.","In 1879, he joined the United States Rubber Company (based in New York City) as manager of a foreign division and moved to Greenwich, Connecticut.",He was also instrumental in the founding of Arista Records.,False
977,"She later moved yet further from her Boston-based persecutors, to what is now The Bronx in northern New York City.","He was a member of the Skull and Bones society, as well as a founder of the Rock and Roll Hall of Fame.",The movie is so bad that it almost ceases to be entertaining for critics.,False
978,What a great shame that such a talented director as Chen Kaige has chosen to make his English-language debut with a film so poorly plotted and scripted.,"The movie is a blast of colorful, beautifully realized and photographed artifice that has been handed down from director to writer.","The movie is so bad that it almost ceases to be funny, and the audience will probably laugh their collective asses off.",False
979,"Ulysses S. Grant (April 27, 1822 - July 23, 1885) was the 18th President of the United States (1869 - 1877).",He was a member of the United States Republican Party and is currently the only Democrat elected to that office.,"He was a member of the Skull and Bones society, but left in 1848 to become an apprentice machinist.",False
980,"He attended secondary school (Volksschule), and learned the trade of a joiner.",He was also instrumental in the founding of Arista Records.,"The movie is as if it were a preamble to the next day's events, only without much energy or focus.",False
981,"Even as I valiantly struggled to remain interested, or at least conscious, I could feel my eyelids... getting... very... heavy...","A work of extraordinary courage and grace, but also a deeply personal one.","He graduated from high school in 1953 and enrolled at the University of Wisconsin-Madison, where he received a relatively progressive education.",False
982,"The Emperor's Club is one of those films that possesses all the good intentions in the world, but...",The movie is a blast of energy and the visuals are breathtaking.,"He served as a Republican in the United States Senate from January 3, 1953 until February 4, 1959.",False
983,"While serving abroad, he met Louisa Catherine Johnson, the daughter of an American merchant living abroad.","He was a member of the Skull and Bones society, but left active duty in 1848.","John Davison Rockefeller (July 30, 1887 - December 23, 1969) was an American capitalist most known for his role in the early petroleum industry and as a founder of Standard Oil.",False
984,"In between his sea voyages, Kerouac stayed in New York with friends from Fordham.",He was a member of the Executive Committee at United Nations Commission on Human Rights.,He was a member of the United States Republican Party and is currently the only Democrat elected to that office.,False
985,"Arnold Alois Schwarzenegger (born July 30, 1947 in Thal, Styria, Austria) is an Austrian-American actor, Republican politician, and bodybuilder, currently serving as the 38th Governor of California.",He was a member of the United States Republican Party and is currently the only Democrat elected to that office.,"He was born in New York City to William and Gladys Smith, the eldest of three children.",False
986,"A loud, ugly, irritating movie without any of its satirical salvos hitting a discernible target.",A portrait of a man who has no respect for propriety.,"In 1879, he founded the Henry Ford Company as an independent general partner in the new York City firm of Standard Oil (ExxonMobil) and later became president of its descendants.",False
987,He was first appointed to fill the Senate seat of Ernest Lundeen who had died in office.,"He was a member of the Skull and Bones society, but left active duty in 1848.",A portrait of a man who has no respect for propriety.,False
988,"A first-class, thoroughly involving B movie that effectively combines two surefire, beloved genres -- the prison flick and the fight film.","The movie is so bad that it almost ceases to be funny, and the audience will probably laugh their collective asses off.","He was a member of the Skull and Bones society, but left in 1894 to become an apprentice machinist with his brother William.",False
989,"The family was Jewish (non-observant); Albert attended a Catholic elementary school and, at the insistence of his mother, was given violin lessons.","He graduated from high school in 1953 and enrolled at the University of Wisconsin-Madison, where he received a relatively progressive education.",He was a member of the Executive Committee at United Nations Commission on Human Rights.,False
990,"In XXX, Diesel is that rare creature -- an action hero with table manners, and one who proves that elegance is more than tattoo deep.","The movie is a blast of energy, and the visuals are so well realized that you can tell when someone has been drinking to excess.",He was a member of the United States Republican Party and is currently the only Democrat elected to that office.,False
991,"If you already like this sort of thing, this is that sort of thing all over again.",The movie is so bad that it almost ceases to be entertaining.,He was a member of the United States Republican Party and is currently the only Democrat elected to that office.,False
992,"Alain Choquart's camera barely stops moving, portraying both the turmoil of the time and giving Conduct a perpetual sense of urgency, which, for a film that takes nearly three hours to unspool, is both funny and irritating.","The film is a great example of the power of cinema to give us glimpses at our values, as well as into the lives of people who value their beliefs.","It's a great American adventure, but it also has some flaws.",False
993,"Despite his father's opposition to him having a foreign-born wife, Adams wed Louisa Johnson in 1797.","He was a member of the Skull and Bones society, but left in 1848 to become an apprentice machinist.","The movie is a blast of energy, and the performances are so well realized that you may forget all about the original.",False
994,"What makes How I Killed My Father compelling, besides its terrific performances, is Fontaine's willingness to wander into the dark areas of parent-child relationships without flinching.","The movie is a blast of colorful pop music, and the visual style expresses hope that audiences will take notice.","It's a strange film, but it is one of the funniest.",False
995,"Like the best of Godard's movies... it is visually ravishing, penetrating, impenetrable.",It's a work of astonishing grace and force.,He was educated at Marlborough College and received a Bachelor of Arts degree in Sociology.,False
996,He began to learn mathematics around age twelve.,He graduated from Dartmouth College in 1801.,"The movie is a great American adventure, but it also has plenty of fun for all ages.",False
997,"If you already like this sort of thing, this is that sort of thing all over again.","The film is a great American adventure, but it also has plenty of heartache.",The film is a masterpiece.,False
998,"Dole was twice decorated for heroic achievement, receiving two Purple Hearts for his injuries, and the Bronze Star Medal for his attempt to assist a downed radio man.","He was awarded the 1921 Nobel Prize for Physics, along with a B.S. degree from The University of Zurich in Physiology or Medicine (his work as an ""miracle year"").","He was a member of the Skull and Bones society, but his grandfather's first wife were both members.",False
999,"Adams was born in Braintree, Massachusetts in a part of town which eventually became the separate town of Quincy.","He was a member of the Skull and Bones society, but his grandfather's first wife were both members.",It's a work of astonishing grace.,False
1000,"So young, so smart, such talent, such a wise ***.","It's a great American adventure, but it also has some flaws.","The movie is a great adventure, but it also has plenty of room for the audience to take in and out of the picture.",False
1001,"Beautifully crafted, engaging filmmaking that should attract upscale audiences hungry for quality and a nostalgic, twisty yarn that will keep them guessing.","The movie is a great American adventure, but it also has plenty of fun for all ages.","The movie is so bad that it almost ceases to be entertaining, and the audience goes wild with delight.",False
1002,"Parker should be commended for taking a fresh approach to familiar material, but his determination to remain true to the original text leads him to adopt a somewhat mannered tone... that ultimately dulls the human tragedy at the story's core.","The movie is a great adventure, but it also has plenty of room for the audience to take in and out of the picture.","The film is a great American adventure, but it also has plenty of fodder for the next generation.",False
1003,These events soon led to the American Civil War.,"He was born in St Germain de Joux, France.",The movie is a thinly veiled look at the dangers of drugs.,False
1004,"Fans of the TV series will be disappointed, and everyone else will be slightly bored.",It's a work of astonishing grace.,"The film is a great American adventure, but it also has plenty of heartache.",False
1005,"Beautifully crafted, engaging filmmaking that should attract upscale audiences hungry for quality and a nostalgic, twisty yarn that will keep them guessing.","The movie is so bad that it almost ceases to be entertaining, and the audience goes wild with delight.","He was a member of the Skull and Bones society, but left active duty in 1848 to become president of the American Civil Society.",False
1006,"Cheney grew up in Casper, Wyoming, and met his high-school sweetheart and future wife, Lynne Vincent, at age fourteen.","He was married to actress Lyman, and they had five children: including actor Nicolas Cage.","He was born in St Germain de Joux, France.",False
1007,"Shamelessly resorting to pee-related sight gags that might even cause Tom Green a grimace; still, Myer's energy and the silliness of it all eventually prevail.","The movie is so bad that it almost ceases to be a worthwhile spectacle, and instead becomes fodder for the next generation.","He was a member of the Skull and Bones society, but left in 1848 to become an apprentice machinist.",False
1008,"Miguel Ferrer (born February 7, 1955 in Santa Monica, California) is a Puerto Rican-American actor who is often cast in movies as a villain.","He was a member of the Skull and Bones society, having been born in 1776 to Thomas Wolsey.","The movie is a blast of colorful pop music, and the visual style expresses hope that audiences will take notice.",False
1009,He was the first American to win a Nobel Prize in any category.,He was awarded the Presidential Medal of Freedom.,"John Fitzgerald Kennedy (May 23, 1787 - December 5, 1876) was a U.S. politician and the longest serving Governor of Florida from 1898 to 1893.",False
1010,The quirky drama touches the heart and the funnybone thanks to the energetic and always surprising performance by Rachel Griffiths.,"The film is a great example of how intolerance can tear families apart, and it also has fun with the audience.",It's a work of astonishing grace and force.,False
1011,"A lousy movie that's not merely unwatchable, but also unlistenable.",The movie is a thinly veiled look at the dangers of drugs.,"He was born in San Juan where his parents were both of Italian descent, and had been living since childhood until they moved to Puerto Rico.",False
1012,"Arnold Alois Schwarzenegger (born July 30, 1947 in Thal, Styria, Austria) is an Austrian-American actor, Republican politician, and bodybuilder, currently serving as the 38th Governor of California.","John Fitzgerald Kennedy (May 23, 1887 - December 5, 1963) was a U.S. President and first Governor of Florida from January 1, 1901 to February 3, 1953.","The movie is so bad that it almost ceases to be a worthwhile spectacle, and instead becomes fodder for the next generation.",False
1013,"Even as I valiantly struggled to remain interested, or at least conscious, I could feel my eyelids... getting... very... heavy...","The movie is a blast of energy, and the performances are so well realized that you may forget all about the original.","He was married to actress Lyman, and they had five children: including actor Nicolas Cage.",False
1014,"Albert Einstein (March 14, 1879 - April 18, 1955) was a German-born Jewish theoretical physicist of German, Swiss and American citizenship, who is widely regarded as the greatest scientist of the 20th century or even of all time, ranking alongside the luminaries Newton and Gauss.","John Davison Rockefeller (July 30, 1876 - December 23, 1953) was an American capitalist most known for his role in the early petroleum industry and its descendants include Standard Oil (ExxonMobil), Henry Ford Motor Company, and Henry Ford.","He was awarded the 1921 Nobel Prize for Physics, along with a B.S. degree from The University of Zurich in Physiology or Medicine (his work as an ""miracle year"").",False
1015,The quirky drama touches the heart and the funnybone thanks to the energetic and always surprising performance by Rachel Griffiths.,"It's a strange film, but it is one of the funniest.",He graduated from Dartmouth College in 1801.,False
1016,"He graduated from Princeton University in 1952, and attended Harvard University in 1954-55.",He was educated at Marlborough College and received a Bachelor of Arts degree in Sociology.,He was awarded the Presidential Medal of Freedom.,False
1017,Steers has an unexpectedly adamant streak of warm-blooded empathy for all his disparate Manhattan denizens -- especially the a**holes.,"The film is a great American adventure, but it also has plenty of fodder for the next generation.","John Davison Rockefeller (July 30, 1876 - December 23, 1953) was an American capitalist most known for his role in the early petroleum industry and its descendants include Standard Oil (ExxonMobil), Henry Ford Motor Company, and Henry Ford.",False
1018,"Although Adams lost in both the popular and electoral votes in the Presidential election of 1824, none of the candidates were able to secure a majority of the electoral vote, thereby putting the outcome in the hands of the House of Representatives, which to the surprise of many elected Adams over rival Andrew Jackson.","He was a member of the Skull and Bones society, having been ""discovered"" by his cousin Thomas Wolsey, one of only two surviving members to have been born there.","He was a member of the Skull and Bones society, having been born in 1776 to Thomas Wolsey.",False
1019,President Clinton awarded him the Presidential Medal of Freedom in early 1997 for his service in the military and his political career.,The film is a masterpiece.,"John Fitzgerald Kennedy (May 23, 1887 - December 5, 1963) was a U.S. President and first Governor of Florida from January 1, 1901 to February 3, 1953.",False
1020,On 28 February 1934 he and Anthony Fokker each received an excessive half a million dollars for selling fifty military planes to the Soviet government.,"He was a member of the Skull and Bones society, but left active duty in 1848 to become president of the American Civil Society.","He was a member of the Skull and Bones society, having been ""discovered"" by his cousin Thomas Wolsey, one of only two surviving members to have been born there.",False
1021,He was one of the founder members of the Lunar Society.,He was awarded the Presidential Medal of Freedom.,He was awarded the Presidential Medal of Freedom.,True
1022,"Albert Einstein (March 14, 1879 - April 18, 1955) was a German-born Jewish theoretical physicist of German, Swiss and American citizenship, who is widely regarded as the greatest scientist of the 20th century or even of all time, ranking alongside the luminaries Newton and Gauss.","He was born in San Juan where his parents were both of Italian descent, and had been living since childhood until they moved to Puerto Rico.","The film is a great example of how intolerance can tear families apart, and it also has fun with the audience.",False
1023,"He remained in Hollywood for the duration of the war, attaining the rank of captain.","John Fitzgerald Kennedy (May 23, 1787 - December 5, 1876) was a U.S. politician and the longest serving Governor of Florida from 1898 to 1893.","The film is a great example of the power of cinema to give us glimpses at our values, as well as into the lives of people who value their beliefs.",False
1024,President Clinton awarded him the Presidential Medal of Freedom in early 1997 for his service in the military and his political career.,"In 1968, he was awarded the Presidential Medal of Freedom for his services to humanitarian work in Gaza.","In 1968, he was awarded the Presidential Medal of Freedom for his services to humanitarian work in Gaza.",True
1025,He was then hired by the legal department of CBS subsidiary Columbia Records.,"He died in Santa Barbara, California.","He was a member of the Skull and Bones society, having been born in 1776.",False
1026,"Alain Choquart's camera barely stops moving, portraying both the turmoil of the time and giving Conduct a perpetual sense of urgency, which, for a film that takes nearly three hours to unspool, is both funny and irritating.","The film is a great example of the power of cinema to give us glimpses at our values, as well as into the lives of those who value their own beliefs.",He was educated at Marlborough College and received a Bachelor of Arts degree in Sociology.,False
1027,"Bill ""Billy"" Boucher (b. November 10, 1899 in Ottawa, Ontario, Canada, died November 10, 1958) was a Canadian professional ice hockey rightwinger who played in the National Hockey League for the Montreal Canadiens, Boston Bruins and New York Americans.","He was the son of a soldier in World War II and his wife, Eleanor Roosevelt.","The film is a great example of the power of cinema to give us glimpses at our values, as well as into the lives of those who value their own beliefs.",False
1028,"Marvin graduated from Woodberry Forest School in 1975, and spent most summers and holidays at the sprawling family estate, the Bush Compound.",He graduated from the University of Wisconsin-Madison in 1876 and earned a Juris Doctor (J.D.) degree in economics from Harvard Law School.,The movie is so bad that it becomes a lame excuse for us to spend our time worrying about whether or not we'll learn the lesson from this one.,False
1029,"A lousy movie that's not merely unwatchable, but also unlistenable.","It's a strange way to go, but it is one of the best.","John Winthrop (born April 5, 1953 in Columbus, Ohio) is an American film actor.",False
1030,"On April 8, 1995 he married actress Patricia Arquette.","He married Coretta Scott on June 5, 1953.",He graduated from the University of Wisconsin-Madison in 1876 and earned a Juris Doctor (J.D.) degree in economics from Harvard Law School.,False
1031,He was then hired by the legal department of CBS subsidiary Columbia Records.,"He was born in St. Germain, France to a small town doctor and his wife were both of French descent.","He was a member of the Executive Committee at United Nations Commission on Human Rights, and served as deputy director (1970-72) from 1972 until 1977.",False
1032,He also starred in the mini series The Stand.,"He was born in St Germain, France to a French and Italian descent.","He was the son of a soldier in World War II and his wife, Eleanor Roosevelt.",False
1033,"So young, so smart, such talent, such a wise ***.",The movie is a blast of energy and the visuals are breathtaking.,The film is a thinly veiled look at the lives of ordinary people living in poverty.,False
1034,"In between his sea voyages, Kerouac stayed in New York with friends from Fordham.","He was born in New York City to William and Mary Clooney, who were both of Irish descent.","He married Coretta Scott on April 5, 1953.",False
1035,"His grandfather, also named William Seward Burroughs, founded the Burroughs Adding Machine company, which evolved into the Burroughs Corporation.","In 1894, he joined the United States Rubber Company (based in New York City) as manager of its foreign division and moved to Greenwich, Connecticut.","He was born in New York City to William and Mary Clooney, who were both of Irish descent.",False
1036,"His father-in-law, George Herbert Walker, and Walker's partner, Averell Harriman, brought him on as an officer in their investment banking firm, W. A. Harriman and Company in 1926.","He was a member of the United States Rubber Company (based in New York City) and later with Brown Brothers Harriman, where he worked for the rest of his life.","He married Coretta Scott on June 5, 1953.",False
1037,"Marvin graduated from Woodberry Forest School in 1975, and spent most summers and holidays at the sprawling family estate, the Bush Compound.","He was a member of the Executive Committee at West Point, New York from 1989 until 1990.",He was a member of the United States Republican Party and is currently the only Democrat to have been elected to that office.,False
1038,"What makes How I Killed My Father compelling, besides its terrific performances, is Fontaine's willingness to wander into the dark areas of parent-child relationships without flinching.",The movie is so bad that it becomes a lame excuse for us to spend our time worrying about whether or not we'll learn the lesson from this one.,"He was born in St. Germain, France to a small town doctor and his wife were both of French descent.",False
1039,The film is so bad it doesn't improve upon the experience of staring at a blank screen.,The movie is so bad that it almost ceases to be entertaining.,He graduated from Morehouse College in 1876.,False
1040,In comparison to his earlier films it seems a disappointingly thin slice of lower-class London life; despite the title... amounts to surprisingly little.,"The movie is a blast of energy, and the performances are sublimely unfunny.","In 1894, he joined the United States Rubber Company (based in New York City) as manager of its foreign division and moved to Greenwich, Connecticut.",False
1041,"Bray is completely at sea; with nothing but a Savage Garden music video on his resume, he has no clue about making a movie.",The film is a thinly veiled look at the lives of ordinary people living in poverty.,The movie is so bad that it almost ceases to be entertaining.,False
1042,"... creates a visceral sense of its characters' lives and conflicted emotions that carries it far above... what could have been a melodramatic, Lifetime Channel-style anthology.","The movie is a great example of the power of film to move us from one visual marvel into another, and it's also an inspiring experience.","He served as a Republican from January 1, 1953 until February 3, 1954.",False
1043,"His employment by the General Electric company further enhanced his political image; he travelled widely as a GE spokesman, and was noted for his anti-Communist speeches.","He served as a Republican from January 1, 1953 until February 3, 1954.","The movie is a blast of energy, and the performances are sublimely unfunny.",False
1044,"John William Coltrane (September 23, 1926 - July 17, 1967) was an American jazz saxophonist and composer.","He was a member of the Skull and Bones society, having been born in 1776.","It's a great American adventure, but it also has plenty of scope for us to explore.",False
1045,"He was elected the Natrona County High School senior class president, represented the school at Boys State, and played halfback on the football team.","He was a member of the Skull and Bones society, having been educated at Yale University.","It's a strange way to go, but it is one of the best.",False
1046,"Rather than retire, Adams would go on to win election as a Democratic-Republican to the House of Representatives beginning with the 22nd Congress, serving from March 4, 1831, until his death.",He was a member of the United States Republican Party and is currently the only Democrat to have been elected to that office.,"He was a member of the Executive Committee at West Point, New York from 1989 until 1990.",False
1047,He began to learn mathematics around age twelve.,He graduated from Morehouse College in 1876.,"He was a member of the Skull and Bones society, having been educated at Yale University.",False
1048,He also starred in the mini series The Stand.,"He married Coretta Scott on April 5, 1953.","He was born in St Germain, France to a French and Italian descent.",False
1049,"During this time he worked on developing a federal system of roads, canals, bridges, lighthouses, and universities until Jackson, who defeated Adams in the latter's quest for re-election, was sworn in to replace him.","He was a member of the Skull and Bones society, but his grandfather's wishes were for him to become president himself.",The movie is a blast of energy and the visuals are breathtaking.,False
1050,Adams received one electoral vote in the presidential election of 1820.,He was educated at Marlborough College and received a Bachelor of Arts degree in Sociology.,"He was awarded the 1921 Nobel Prize for Physics by his explanation of ""miracle year"" and also served as a co-writer on Theoretical Physics (his work with Alan Lloyd, won the 1905 Nobel Peace Prize in Physiology or Medicine.",False
1051,"Lawford became an American citizen in 1960, in time to vote for his brother-in-law John F. Kennedy.","John Winthrop (born April 5, 1953 in Columbus, Ohio) is an American film actor.","He was a member of the Skull and Bones society, but his grandfather's wishes were for him to become president himself.",False
1052,"During this time he worked on developing a federal system of roads, canals, bridges, lighthouses, and universities until Jackson, who defeated Adams in the latter's quest for re-election, was sworn in to replace him.","He was a member of the Executive Committee at United Nations Commission on Human Rights, and served as deputy director (1970-72) from 1972 until 1977.","He was a member of the United States Rubber Company (based in New York City) and later with Brown Brothers Harriman, where he worked for the rest of his life.",False
1053,Benjamin Everett Jordan (8 September 1896 - 15 March 1974) was a Democratic U.S. senator from the state of North Carolina between 1958 and 1973.,He was a member of the United States Republican Party and is currently the only Democrat elected to that office.,"He died in Santa Barbara, California.",False
1054,"The Emperor's Club is one of those films that possesses all the good intentions in the world, but...","It's a great American adventure, but it also has plenty of scope for us to explore.",He was a member of the United States Republican Party and is currently the only Democrat elected to that office.,False
1055,"Dole was twice decorated for heroic achievement, receiving two Purple Hearts for his injuries, and the Bronze Star Medal for his attempt to assist a downed radio man.","He was awarded the 1921 Nobel Prize for Physics by his explanation of ""miracle year"" and also served as a co-writer on Theoretical Physics (his work with Alan Lloyd, won the 1905 Nobel Peace Prize in Physiology or Medicine.","The movie is a great example of the power of film to move us from one visual marvel into another, and it's also an inspiring experience.",False
1056,"His father-in-law, George Herbert Walker, and Walker's partner, Averell Harriman, brought him on as an officer in their investment banking firm, W. A. Harriman and Company in 1926.","He was a member of the Skull and Bones society, but left active duty in 1848 to become president of the American Nazi Party.","He was a founding member of the Arbusto Energy company, and later served as managing general partner.",False
1057,He was then hired by the legal department of CBS subsidiary Columbia Records.,"He was born in St Germain, France to a small town doctor and his wife were both Irish.","He was awarded the 1921 Nobel Prize for Physics, along with his explanation of ""miracle year"" and a Ph.D., both from The University of Zurich (where he won an Academy Award in Physiology or Medicine).",False
1058,Bad and baffling from the get-go.,"It's a great American adventure, but it is also one of the best.","The movie is so bad that it almost ceases to be a worthwhile spectacle, and instead focuses on the futile efforts of those who value money above substance.",False
1059,He was first appointed to fill the Senate seat of Ernest Lundeen who had died in office.,He was elected to the United States House of Representatives in 1841.,He was a member of the Democratic Party and is currently aligned with the Federalists.,False
1060,"In between his sea voyages, Kerouac stayed in New York with friends from Fordham.",He was a member of the Skull and Bones society.,"In 1876, he joined the United States Rubber Company (based in New York City) as manager of foreign division.",False
1061,"Dole has worked part-time for a Washington, DC, law firm, and engaged in a career of writing, consulting, public speaking, and television appearances.","He was a member of the Skull and Bones society, but left in 1891 to become president emeritus at Yale University.","He was a member of the Skull and Bones society, but left active duty in 1848 to become president of the American Nazi Party.",False
1062,Benjamin Everett Jordan (8 September 1896 - 15 March 1974) was a Democratic U.S. senator from the state of North Carolina between 1958 and 1973.,He was a member of the Democratic Party and is currently aligned with the Federalists.,He was a member of the United States Republican Party and is currently the Democratic candidate for Governor of California.,False
1063,"Rather than retire, Adams would go on to win election as a Democratic-Republican to the House of Representatives beginning with the 22nd Congress, serving from March 4, 1831, until his death.","He served as a Republican from January 1, 1901 until December 3, 1953.","He was a member of the Skull and Bones society, as well as an American Eagle Scout.",False
1064,"Even as I valiantly struggled to remain interested, or at least conscious, I could feel my eyelids... getting... very... heavy...","The movie is a blandly unfunny and unentertaining affair, one that will only satisfy the most emotionally malleable of filmgoers.","The film is a great example of the power of cinema to bring us together in one cohesive, coherent vision.",False
1065,Then he went on to a public grammar school for three years.,He was a member of the United States Republican Party and is currently the Democratic candidate for Governor of California.,"He was born in San Juan, Puerto Rico to a U.S. engineer and his wife Maria Elena Ferrer.",False
1066,"The movie's plot is almost entirely witless and inane, carrying every gag two or three times beyond its limit to sustain a laugh.","The film is a work of remarkable courage and grace, but it also has some serious soul searching.","A strange way to put it, but one that will appeal to a wider swath of American audience.",False
1067,"While it regards 1967 as the key turning point of the 20th century, and returns again and again to images of dissidents in the streets, it's alarmingly current.","The film is a great example of the power of small potatoes to stand in for bigger, more complex characters.","He served as a Republican from January 1, 1901 until December 3, 1953.",False
1068,"You come away wishing, though, that the movie spent a lot less time trying to make a credible case for reports from the afterlife and a lot more time on the romantic urgency that's at the center of the story.","The movie is so bad that it almost ceases to be a worthwhile spectacle, and instead focuses on the futile efforts of those who value money above substance.","He was born in St Germain, France to a small town doctor and his wife were both Irish.",False
1069,"Edric Frederick Gifford, 3rd Baron Gifford, VC (5 July 1849 - 5 June 1911) was an English recipient of the Victoria Cross, the highest and most prestigious award for gallantry in the face of the enemy that can be awarded to British and Commonwealth forces.","He was awarded the 1921 Nobel Prize for Physics, along with his explanation of ""miracle year"" and a Ph.D., both from The University of Zurich (where he won an Academy Award in Physiology or Medicine).",He was a member of the Skull and Bones society.,False
1070,"His grandfather, also named William Seward Burroughs, founded the Burroughs Adding Machine company, which evolved into the Burroughs Corporation.","In 1891, he founded the Standard Oil Company (based in New York City) as an oil and gas exploration company.",He was elected to the United States House of Representatives in 1841.,False
1071,"Miguel Ferrer (born February 7, 1955 in Santa Monica, California) is a Puerto Rican-American actor who is often cast in movies as a villain.","He was born in San Juan, Puerto Rico to a U.S. engineer and his wife Maria (née Ferrer) who were both of Italian descent.","The film is a work of remarkable courage and grace, but it also has some serious soul searching.",False
1072,"He attended secondary school (Volksschule), and learned the trade of a joiner.","He was a founding member of the Arbusto Energy company, and later served as managing general partner.","He was a member of the United States Republican Party and served as chairman of the U.S. Senate from January until December 3, 2003.",False
1073,"Cheney grew up in Casper, Wyoming, and met his high-school sweetheart and future wife, Lynne Vincent, at age fourteen.",He was married to actress Rosemary Clooney for the rest of his life.,"He was born in St Germain de Joux, France.",False
1074,"Albert Einstein (March 14, 1879 - April 18, 1955) was a German-born Jewish theoretical physicist of German, Swiss and American citizenship, who is widely regarded as the greatest scientist of the 20th century or even of all time, ranking alongside the luminaries Newton and Gauss.","John Winthrop (born April 5, 1953 in New York City) is an American film actor.","He was born in San Juan where his father, a physician and grandfather were both of Puerto Rican descent.",False
1075,"He was born near at Elston Hall near Nottingham, and educated at Chesterfield School then later at St. John's College, Cambridge.","He was born in San Juan where his father, a physician and grandfather were both of Puerto Rican descent.","John Winthrop (born April 5, 1953 in New York City) is an American film actor.",False
1076,"During this period, he personally drove his Quadricycle to victory in a race against Alexander Winton, a well-known driver and the heavy favorite on October 10, 1901.","He was a member of the Skull and Bones society, including his grandfather, Charles Edwardthrop.","He was a member of the Skull and Bones society, including his grandfather, Charles Edwardthrop.",True
1077,"Like the best of Godard's movies... it is visually ravishing, penetrating, impenetrable.","It's a great American adventure, but it also has some flaws.","He was born in San Juan, Puerto Rico to a U.S. engineer and his wife Maria (née Ferrer) who were both of Italian descent.",False
1078,His gift of $5 million dollars helped found the Great Smoky Mountains National Park.,"He was a founding member of the Arbusto Energy company, and later became Standard Oil.","It's a great American adventure, but it also has some flaws.",False
1079,"She later moved yet further from her Boston-based persecutors, to what is now The Bronx in northern New York City.","He was born in San Juan, Puerto Rico to a U.S. engineer and his wife Maria Elena Ferrer.","He was a member of the Skull and Bones society, but left in 1891 to become president emeritus at Yale University.",False
1080,"In XXX, Diesel is that rare creature -- an action hero with table manners, and one who proves that elegance is more than tattoo deep.","The film is a great example of the power of cinema to bring us together in one cohesive, coherent vision.","The film is a great example of the power of small potatoes to stand in for bigger, more complex characters.",False
1081,"After this initial success, Ford left Edison Illuminating and, with other investors, formed the Detroit Automobile Company.","In 1876, he joined the United States Rubber Company (based in New York City) as manager of foreign division.","It's a great American adventure, but it is also one of the best.",False
1082,"John Drew Barrymore, also known as John Barrymore, Jr., (June 4, 1929 - November 29, 2004) was an actor, one of The Barrymores, a family of actors that included his father, John Barrymore, and his father's siblings, his uncle Lionel and his aunt Ethel.","He was a member of the United States Marine Corps, and served as general-in-chief (1939 to 1848) during World War I.",He was married to actress Rosemary Clooney for the rest of his life.,False
1083,"Despite his father's opposition to him having a foreign-born wife, Adams wed Louisa Johnson in 1797.","He was a member of the Skull and Bones society, as well as an American Eagle Scout.","In 1891, he founded the Standard Oil Company (based in New York City) as an oil and gas exploration company.",False
1084,"Adams was born in Braintree, Massachusetts in a part of town which eventually became the separate town of Quincy.","He was born in St Germain de Joux, France.","He was a founding member of the Arbusto Energy company, and later became Standard Oil.",False
1085,"What makes How I Killed My Father compelling, besides its terrific performances, is Fontaine's willingness to wander into the dark areas of parent-child relationships without flinching.","The movie is so bad that it almost ceases to be funny, and the audience will probably laugh their collective asses off at its goofy antics.","He was a member of the United States Marine Corps, and served as general-in-chief (1939 to 1848) during World War I.",False
1086,"Adams was born in Braintree, Massachusetts in a part of town which eventually became the separate town of Quincy.","He was a member of the United States Republican Party and served as chairman of the U.S. Senate from January until December 3, 2003.","The movie is a blandly unfunny and unentertaining affair, one that will only satisfy the most emotionally malleable of filmgoers.",False
1087,"If you already like this sort of thing, this is that sort of thing all over again.","A strange way to put it, but one that will appeal to a wider swath of American audience.","The movie is so bad that it almost ceases to be funny, and the audience will probably laugh their collective asses off at its goofy antics.",False
1088,He was the founder and first president of the Naval War College between 1884 and 1886.,"He was a founding member of the Arithmometer Company, which publishes multiple intelligence methods.",A blandly unfunny and unentertaining comedy about a man who values his own personal success.,False
1089,"Hutchinson emigrated from England to Massachusetts in 1634, in response to the preacher John Cotton's doing so.",He was born in San Juan where his family lived until he was 15.,"He was a member of the Skull and Bones society, but left in 1848 to become president of the American Mathematical Society.",False
1090,He had an elder brother named Emmet Olson.,He was awarded the Distinguished Service Medal.,The movie is as if it were a preamble to the next level of the original's dialogue and visual style.,False
1091,"A first-class, thoroughly involving B movie that effectively combines two surefire, beloved genres -- the prison flick and the fight film.","The movie is so bad that it almost ceases to be entertaining, and the audience has little patience for criticism.",He was awarded the 1921 Nobel Prize for Physics.,False
1092,It's anchored by splendid performances from an honored screen veteran and a sparkling newcomer who instantly transform themselves into a believable mother/daughter pair.,The movie is as if it were a preamble to the next level of the original's dialogue and visual style.,He was a founding member of the Arithmometer Company.,False
1093,"Beautifully crafted, engaging filmmaking that should attract upscale audiences hungry for quality and a nostalgic, twisty yarn that will keep them guessing.","The movie is so bad that it almost ceases to be a compelling story, but neither are the characters nor their motivations.","He was a member of the Skull and Bones society, but left that organization to become president.",False
1094,He was one of the founder members of the Lunar Society.,He was a founding member of the Arithmometer Company.,"In 1968, he joined the Ford Motor Company as manager of its foreign division.",False
1095,Steers has an unexpectedly adamant streak of warm-blooded empathy for all his disparate Manhattan denizens -- especially the a**holes.,"The film is a great example of the power of cinema to teach us about the dangers of drugs, and how they can't stop them.","He married Coretta Scott on January 23, 1953.",False
1096,"During this time he worked on developing a federal system of roads, canals, bridges, lighthouses, and universities until Jackson, who defeated Adams in the latter's quest for re-election, was sworn in to replace him.","He was a member of the U.S. Senate from Connecticut and served as an unsuccessful candidate for re-election in 1823, defeating William Benton by only 1,000 votes.",He was a member of the United States Republican Party and is currently the only Democrat elected to that office.,False
1097,"She later moved yet further from her Boston-based persecutors, to what is now The Bronx in northern New York City.","He was a member of the Skull and Bones society, but left in 1848 to become president of the American Mathematical Society.","It's a great film, but it is also one of the worst.",False
1098,Distinctly sub-par... more likely to drown a viewer in boredom than to send any shivers down his spine.,The movie is so bad that it becomes a rambling and incoherent commentary on the current state of affairs.,"He was born in San Juan, Puerto Rico to a Cuban immigrant and his wife were both of Puerto Rican descent.",False
1099,What a great shame that such a talented director as Chen Kaige has chosen to make his English-language debut with a film so poorly plotted and scripted.,A blandly unfunny and unentertaining comedy about a man who values his own personal success.,"The movie is so bad that it almost ceases to be a compelling story, but neither are the characters nor their motivations.",False
1100,On 28 February 1934 he and Anthony Fokker each received an excessive half a million dollars for selling fifty military planes to the Soviet government.,"He was a member of the Skull and Bones society, having been ""discovered"" by his cousin Thomas Wolsey.","The movie is so bad that it almost ceases to be entertaining, and the audience has little patience for criticism.",False
1101,"Rosemary, Betty, and brother, Nick, as well as her nephew, George Clooney (Nick's son), all became entertainers.","He was born in San Juan, Puerto Rico to a U.S. engineer and his wife Maria Cantina (1875-1948).","In 1876, he founded the Arbusto Energy Company with Henry Ford as manager of its exploration and development efforts.",False
1102,"Albert Einstein (March 14, 1879 - April 18, 1955) was a German-born Jewish theoretical physicist of German, Swiss and American citizenship, who is widely regarded as the greatest scientist of the 20th century or even of all time, ranking alongside the luminaries Newton and Gauss.","John Davison Rockefeller (July 30, 1876 - December 23, 1972) was an American capitalist most known for his role in the early petroleum industry.","He was a founding member of the Arithmometer Company, which publishes multiple intelligence methods.",False
1103,"Bill ""Billy"" Boucher (b. November 10, 1899 in Ottawa, Ontario, Canada, died November 10, 1958) was a Canadian professional ice hockey rightwinger who played in the National Hockey League for the Montreal Canadiens, Boston Bruins and New York Americans.","John Fitzgerald Kennedy (May 23, 1787 - May 5, 1876) was an American politician who served as the 35th Governor of Florida from January 1, 1917 to December 3, 1968.","He was a member of the United States Marine Corps, and served as captain in the American Expeditionary Forces (USAAF) during World War II.",False
1104,This led to his being hired by Westinghouse company to service their steam engines.,He was awarded the 1921 Nobel Prize for Physics.,"He was awarded the 1921 Nobel Prize for Physics by his explanation of ""miracle year"" and ""for his services to medical research at the Royal Society in Physiology or Medicine (1950).",False
1105,"After this initial success, Ford left Edison Illuminating and, with other investors, formed the Detroit Automobile Company.","In 1876, he founded the Arbusto Energy Company with Henry Ford as manager of its exploration and development efforts.",It's a work of astonishing grace and originality.,False
1106,"Ulysses S. Grant (April 27, 1822 - July 23, 1885) was the 18th President of the United States (1869 - 1877).","He was born in San Juan, Puerto Rico to a Cuban immigrant and his wife were both of Puerto Rican descent.","John Fitzgerald Kennedy (May 23, 1787 - May 5, 1876) was an American politician who served as the 35th Governor of Florida from January 1, 1917 to December 3, 1968.",False
1107,"He attended secondary school (Volksschule), and learned the trade of a joiner.",He was awarded the Presidential Medal of Freedom in 1970.,"The movie is a blandly unfunny and pretentious affair, but it's also one of the funniest films in recent years.",False
1108,His gift of $5 million dollars helped found the Great Smoky Mountains National Park.,"In 1968, he joined the Ford Motor Company as manager of its foreign division.",He was awarded the Distinguished Service Medal.,False
1109,"Abram Joffe, a Soviet physicist who knew Einstein, in an obituary of Einstein, wrote, ""The author of [the papers of 1905] was ... a bureaucrat at the Patent Office in Bern, Einstein-Maria"" and this has recently been taken as evidence of a collaborative relationship.","He was born in San Juan, Puerto Rico to a wealthy family who had been living there since the beginning of time.","John Davison Rockefeller (July 30, 1876 - December 23, 1972) was an American capitalist most known for his role in the early petroleum industry.",False
1110,"Like the best of Godard's movies... it is visually ravishing, penetrating, impenetrable.","It's a great film, but it is also one of the worst.",He was awarded the Presidential Medal of Freedom in 1970.,False
1111,Then he went on to a public grammar school for three years.,He was awarded the 1921 Nobel Prize for Physics.,"He was born in San Juan, Puerto Rico to a wealthy family who had been living there since the beginning of time.",False
1112,"Even as I valiantly struggled to remain interested, or at least conscious, I could feel my eyelids... getting... very... heavy...","The movie is a blandly unfunny and pretentious affair, but it's also one of the funniest films in recent years.",He was born in San Juan where his family lived until he was 15.,False
1113,"Dole was twice decorated for heroic achievement, receiving two Purple Hearts for his injuries, and the Bronze Star Medal for his attempt to assist a downed radio man.","He was awarded the 1921 Nobel Prize for Physics by his explanation of ""miracle year"" and ""for his services to medical research at the Royal Society in Physiology or Medicine (1950).",He graduated from the University of Wisconsin-Madison in 1876 and received a Juris Doctor (J.D.) degree in economics in 1896.,False
1114,"Rather than retire, Adams would go on to win election as a Democratic-Republican to the House of Representatives beginning with the 22nd Congress, serving from March 4, 1831, until his death.",He was a member of the United States Republican Party and is currently the only Democrat elected to that office.,"He was born in San Juan, Puerto Rico to a U.S. engineer and his wife Maria Cantina (1875-1948).",False
1115,"He was born near at Elston Hall near Nottingham, and educated at Chesterfield School then later at St. John's College, Cambridge.","He was a member of the United States Marine Corps, and served as captain in the American Expeditionary Forces (USAAF) during World War II.","The film is a great example of the power of cinema to teach us about the dangers of drugs, and how they can't stop them.",False
1116,"Marvin graduated from Woodberry Forest School in 1975, and spent most summers and holidays at the sprawling family estate, the Bush Compound.",He graduated from the University of Wisconsin-Madison in 1876 and received a Juris Doctor (J.D.) degree in economics in 1896.,The movie is so bad that it becomes a rambling and incoherent commentary on the current state of affairs.,False
1117,Exceptionally well acted by Diane Lane and Richard Gere.,It's a work of astonishing grace and originality.,"He was a member of the U.S. Senate from Connecticut and served as an unsuccessful candidate for re-election in 1823, defeating William Benton by only 1,000 votes.",False
1118,This led to his being hired by Westinghouse company to service their steam engines.,"He was a member of the Skull and Bones society, but left that organization to become president.",He was awarded the 1921 Nobel Prize for Physics.,False
1119,"The couple have four children: daughters Katherine and Christina, and sons Patrick and Christopher.","He married Coretta Scott on January 23, 1953.","He was a member of the Skull and Bones society, having been ""discovered"" by his cousin Thomas Wolsey.",False
1120,"After this initial success, Ford left Edison Illuminating and, with other investors, formed the Detroit Automobile Company.","In 1891, he founded the Arista Records as a nonperformer.","He was a founding member of the Arithmometer Company, which publishes various types of information and is one of its descendants.",False
1121,He was then hired by the legal department of CBS subsidiary Columbia Records.,He was a member of the Skull and Bones society.,The film is a work of astonishing clarity and grace.,False
1122,"A first-class, thoroughly involving B movie that effectively combines two surefire, beloved genres -- the prison flick and the fight film.","The movie is a great example of how intolerance can tear apart families, and the power to make them whole.",The film is a work of astonishing grace.,False
1123,"While serving abroad, he met Louisa Catherine Johnson, the daughter of an American merchant living abroad.","He was a member of the Skull and Bones society, having been born in 1776 to Thomas Wolsey.","John Fitzgerald Kennedy (May 23, 1787 - April 5, 1876) was an American novelist and poet.",False
1124,"If you already like this sort of thing, this is that sort of thing all over again.","The movie is so bad that it almost ceases to be entertaining, and the audience will probably forget all about its original.","He was a founding member of the United States Marine Corps, and later served as general-in-chief (1917 - 1876) during World War I.",False
1125,He was then hired by the legal department of CBS subsidiary Columbia Records.,He was a member of the United States Republican Party from 1989 until 1993.,"He was a member of the Skull and Bones society, but left in 1953 to become president.",False
1126,"Despite his father's opposition to him having a foreign-born wife, Adams wed Louisa Johnson in 1797.","He was a member of the Skull and Bones society, but left in 1953 to become president emeritus at Yale University.",He was a member of the Skull and Bones society.,False
1127,Then he went on to a public grammar school for three years.,"He was a founding member of the Arithmometer Company, which publishes various types of information and is one of its descendants.","John Winthrop (January 30, 1876 - December 23, 1972) was an American novelist and poet.",False
1128,"He was born near at Elston Hall near Nottingham, and educated at Chesterfield School then later at St. John's College, Cambridge.","He was born in San Juan where his father, a blacksmith, died suddenly at age 93.","He graduated from high school in 1894 and enrolled at the University of Wisconsin-Madison, where he earned a Bachelor's degree in Sociology.",False
1129,"The couple have four children: daughters Katherine and Christina, and sons Patrick and Christopher.","He married Coretta Scott on May 23, 1953.","The film is a great American adventure, but it also has plenty of thrills to keep you entertained.",False
1130,In 1902 Geiger began to study physics and mathematics in Erlangen and later attained a doctorate in 1906.,He graduated from high school in 1953 and received a Juris Doctor (J.D.) degree in 1954.,"The film is a marvelous adventure, but it also has plenty of room for the rest to giddy with emotion.",False
1131,"The Emperor's Club is one of those films that possesses all the good intentions in the world, but...",The film is a work of astonishing clarity and grace.,"The movie is so bad that it almost ceases to be entertaining, and the audience will probably forget all about its original.",False
1132,He was then hired by the legal department of CBS subsidiary Columbia Records.,He was a member of the Skull and Bones society.,He was a member of the Skull and Bones society.,True
1133,He was then hired by the legal department of CBS subsidiary Columbia Records.,He graduated from Morehouse College with a Bachelor of Arts degree in Sociology in 1953.,"He was a founding member of the Arithmometer Company, which publishes multiple intelligence methods.",False
1134,Distinctly sub-par... more likely to drown a viewer in boredom than to send any shivers down his spine.,"The film is a marvelous adventure, but it also has plenty of room for the rest to giddy with emotion.","He was a member of the Skull and Bones society, having been born in 1776 to Thomas Wolsey.",False
1135,Anemic chronicle of money grubbing New Yorkers and their serial loveless hook ups.,"It's a great American adventure, but it is also one that should be avoided.","The movie is a great example of how intolerance can tear apart families, and the power to make them whole.",False
1136,"John William Coltrane (September 23, 1926 - July 17, 1967) was an American jazz saxophonist and composer.","John Winthrop (January 30, 1876 - December 23, 1972) was an American novelist and poet.","He was a member of the Skull and Bones society, but left in 1953 to become president emeritus at Yale University.",False
1137,"He was elected the Natrona County High School senior class president, represented the school at Boys State, and played halfback on the football team.","He graduated from high school in 1894 and enrolled at the University of Wisconsin-Madison, where he earned a Bachelor's degree in Sociology.","It's a great American adventure, but it is also one that suffers from the cumulative effect.",False
1138,"Cheney grew up in Casper, Wyoming, and met his high-school sweetheart and future wife, Lynne Vincent, at age fourteen.","He was a member of the Skull and Bones family, but left in 1953 to become an apprentice machinist.",He graduated from Morehouse College with a Bachelor of Arts degree in Sociology in 1953.,False
1139,"In 1983, Miguel was given a small part as a waiter in the movie The Man Who Wasn't There.","He was born in San Juan, Puerto Rico to a U.S. engineer and his wife Eleanor Roosevelt.","He was a member of the Skull and Bones family, but left in 1953 to become an apprentice machinist.",False
1140,... something appears to have been lost in the translation this time.,"It's a great American adventure, but it is also one that suffers from the cumulative effect.","He was awarded the 1921 Nobel Prize for Physics by his son, Isaac Darwin (who won a second Nobel Prize in Physiology or Medicine for his explanation of ""miracle year"") and ""for his services to medicine"".",False
1141,A strangely compelling and brilliantly acted psychological drama.,The film is a work of astonishing grace.,"The movie is so bad that it almost ceases to be entertaining, and the audience goes wild with rage at being insulted.",False
1142,"Despite his father's opposition to him having a foreign-born wife, Adams wed Louisa Johnson in 1797.","He was a member of the Skull and Bones society, but left in 1953 to become president.",He graduated from high school in 1953 and received a Juris Doctor (J.D.) degree in 1954.,False
1143,"Dole was twice decorated for heroic achievement, receiving two Purple Hearts for his injuries, and the Bronze Star Medal for his attempt to assist a downed radio man.","He was awarded the 1921 Nobel Prize for Physics by his son, Isaac Darwin (who won a second Nobel Prize in Physiology or Medicine for his explanation of ""miracle year"") and ""for his services to medicine"".","He was born in San Juan, Puerto Rico to a U.S. engineer and his wife Eleanor Roosevelt.",False
1144,"Lawford became an American citizen in 1960, in time to vote for his brother-in-law John F. Kennedy.","John Fitzgerald Kennedy (May 23, 1787 - April 5, 1876) was an American novelist and poet.",He was a member of the United States Republican Party from 1989 until 1993.,False
1145,His gift of $5 million dollars helped found the Great Smoky Mountains National Park.,"He was a founding member of the Arithmometer Company, which publishes multiple intelligence methods.",He was a member of the United States Republican Party and served as chairman of the Democratic Leadership Council from 1975 until 1977.,False
1146,"... creates a visceral sense of its characters' lives and conflicted emotions that carries it far above... what could have been a melodramatic, Lifetime Channel-style anthology.","The movie is a blast of energy, and the performances are so well realized that you can tell when someone has been drinking their guts out.","He married Coretta Scott on May 23, 1953.",False
1147,"Rather than retire, Adams would go on to win election as a Democratic-Republican to the House of Representatives beginning with the 22nd Congress, serving from March 4, 1831, until his death.","He was a founding member of the United States Marine Corps, and later served as general-in-chief (1917 - 1876) during World War I.","The movie is a blast of energy, and the performances are so well realized that you can tell when someone has been drinking their guts out.",False
1148,"John William Coltrane (September 23, 1926 - July 17, 1967) was an American jazz saxophonist and composer.",He was a member of the United States Republican Party and served as chairman of the Democratic Leadership Council from 1975 until 1977.,"John Winthrop (May 23, 1876 - December 5, 1959) was an American capitalist most known for his role in the early petroleum industry.",False
1149,"The movie's plot is almost entirely witless and inane, carrying every gag two or three times beyond its limit to sustain a laugh.","The movie is so bad that it almost ceases to be entertaining, and the audience goes wild with rage at being insulted.","It's a great American adventure, but it is also one that should be avoided.",False
1150,"Ulysses S. Grant (April 27, 1822 - July 23, 1885) was the 18th President of the United States (1869 - 1877).","John Winthrop (May 23, 1876 - December 5, 1959) was an American capitalist most known for his role in the early petroleum industry.","He was born in San Juan where his father, a blacksmith, died suddenly at age 93.",False
1151,"The Emperor's Club is one of those films that possesses all the good intentions in the world, but...","The film is a great American adventure, but it also has plenty of thrills to keep you entertained.","In 1891, he founded the Arista Records as a nonperformer.",False
1152,"Alain Choquart's camera barely stops moving, portraying both the turmoil of the time and giving Conduct a perpetual sense of urgency, which, for a film that takes nearly three hours to unspool, is both funny and irritating.","The only entertainment you'll get from watching the two men arguing over whether or not they should spend their time in a bar, doing laundry is pretty much what happens when you're done with your hair.","He was a member of the Skull and Bones society, but left active duty in 1848 to become an apprentice machinist.",False
1153,Bad and baffling from the get-go.,"It's not funny, but neither is it a comedy.",A work of astonishing grace and extraordinary intelligence.,False
1154,In 1902 Geiger began to study physics and mathematics in Erlangen and later attained a doctorate in 1906.,He graduated from high school in 1953 and enrolled at the University of Wisconsin-Madison.,"It's a great American adventure, but it also has plenty of flaws.",False
1155,"Parker should be commended for taking a fresh approach to familiar material, but his determination to remain true to the original text leads him to adopt a somewhat mannered tone... that ultimately dulls the human tragedy at the story's core.","The film is a great example of the power of cinema to bring us together, and its performances are so well realized that it's almost impossible for anyone else to get there.","It's a great American adventure, but it also has some flaws.",False
1156,"Rather than retire, Adams would go on to win election as a Democratic-Republican to the House of Representatives beginning with the 22nd Congress, serving from March 4, 1831, until his death.","He was a member of the Executive Committee at United Nations Commission on Human Rights, and served as deputy director (1970-72) from 1972 until 1977.",He graduated from high school in 1953 and enrolled at the University of Wisconsin-Madison.,False
1157,"His father-in-law, George Herbert Walker, and Walker's partner, Averell Harriman, brought him on as an officer in their investment banking firm, W. A. Harriman and Company in 1926.","He was a member of the Executive Committee at United Nations Commission on Human Rights, and served as president of that organization from 1978 until 1979.","It's not funny, but neither is it a comedy.",False
1158,This led to his being hired by Westinghouse company to service their steam engines.,"He was awarded the 1921 Nobel Prize in Chemistry for his explanation of ""miracle year"".",The film is neither as romantic nor as thrilling.,False
1159,"John William Coltrane (September 23, 1926 - July 17, 1967) was an American jazz saxophonist and composer.","He was born in San Juan, Puerto Rico to a U.S. engineer and his wife Maria (née Ferrer) who died at age of 17.","He was born in San Juan, Puerto Rico to a Cuban and Mexican descent.",False
1160,The quirky drama touches the heart and the funnybone thanks to the energetic and always surprising performance by Rachel Griffiths.,"The movie is so bad that it becomes a cult hero, and the audience will probably forget about it.","He was a member of the Skull and Bones society, having been sent to Greenwich, Connecticut by his U.S. counterpart James Whale in what later became Rhode Island.",False
1161,"Rather than retire, Adams would go on to win election as a Democratic-Republican to the House of Representatives beginning with the 22nd Congress, serving from March 4, 1831, until his death.","He was a member of the Skull and Bones society, having been sent to Greenwich, Connecticut by his U.S. counterpart James Whale in what later became Rhode Island.","John Fitzgerald Kennedy (May 23, 1787 - May 5, 1876) was a U.S. President and first United States Secretary of Defense from January 1, 1677 to February 4, 1879.",False
1162,The film is so bad it doesn't improve upon the experience of staring at a blank screen.,"The movie is a blast of energy, and the visuals are grand.","In 1879, after a two-day trial she was banished from the penal colony of Toba (now in Creteil, France) for her involvement in the assassination of President James Monroe.",False
1163,"During this period, he personally drove his Quadricycle to victory in a race against Alexander Winton, a well-known driver and the heavy favorite on October 10, 1901.","In 1894, he joined the United States Rubber Company (based in New York City) as manager of a foreign division and moved to Greenwich, Connecticut.","John Davison Rockefeller (born April 5, 1953 in New York City) is an American capitalist most known for his role as the founder of Standard Oil.",False
1164,These events soon led to the American Civil War.,"He married his second wife, actress Carrol Flynn in 1953.","The movie is a blast of energy, and the visuals are grand.",False
1165,"Cheney grew up in Casper, Wyoming, and met his high-school sweetheart and future wife, Lynne Vincent, at age fourteen.",He was born in New York City to a Jewish American family and an Irish-American civil servant.,"He was awarded the 1921 Nobel Prize in Chemistry for his explanation of ""miracle year"".",False
1166,"Arnold Alois Schwarzenegger (born July 30, 1947 in Thal, Styria, Austria) is an Austrian-American actor, Republican politician, and bodybuilder, currently serving as the 38th Governor of California.","John Davison Rockefeller (born April 5, 1953 in New York City) is an American capitalist most known for his role as the founder of Standard Oil.","He was born in San Juan, Puerto Rico to a U.S. engineer and his wife Maria (née Ferrer) who died at age of 17.",False
1167,A strangely compelling and brilliantly acted psychological drama.,The film is neither as romantic nor as thrilling.,"He was a member of the Skull and Bones society, but left in 1894 to become an American citizen.",False
1168,Distinctly sub-par... more likely to drown a viewer in boredom than to send any shivers down his spine.,"The movie is a blandly unfunny and depressing affair, one that will only satisfy the most emotionally malleable of us.",He was a member of the Skull and Bones society.,False
1169,"In 1983, Miguel was given a small part as a waiter in the movie The Man Who Wasn't There.","He was a member of the Skull and Bones society, but left in 1894 to become an American citizen.","It's a great film, but it is also not the best.",False
1170,"A first-class, thoroughly involving B movie that effectively combines two surefire, beloved genres -- the prison flick and the fight film.","The movie is a blast of energy, but it also has some serious soul searching to do.","A work of extraordinary grace and care, but it also has a way to make us wonder if we're really that stupid.",False
1171,Bad and baffling from the get-go.,"It's a great film, but it is also not the best.","In 1894, he joined the United States Rubber Company (based in New York City) as manager of a foreign division and moved to Greenwich, Connecticut.",False
1172,He was first appointed to fill the Senate seat of Ernest Lundeen who had died in office.,"He was a member of the Skull and Bones society, but left active duty in 1848 to become an apprentice machinist.",He was born in New York City to a Jewish American family and an Irish-American civil servant.,False
1173,"His employment by the General Electric company further enhanced his political image; he travelled widely as a GE spokesman, and was noted for his anti-Communist speeches.",He was a member of the Skull and Bones society.,"The movie is a blandly unfunny and depressing affair, one that will only satisfy the most emotionally malleable of us.",False
1174,"Abram Joffe, a Soviet physicist who knew Einstein, in an obituary of Einstein, wrote, ""The author of [the papers of 1905] was ... a bureaucrat at the Patent Office in Bern, Einstein-Maria"" and this has recently been taken as evidence of a collaborative relationship.","In 1879, after a two-day trial she was banished from the penal colony of Toba (now in Creteil, France) for her involvement in the assassination of President James Monroe.","The only entertainment you'll get from watching the two men arguing over whether or not they should spend their time in a bar, doing laundry is pretty much what happens when you're done with your hair.",False
1175,"As a girl-meets-girl romantic comedy, Kissing Jessica Steinis quirky, charming and often hilarious.","A work of extraordinary grace and care, but it also has a way to make us wonder if we're really that stupid.","In 1876, he was elected to the United States House of Representatives for a vacancy caused by the death of James Monroe.",False
1176,President Clinton awarded him the Presidential Medal of Freedom in early 1997 for his service in the military and his political career.,"In 1876, he was elected to the United States House of Representatives for a vacancy caused by the death of James Monroe.","He was a member of the Executive Committee at United Nations Commission on Human Rights, and served as deputy director (1970-72) from 1972 until 1977.",False
1177,"John William Coltrane (September 23, 1926 - July 17, 1967) was an American jazz saxophonist and composer.","He was born in San Juan, Puerto Rico to a Cuban and Mexican descent.","The film is a great example of the power of cinema to bring us together, and its performances are so well realized that it's almost impossible for anyone else to get there.",False
1178,"So young, so smart, such talent, such a wise ***.",A work of astonishing grace and extraordinary intelligence.,He was a member of the Skull and Bones society.,False
1179,His work dealt largely with the poor urban black and mulatto communities of Bahia.,"He was a member of the Underground Railroad, and moved to Greenwich, Connecticut in 1876.","He was a member of the Executive Committee at United Nations Commission on Human Rights, and served as president of that organization from 1978 until 1979.",False
1180,"The Emperor's Club is one of those films that possesses all the good intentions in the world, but...","It's a great American adventure, but it also has plenty of flaws.","He married his second wife, actress Carrol Flynn in 1953.",False
1181,"Rosemary, Betty, and brother, Nick, as well as her nephew, George Clooney (Nick's son), all became entertainers.",He was a member of the Skull and Bones society.,"The movie is a blast of energy, but it also has some serious soul searching to do.",False
1182,"Arnold Alois Schwarzenegger (born July 30, 1947 in Thal, Styria, Austria) is an Austrian-American actor, Republican politician, and bodybuilder, currently serving as the 38th Governor of California.","John Fitzgerald Kennedy (May 23, 1787 - May 5, 1876) was a U.S. President and first United States Secretary of Defense from January 1, 1677 to February 4, 1879.","He was a member of the Underground Railroad, and moved to Greenwich, Connecticut in 1876.",False
1183,"A lousy movie that's not merely unwatchable, but also unlistenable.","It's a great American adventure, but it also has some flaws.","The movie is so bad that it becomes a cult hero, and the audience will probably forget about it.",False
1184,The film serves as a valuable time capsule to remind us of the devastating horror suffered by an entire people.,"The movie is as if it were a comedy special, but instead of being funny and heartfelt.",He was a member of the United States Republican Party and is currently the only Democrat elected to that office.,False
1185,"... creates a visceral sense of its characters' lives and conflicted emotions that carries it far above... what could have been a melodramatic, Lifetime Channel-style anthology.","The movie is a blandly unfunny and unentertaining affair, one that will only satisfy the most emotionally malleable of us.",A work of astonishing grace.,False
1186,She was the fifth of nine children.,He was awarded the Presidential Medal of Freedom.,He is a member of the Democratic Party and has some distant German ancestry.,False
1187,"Arnold Alois Schwarzenegger (born July 30, 1947 in Thal, Styria, Austria) is an Austrian-American actor, Republican politician, and bodybuilder, currently serving as the 38th Governor of California.","John Fitzgerald Kennedy (May 23, 1876 - December 5, 1972) was a Republican politician.",He graduated from Morehouse College in 1876 and received a Bachelor of Arts degree in Sociology in 1896.,False
1188,He was one of the founder members of the Lunar Society.,"He was born in San Juan where his father, a U.S. engineer, died there.","The film is a great example of the power of cinema to give us glimpses into the lives of people who have been there, but were not given even an eyeful.",False
1189,"On April 8, 1995 he married actress Patricia Arquette.","He married Coretta Scott on June 5, 1953.",He was awarded the 1921 Nobel Prize for Physics.,False
1190,"What makes How I Killed My Father compelling, besides its terrific performances, is Fontaine's willingness to wander into the dark areas of parent-child relationships without flinching.","The movie is so bad that it almost ceases to be a compelling story, but neither is it the kind of one that would appeal to anyone outside its core demographic.",He was the son of a soldier in the American Revolution and served as Secretary to President James Monroe from 1776 until 1877.,False
1191,"``My god, I'm behaving like an idiot!''",A work of astonishing grace.,"He was born in San Juan where his father, a U.S. engineer, died there.",False
1192,"On April 8, 1995 he married actress Patricia Arquette.",He was married to actress Lyman.,"He was awarded the 1921 Nobel Prize for Physics by his explanation of ""miracle year"".",False
1193,"She later moved yet further from her Boston-based persecutors, to what is now The Bronx in northern New York City.","In 1879, he was elected to the United States House of Representatives as a Republican from Connecticut.","In 1891, he joined the United States Rubber Company (based in New York City) as manager of foreign division.",False
1194,This led to his being hired by Westinghouse company to service their steam engines.,He was awarded the 1921 Nobel Prize for Physics.,"He was a member of the United States Marine Corps, and served as captain in the American Expeditionary Forces (USAAF) during World War II.",False
1195,"The family was Jewish (non-observant); Albert attended a Catholic elementary school and, at the insistence of his mother, was given violin lessons.","He was a member of the Skull and Bones society, having been born in 1776 to Thomas Henry.","He married Coretta Scott on June 5, 1953.",False
1196,"Parker should be commended for taking a fresh approach to familiar material, but his determination to remain true to the original text leads him to adopt a somewhat mannered tone... that ultimately dulls the human tragedy at the story's core.","The film is a great example of the power of cinema to give us glimpses into the lives of people who have been there, but were not given even an eyeful.","In 1876, he founded the Standard Oil Company.",False
1197,"Marvin graduated from Woodberry Forest School in 1975, and spent most summers and holidays at the sprawling family estate, the Bush Compound.","He was a member of the United States Marine Corps, and served as captain in the American Expeditionary Forces (USAAF) during World War II.",He was a member of the United States Golf Association from 1876 until 1791.,False
1198,"He remained in Hollywood for the duration of the war, attaining the rank of captain.",He was a member of the United States Republican Party and is currently the only Democrat elected to that office.,"He was a member of the Skull and Bones society, having been born in 1776 to Thomas Henry.",False
1199,He was the founder and first president of the Naval War College between 1884 and 1886.,"He was a founding member of the Arbusto Energy company, and served as managing general partner (1953-1960).","He was born in Columbus, Ohio to a Jewish American family and an Irish-American civil rights activist.",False
1200,This led to his being hired by Westinghouse company to service their steam engines.,"He was awarded the 1921 Nobel Prize for Physics by his explanation of ""miracle year"".","The movie is as if it were a comedy special, but instead of being funny and heartfelt.",False
1201,"Adams was born in Braintree, Massachusetts in a part of town which eventually became the separate town of Quincy.",He was the son of a soldier in the American Revolution and served as Secretary to President James Monroe from 1776 until 1877.,"The only entertainment you'll get from watching the two-day old men arguing over whether or not to take a shower is an enjoyable one, but it's certainly nothing if not worth seeing.",False
1202,"Cheney grew up in Casper, Wyoming, and met his high-school sweetheart and future wife, Lynne Vincent, at age fourteen.","He was a member of the Skull and Bones society, but left in 1879 to become an apprentice machinist.","He was a member of the Skull and Bones society, as well as an American Nobel Laureate.",False
1203,"Rosemary, Betty, and brother, Nick, as well as her nephew, George Clooney (Nick's son), all became entertainers.","In 1891, he joined the United States Rubber Company (based in New York City) as manager of foreign division.",The movie is so bad that it almost ceases to be entertaining.,False
1204,He began to learn mathematics around age twelve.,He graduated from Morehouse College in 1876 and received a Bachelor of Arts degree in Sociology in 1896.,"The movie is so bad that it almost ceases to be a compelling story, but neither is it the kind of one that would appeal to anyone outside its core demographic.",False
1205,"Some say this was because of a bargain he struck with Henry Clay, which put Clay into office as his Secretary of State once Adams won.","He was a member of the Skull and Bones society, as well as an American Nobel Laureate.","The movie is a blandly unfunny and unentertaining affair, one that will only satisfy the most emotionally malleable of us.",False
1206,She was the fifth of nine children.,He was awarded the Presidential Medal of Freedom.,He was awarded the Presidential Medal of Freedom.,True
1207,"Alain Choquart's camera barely stops moving, portraying both the turmoil of the time and giving Conduct a perpetual sense of urgency, which, for a film that takes nearly three hours to unspool, is both funny and irritating.","It's a great film, but it is also one that should be avoided.",He was married to actress Lyman.,False
1208,"While serving abroad, he met Louisa Catherine Johnson, the daughter of an American merchant living abroad.",He was a member of the United States Golf Association from 1876 until 1791.,"John Fitzgerald Kennedy (May 23, 1876 - December 5, 1972) was a Republican politician.",False
1209,"He attended secondary school (Volksschule), and learned the trade of a joiner.","In 1876, he founded the Standard Oil Company.","It's a great film, but it is also one that should be avoided.",False
1210,"John Drew Barrymore, also known as John Barrymore, Jr., (June 4, 1929 - November 29, 2004) was an actor, one of The Barrymores, a family of actors that included his father, John Barrymore, and his father's siblings, his uncle Lionel and his aunt Ethel.","John Fitzgerald Kennedy (May 23, 1787 - May 5, 1876) was an American politician who served as the 35th Governor of Florida from January 1, 1917 to December 3, 1918.","In 1879, he was elected to the United States House of Representatives as a Republican from Connecticut.",False
1211,"He graduated from Princeton University in 1952, and attended Harvard University in 1954-55.",He graduated from high school in 1876 and enrolled at the University of Wisconsin-Madison.,"He was a founding member of the Arbusto Energy company, and served as managing general partner (1953-1960).",False
1212,"Hutchinson emigrated from England to Massachusetts in 1634, in response to the preacher John Cotton's doing so.","He was born in Columbus, Ohio to a Jewish American family and an Irish-American civil rights activist.",He was awarded the Presidential Medal of Freedom.,False
1213,"If you already like this sort of thing, this is that sort of thing all over again.",The movie is so bad that it almost ceases to be entertaining.,"John Fitzgerald Kennedy (May 23, 1787 - May 5, 1876) was an American politician who served as the 35th Governor of Florida from January 1, 1917 to December 3, 1918.",False
1214,"The delicious trimmings... arrive early and stay late, filling nearly every minute... with a lighthearted glow, some impudent snickers, and a glorious dose of humankind's liberating ability to triumph over a Scrooge or two.","The only entertainment you'll get from watching the two-day old men arguing over whether or not to take a shower is an enjoyable one, but it's certainly nothing if not worth seeing.","He was a member of the Skull and Bones society, but left in 1879 to become an apprentice machinist.",False
1215,Benjamin Everett Jordan (8 September 1896 - 15 March 1974) was a Democratic U.S. senator from the state of North Carolina between 1958 and 1973.,He is a member of the Democratic Party and has some distant German ancestry.,He graduated from high school in 1876 and enrolled at the University of Wisconsin-Madison.,False
1216,"Lift, the mother of Danny DeVito's character in her Academy Award nominated performance in Throw Momma from the Train.","He was awarded the 1921 Nobel Prize for Physics by his wife, Marie Louise.",It's a work of extraordinary courage and grace.,False
1217,"The movie's plot is almost entirely witless and inane, carrying every gag two or three times beyond its limit to sustain a laugh.","The movie is a great example of how intolerance can tear apart families, and the power structures to make them whole.",He was a member of the Skull and Bones society.,False
1218,"Parker should be commended for taking a fresh approach to familiar material, but his determination to remain true to the original text leads him to adopt a somewhat mannered tone... that ultimately dulls the human tragedy at the story's core.","The only reason why anyone should bother remembering the movie is that it's so bad, and if you're a fan of the original, or have been watching since 1973, chances are you've seen The Silence Of Lambs, but this one will be worse.",It's a work of astonishing grace and extraordinary intelligence.,False
1219,"In between his sea voyages, Kerouac stayed in New York with friends from Fordham.",He was born in San Juan where his family lived until he was 16.,"He was born in San Juan, Puerto Rico to a small town of Puerto Rico.",False
1220,"He was elected the Natrona County High School senior class president, represented the school at Boys State, and played halfback on the football team.","He graduated from high school in 1827 and enrolled at the University of Wisconsin-Madison, where he received a Bachelor of Arts degree in Sociology.",He served as a member of the United States Senate from January until December.,False
1221,"Eventually, the band settled on Chad Channing, with whom the band recorded the album Bleach, released on Sub Pop Records in 1989.",He was a member of the Skull and Bones society.,"He was born in New York City to William Barrett and Mary Louise Kennedy, both of whom were U.S. citizens.",False
1222,"Albert Einstein (March 14, 1879 - April 18, 1955) was a German-born Jewish theoretical physicist of German, Swiss and American citizenship, who is widely regarded as the greatest scientist of the 20th century or even of all time, ranking alongside the luminaries Newton and Gauss.","In 1894, after a two-day trial she was banished from the United States House of Representatives for her role in the assassination of President James Monroe and his wife Eleanor Roosevelt.","He was born in San Juan, Puerto Rico to Luis Ferrer and his wife Maria Ferrer de Faria (who were both of Puerto Rican descent) who had little Spanish ancestry.",False
1223,On 28 February 1934 he and Anthony Fokker each received an excessive half a million dollars for selling fifty military planes to the Soviet government.,"He was a member of the Skull and Bones society, as well as an honorary fellow at Yale University.","He graduated from high school in 1827 and enrolled at the University of Wisconsin-Madison, where he received a Bachelor of Arts degree in Sociology.",False
1224,This led to his being hired by Westinghouse company to service their steam engines.,"In 1998, he was awarded the Lifetime Achievement Award for The Godfather Part II.","He was elected to the United States House of Representatives in 1835 and served until January 5, 1901.",False
1225,"Despite his father's opposition to him having a foreign-born wife, Adams wed Louisa Johnson in 1797.","He was a member of the Skull and Bones society, as well as an occasional guest star on The Simpsons.",He was born in San Juan where his family lived until he was 16.,False
1226,"Some say this was because of a bargain he struck with Henry Clay, which put Clay into office as his Secretary of State once Adams won.","He was elected to the United States House of Representatives in 1835 and served until January 5, 1901.","He was awarded the 1921 Nobel Prize for Physics by his wife, Marie Louise.",False
1227,He was then hired by the legal department of CBS subsidiary Columbia Records.,"He was born in St. Germain, France to Emma Louise and Louis XVI.","In 1894, after a two-day trial she was banished from the United States House of Representatives for her role in the assassination of President James Monroe and his wife Eleanor Roosevelt.",False
1228,"Robert Henry Dee (born May 18, 1933 in Quincy, Massachusetts) is a former three-sport letterman at Holy Cross College who was one of the first players signed by the Boston Patriots in 1960.","He was born in San Juan, Puerto Rico to a wealthy family who had little else besides the necessities of life: food and clothing.","He was a member of the Skull and Bones society, having been born in 1776 to Thomas Wolsey.",False
1229,"Shamelessly resorting to pee-related sight gags that might even cause Tom Green a grimace; still, Myer's energy and the silliness of it all eventually prevail.","The movie is a blandly unfunny and unentertaining affair, one that will only satisfy the most emotionally malleable of us.","He was a member of the Skull and Bones society, as well as an honorary fellow at Yale University.",False
1230,"During this time he worked on developing a federal system of roads, canals, bridges, lighthouses, and universities until Jackson, who defeated Adams in the latter's quest for re-election, was sworn in to replace him.",He was a member of the United States Marine detachments (USAAF) and later commanded an Army Tenth Mountain Division during World War II.,"He was born in San Juan, Puerto Rico to a wealthy family who had little else besides the necessities of life: food and clothing.",False
1231,His ancestor Johann Valentin Pressler emigrated to North America in 1710.,"He was born in New York City to William Barrett and Mary Louise Kennedy, both of whom were U.S. citizens.","He was born in St Germain, France.",False
1232,"Ulysses S. Grant (April 27, 1822 - July 23, 1885) was the 18th President of the United States (1869 - 1877).",He was a member of the United States Marine Corps (USAAF) from 1776 until 1877.,"The movie is a great example of how intolerance can tear families apart, and it's also one that should be avoided.",False
1233,"Dole has worked part-time for a Washington, DC, law firm, and engaged in a career of writing, consulting, public speaking, and television appearances.","He was born in San Juan, Puerto Rico to Luis Ferrer and his wife Maria Ferrer de Faria (who were both of Puerto Rican descent) who had little Spanish ancestry.","He was born in St. Germain, France to Emma Louise and Louis XVI.",False
1234,He also starred in the mini series The Stand.,"He was born in St Germain, France.","The only reason why anyone should bother remembering the movie is that it's so bad, and if you're a fan of the original, or have been watching since 1973, chances are you've seen The Silence Of Lambs, but this one will be worse.",False
1235,Adams received one electoral vote in the presidential election of 1820.,"He was born in St Germain, France to a Conservative MP and his wife Eleanor Roosevelt.","He was born in St. Germain, France to Emma Louise and Henry Ford.",False
1236,Exceptionally well acted by Diane Lane and Richard Gere.,It's a work of astonishing grace and extraordinary intelligence.,"In 1998, he was awarded the Lifetime Achievement Award for The Godfather Part II.",False
1237,"In XXX, Diesel is that rare creature -- an action hero with table manners, and one who proves that elegance is more than tattoo deep.","The movie is a great example of how intolerance can tear families apart, and it's also one that should be avoided.",He was a member of the United States Marine detachments (USAAF) and later commanded an Army Tenth Mountain Division during World War II.,False
1238,He was one of the founder members of the Lunar Society.,"He was born in St. Germain, France to Emma Louise and Henry Ford.","He was born in St Germain, France.",False
1239,"``My god, I'm behaving like an idiot!''",It's a work of extraordinary courage and grace.,"The movie is a work of extraordinary courage, but it also has some serious soul searching to do.",False
1240,"In between his sea voyages, Kerouac stayed in New York with friends from Fordham.","He was born in San Juan, Puerto Rico to a small town of Puerto Rico.","He was born in New York City to William and Gladys Smith, the parents of a young Robert A. Kennedy.",False
1241,"In between his sea voyages, Kerouac stayed in New York with friends from Fordham.","He was born in New York City to William and Gladys Smith, the parents of a young Robert A. Kennedy.","The movie is a blandly unfunny and unentertaining affair, one that will only satisfy the most emotionally malleable of us.",False
1242,Adams received one electoral vote in the presidential election of 1820.,"He was born in St Germain, France.","He was a member of the Skull and Bones society, as well as an occasional columnist for The Cincinnati Post.",False
1243,"His father-in-law, George Herbert Walker, and Walker's partner, Averell Harriman, brought him on as an officer in their investment banking firm, W. A. Harriman and Company in 1926.","He was a member of the Skull and Bones society, as well as an occasional columnist for The Cincinnati Post.","He was a member of the Skull and Bones society, as well as an occasional guest star on The Simpsons.",False
1244,"Despite his father's opposition to him having a foreign-born wife, Adams wed Louisa Johnson in 1797.","He was a member of the Skull and Bones society, but left in 1876 to become president of the American Mathematical Society.","He was a member of the Skull and Bones society, but left in 1876 to become president of the American Mathematical Society.",True
1245,His ancestor Johann Valentin Pressler emigrated to North America in 1710.,He served as a member of the United States Senate from January until December.,He was a member of the United States Marine Corps (USAAF) from 1776 until 1877.,False
1246,"Bray is completely at sea; with nothing but a Savage Garden music video on his resume, he has no clue about making a movie.","The movie is a work of extraordinary courage, but it also has some serious soul searching to do.","The movie is a great example of how intolerance can tear apart families, and the power structures to make them whole.",False
1247,"She later moved yet further from her Boston-based persecutors, to what is now The Bronx in northern New York City.","He was a member of the Skull and Bones society, having been born in 1776 to Thomas Wolsey.","He was born in St Germain, France to a Conservative MP and his wife Eleanor Roosevelt.",False
1248,"Arnold Alois Schwarzenegger (born July 30, 1947 in Thal, Styria, Austria) is an Austrian-American actor, Republican politician, and bodybuilder, currently serving as the 38th Governor of California.","He served as a Republican in the United States House of Representatives from January 3, 1903 until December 4, 1943.","John Davison Rockefeller (January 30, 1876 - December 23, 1953) was an American capitalist most known for his role in the early petroleum industry.",False
1249,"John Drew Barrymore, also known as John Barrymore, Jr., (June 4, 1929 - November 29, 2004) was an actor, one of The Barrymores, a family of actors that included his father, John Barrymore, and his father's siblings, his uncle Lionel and his aunt Ethel.","John Davison Rockefeller (January 30, 1876 - December 23, 1963), known as John F. Kennedy or JFK Jr., was the 45th President of United States from January 1, 1961 to February 3, 1972 and a U.S. Secretary of Defense","The film is a marvelous adventure, one that will both satisfy the most emotionally malleable of its subjects.",False
1250,He was one of the founder members of the Lunar Society.,He was awarded the Presidential Medal of Freedom.,"He served as a Republican in the United States House of Representatives from January 3, 1903 until December 4, 1943.",False
1251,Bad and baffling from the get-go.,It's a staggeringly unfunny experience.,"The movie is a great example of how intolerance can tear families apart, and it's also one that has the chops to stand out.",False
1252,"Shamelessly resorting to pee-related sight gags that might even cause Tom Green a grimace; still, Myer's energy and the silliness of it all eventually prevail.",The film is a marvel of the power and precision to bring together disparate disparate viewpoints into one cohesive picture.,"He was born in San Francisco to a blacksmith, and his wife were both of Irish descent but had been exiled because they refused to take the post-Beat slave trade.",False
1253,"A first-class, thoroughly involving B movie that effectively combines two surefire, beloved genres -- the prison flick and the fight film.","The movie is a great example of how intolerance can tear families apart, and it's also one that has the chops to stand out.",The film is a work of remarkable courage and grace.,False
1254,"In between his sea voyages, Kerouac stayed in New York with friends from Fordham.",He was a member of the Skull and Bones society.,"He was awarded the Presidential Medal of Freedom in recognition of his services to humanitarian causes, and for his work with World War II.",False
1255,The film is so bad it doesn't improve upon the experience of staring at a blank screen.,"It's a great American adventure, but it also has some flaws.",He was a member of the United States Rubber Company (based in New York City) and later with Brown Brothers Harriman.,False
1256,"Lawford became an American citizen in 1960, in time to vote for his brother-in-law John F. Kennedy.","John Davison Rockefeller (January 30, 1876 - December 23, 1953) was an American capitalist most known for his role in the early petroleum industry.",He was educated at Marlborough College.,False
1257,"His grandfather, also named William Seward Burroughs, founded the Burroughs Adding Machine company, which evolved into the Burroughs Corporation.",He was a member of the United States Rubber Company (based in New York City) and later with Brown Brothers Harriman.,It's a staggeringly unfunny experience.,False
1258,"His grandfather, also named William Seward Burroughs, founded the Burroughs Adding Machine company, which evolved into the Burroughs Corporation.","In 1876, he founded the Arbusto Energy Company with his son James Fenimore Cooper.","John Davison Rockefeller (July 30, 1876 - December 23, 1969), known as John F. Kennedy or JFK Jr., was an American capitalist most famous for his role in the founding of Standard Oil and its descendants include Henry Ford Motor Company, Henry Ford Co",False
1259,"You come away wishing, though, that the movie spent a lot less time trying to make a credible case for reports from the afterlife and a lot more time on the romantic urgency that's at the center of the story.","The movie is so bad that it almost ceases to be funny, and the audience will probably laugh their collective asses off at the very mention of ``What if'' movies were made by people who watched monkeys getting hurt.",He was a member of the Skull and Bones society.,False
1260,He had an elder brother named Emmet Olson.,He was a member of the Federalists from 1876 until 1889.,"In 1876, he founded the Arbusto Energy Company with his son James Fenimore Cooper.",False
1261,"Shamelessly resorting to pee-related sight gags that might even cause Tom Green a grimace; still, Myer's energy and the silliness of it all eventually prevail.","The movie is a great American adventure, but it also has plenty of fun for all ages.","The movie is so bad that it almost ceases to be funny, and the audience will probably laugh their collective asses off at the very mention of ``What if'' movies were made by people who watched monkeys getting hurt.",False
1262,"Albert Einstein (March 14, 1879 - April 18, 1955) was a German-born Jewish theoretical physicist of German, Swiss and American citizenship, who is widely regarded as the greatest scientist of the 20th century or even of all time, ranking alongside the luminaries Newton and Gauss.","John Davison Rockefeller (July 30, 1876 - December 23, 1969), known as John F. Kennedy or JFK Jr., was an American capitalist most famous for his role in the founding of Standard Oil and its descendants include Henry Ford Motor Company, Henry Ford Co","The movie is a great American adventure, but it also has plenty of fun for all ages.",False
1263,A strangely compelling and brilliantly acted psychological drama.,"It's a great American adventure, but it also has some flaws.",He was awarded the Presidential Medal of Freedom.,False
1264,"He was born near at Elston Hall near Nottingham, and educated at Chesterfield School then later at St. John's College, Cambridge.","He was born in St Germain de Joux, France to Emma Louise and Josephine Marie.",He was a member of the United States Republican Party and served as chairman of the Democratic Leadership Council from 1975 until 1977.,False
1265,"He remained in Hollywood for the duration of the war, attaining the rank of captain.",He was a member of the United States Republican Party and served as chairman of the Democratic Leadership Council from 1975 until 1977.,He was a member of the Federalists from 1876 until 1889.,False
1266,"Ulysses S. Grant (April 27, 1822 - July 23, 1885) was the 18th President of the United States (1869 - 1877).","He was born in San Juan, Puerto Rico to a former first lady and actress.","He was awarded the 1921 Nobel Prize for Physics by his son, Charles Darwin.",False
1267,She was the fifth of nine children.,He was educated at Marlborough College.,"The movie is so bad that it almost ceases to be a worthwhile film, but neither is it the kind of one where you can tell whether or not there's much else here.",False
1268,"Lift, the mother of Danny DeVito's character in her Academy Award nominated performance in Throw Momma from the Train.","In 1968, he was awarded the Presidential Medal of Freedom for his services to humanitarian causes and ""preserving America's defenses at a time when great change is taking place around the world.""","John Davison Rockefeller (January 30, 1876 - December 23, 1963), known as John F. Kennedy or JFK Jr., was the 45th President of United States from January 1, 1961 to February 3, 1972 and a U.S. Secretary of Defense",False
1269,"Robert Henry Dee (born May 18, 1933 in Quincy, Massachusetts) is a former three-sport letterman at Holy Cross College who was one of the first players signed by the Boston Patriots in 1960.","He was born in San Francisco to a blacksmith, and his wife were both of Irish descent but had been exiled because they refused to take the post-Beat slave trade.","He was born in San Juan, Puerto Rico to a former first lady and actress.",False
1270,"So young, so smart, such talent, such a wise ***.",The film is a work of extraordinary courage and grace.,"He was born in St Germain de Joux, France to Emma Louise and Josephine Marie.",False
1271,"The Emperor's Club is one of those films that possesses all the good intentions in the world, but...",The film is a great example of how the power of cinema to move us beyond our comfort zone.,The film is a work of extraordinary courage and grace.,False
1272,"Although Adams lost in both the popular and electoral votes in the Presidential election of 1824, none of the candidates were able to secure a majority of the electoral vote, thereby putting the outcome in the hands of the House of Representatives, which to the surprise of many elected Adams over rival Andrew Jackson.","He was a member of the Skull and Bones society, as well as being one of only two surviving members to have been born in this family (his first wife Eleanor Roosevelt), who had died at birth.","In 1968, he was awarded the Presidential Medal of Freedom for his services to humanitarian causes and ""preserving America's defenses at a time when great change is taking place around the world.""",False
1273,"This picture is murder by numbers, and as easy to be bored by as your ABC's, despite a few whopping shootouts.","The film is a marvelous adventure, one that will both satisfy the most emotionally malleable of its subjects.","He was a member of the Skull and Bones society, as well as being one of only two surviving members to have been born in this family (his first wife Eleanor Roosevelt), who had died at birth.",False
1274,"So young, so smart, such talent, such a wise ***.",The film is a work of remarkable courage and grace.,The film is a great example of how the power of cinema to move us beyond our comfort zone.,False
1275,"Hodgkin and Huxley shared the prize that year with John Carew Eccles, who was cited for research on synapses.","He was awarded the 1921 Nobel Prize for Physics by his son, Charles Darwin.","He was a member of the Skull and Bones society, but left in 1879 to become president of the American Enterprise Institute.",False
1276,"Dole was twice decorated for heroic achievement, receiving two Purple Hearts for his injuries, and the Bronze Star Medal for his attempt to assist a downed radio man.","He was awarded the Presidential Medal of Freedom in recognition of his services to humanitarian causes, and for his work with World War II.","The film is a work of extraordinary intelligence and grace, but it also has some serious soul searching to do.",False
1277,"Fans of the TV series will be disappointed, and everyone else will be slightly bored.","The film is a work of extraordinary intelligence and grace, but it also has some serious soul searching to do.","It's a great American adventure, but it also has some flaws.",False
1278,"Beautifully crafted, engaging filmmaking that should attract upscale audiences hungry for quality and a nostalgic, twisty yarn that will keep them guessing.","The movie is so bad that it almost ceases to be a worthwhile film, but neither is it the kind of one where you can tell whether or not there's much else here.",The film is a marvel of the power and precision to bring together disparate disparate viewpoints into one cohesive picture.,False
1279,"Cheney grew up in Casper, Wyoming, and met his high-school sweetheart and future wife, Lynne Vincent, at age fourteen.","He was a member of the Skull and Bones society, but left in 1879 to become president of the American Enterprise Institute.","It's a great American adventure, but it also has some flaws.",False
1280,"John William Coltrane (September 23, 1926 - July 17, 1967) was an American jazz saxophonist and composer.",He was born in New York City to William Huxley and Elizabeth May.,"He graduated from high school in 1876 and enrolled at the University of Wisconsin-Madison, where he received a Bachelor of Arts degree in Sociology.",False
1281,"Bill ""Billy"" Boucher (b. November 10, 1899 in Ottawa, Ontario, Canada, died November 10, 1958) was a Canadian professional ice hockey rightwinger who played in the National Hockey League for the Montreal Canadiens, Boston Bruins and New York Americans.","He was born in New York City to William Cecil, Jr., an American capitalist and a former United States Secretary of Defense under President James Monroe; his wife Eleanor Roosevelt (nee Roosevelt), and their son George W. Bush, both of whom were U.S.","The film is a work of astonishing grace and eloquence, but it also has striking chemistry.",False
1282,"You come away wishing, though, that the movie spent a lot less time trying to make a credible case for reports from the afterlife and a lot more time on the romantic urgency that's at the center of the story.","The only entertainment you'll get from watching the two-day old men drinking and piss on each other is a raucous, half-naked performance by someone who has never been there.","He graduated from high school in 1894 and enrolled at the University of Wisconsin-Madison, where he received a relatively progressive education.",False
1283,"While it regards 1967 as the key turning point of the 20th century, and returns again and again to images of dissidents in the streets, it's alarmingly current.","The movie is a great example of the power of film to move us beyond our comfort zone and into something bigger, more important.",He graduated from Morehouse College with a Bachelor of Arts degree in Sociology in 1953.,False
1284,A strangely compelling and brilliantly acted psychological drama.,The movie is a work of extraordinary courage and grace.,The movie is so bad that it almost ceases to be entertaining.,False
1285,"As a girl-meets-girl romantic comedy, Kissing Jessica Steinis quirky, charming and often hilarious.",The film is a great example of the power of cinema to bring us together in awe and wonder.,He was a member of the Skull and Bones society.,False
1286,"After this initial success, Ford left Edison Illuminating and, with other investors, formed the Detroit Automobile Company.","In 1876, he founded the Standard Oil Company with his son James Stillman as president.","John Fitzgerald Kennedy (May 23, 1787 - April 5, 1876) was a U.S. President and first Governor of the United States from January 1, 1675 to May 3, 1777.",False
1287,In 1902 Geiger began to study physics and mathematics in Erlangen and later attained a doctorate in 1906.,"He graduated from high school in 1894 and enrolled at the University of Wisconsin-Madison, where he received a relatively progressive education.",The film is a blandly unfunny and unimpressive affair.,False
1288,"He graduated from Princeton University in 1952, and attended Harvard University in 1954-55.",He graduated from Morehouse College in 1876 and received a Bachelor of Arts degree in Sociology.,"In 1876, he joined the United States Rubber Company as manager of foreign division.",False
1289,"In between his sea voyages, Kerouac stayed in New York with friends from Fordham.","He was a member of the Skull and Bones society, but left in 1848 to become president.",The movie is a work of extraordinary intelligence and grace.,False
1290,"He was elected the Natrona County High School senior class president, represented the school at Boys State, and played halfback on the football team.",He graduated from Morehouse College with a Bachelor of Arts degree in Sociology in 1953.,"He graduated from the University of Wisconsin-Madison in 1876 and earned a Juris Doctor (J.D.) degree in economics, graduating in 1928.",False
1291,Distinctly sub-par... more likely to drown a viewer in boredom than to send any shivers down his spine.,The movie is so bad that it almost ceases to be entertaining.,He was awarded the Presidential Medal of Freedom in 2003.,False
1292,"His grandfather, also named William Seward Burroughs, founded the Burroughs Adding Machine company, which evolved into the Burroughs Corporation.",He was a member of the Skull and Bones society.,"John Fitzgerald Kennedy (May 23, 1787 - December 5, 1876) was an American novelist and poet.",False
1293,On 28 February 1934 he and Anthony Fokker each received an excessive half a million dollars for selling fifty military planes to the Soviet government.,"In 1894, he was elected to the United States House of Representatives as a Republican from Connecticut and served until January 3, 1901.",He graduated from Morehouse College in 1876 and received a Bachelor of Arts degree in Sociology.,False
1294,"Cheney grew up in Casper, Wyoming, and met his high-school sweetheart and future wife, Lynne Vincent, at age fourteen.","He was a member of the Skull and Bones society, but left in 1894 to become an apprentice machinist.","He was born in St Germain, France to a French and Italian descent.",False
1295,"This picture is murder by numbers, and as easy to be bored by as your ABC's, despite a few whopping shootouts.","The film is a work of astonishing grace and eloquence, but it also has striking chemistry.",He was born in New York City to William Huxley and Elizabeth May.,False
1296,"So young, so smart, such talent, such a wise ***.",The film is a blandly unfunny and unimpressive affair.,"He was a founding member of the Arbusto Energy company, and served as managing general partner (Gosling) from 1973 until 1977.",False
1297,... something appears to have been lost in the translation this time.,The movie is a work of extraordinary intelligence and grace.,"The movie is a great example of the power of film to move us beyond our comfort zone and into something bigger, more important.",False
1298,"Frank Durward White (June 4, 1933 - May 21, 2003) was the Republican governor of the U.S. state of Arkansas from 1981 to 1983.","John Fitzgerald Kennedy (May 23, 1787 - April 5, 1876) was a U.S. President and first Governor of the United States from January 1, 1675 to May 3, 1777.","In 1876, he founded the Standard Oil Company with his son James Stillman as president.",False
1299,"Bill ""Billy"" Boucher (b. November 10, 1899 in Ottawa, Ontario, Canada, died November 10, 1958) was a Canadian professional ice hockey rightwinger who played in the National Hockey League for the Montreal Canadiens, Boston Bruins and New York Americans.","John Fitzgerald Kennedy (May 23, 1787 - December 5, 1876) was an American novelist and poet.","The only entertainment you'll get from watching the two-day old men drinking and piss on each other is a raucous, half-naked performance by someone who has never been there.",False
1300,In comparison to his earlier films it seems a disappointingly thin slice of lower-class London life; despite the title... amounts to surprisingly little.,"The movie is a blandly unfunny and unentertaining affair, one that will only satisfy the most emotionally malleable of filmgoers.",He graduated from Morehouse College in 1876 and earned a Juris Doctor (J.D.) degree in 1896.,False
1301,"Rosemary, Betty, and brother, Nick, as well as her nephew, George Clooney (Nick's son), all became entertainers.","In 1876, he joined the United States Rubber Company as manager of foreign division.","He was born in New York City to William and Gladys Bush, the parents of George W. Bush and his wife Eleanor Roosevelt.",False
1302,He was one of the founder members of the Lunar Society.,"He was born in St Germain, France to a French and Italian descent.","He was a member of the Skull and Bones society, but left in 1894 to become an apprentice machinist.",False
1303,His ancestor Johann Valentin Pressler emigrated to North America in 1710.,He graduated from Morehouse College in 1876 and earned a Juris Doctor (J.D.) degree in 1896.,The film is a work of astonishing grace and humane honesty.,False
1304,"Rather than retire, Adams would go on to win election as a Democratic-Republican to the House of Representatives beginning with the 22nd Congress, serving from March 4, 1831, until his death.","In 1879, after a two-day trial she was banished from the Sumeriahite sect and led followers to settle Aquidneck Island in what later became Rhode Island.",The film is a great example of the power of cinema to bring us together in awe and wonder.,False
1305,"``My god, I'm behaving like an idiot!''",The film is a work of astonishing grace and humane honesty.,The movie is a work of extraordinary courage and grace.,False
1306,"He was elected the Natrona County High School senior class president, represented the school at Boys State, and played halfback on the football team.","He graduated from high school in 1876 and enrolled at the University of Wisconsin-Madison, where he received a Bachelor of Arts degree in Sociology.","In 1894, he was elected to the United States House of Representatives as a Republican from Connecticut and served until January 3, 1901.",False
1307,He began to learn mathematics around age twelve.,"He graduated from the University of Wisconsin-Madison in 1876 and earned a Juris Doctor (J.D.) degree in economics, graduating in 1928.","He was a member of the Skull and Bones society, but left in 1848 to become president.",False
1308,He also starred in the mini series The Stand.,"He was a member of the Skull and Bones society, as well as some distant relatives.","He was a member of the Skull and Bones society, as well as some distant relatives.",True
1309,This led to his being hired by Westinghouse company to service their steam engines.,He was awarded the Presidential Medal of Freedom in 2003.,"In 1879, after a two-day trial she was banished from the Sumeriahite sect and led followers to settle Aquidneck Island in what later became Rhode Island.",False
1310,"His grandfather, also named William Seward Burroughs, founded the Burroughs Adding Machine company, which evolved into the Burroughs Corporation.","He was a founding member of the Arbusto Energy company, and served as managing general partner (Gosling) from 1973 until 1977.","The movie is a blandly unfunny and unentertaining affair, one that will only satisfy the most emotionally malleable of filmgoers.",False
1311,"The couple have four children: daughters Katherine and Christina, and sons Patrick and Christopher.","He was born in New York City to William and Gladys Bush, the parents of George W. Bush and his wife Eleanor Roosevelt.","He was born in New York City to William Cecil, Jr., an American capitalist and a former United States Secretary of Defense under President James Monroe; his wife Eleanor Roosevelt (nee Roosevelt), and their son George W. Bush, both of whom were U.S.",False
1312,These events soon led to the American Civil War.,"He married Coretta Scott on June 3, 1953.",A blandly unfunny and unentertaining affair that permeates the film's overall persona.,False
1313,"Fans of the TV series will be disappointed, and everyone else will be slightly bored.",A blandly unfunny and unentertaining affair that permeates the film's overall persona.,"He was a member of the Skull and Bones society, as well as an occasional guest on The Week That Was.",False
1314,"John William Coltrane (September 23, 1926 - July 17, 1967) was an American jazz saxophonist and composer.","He was a founding member of the Arithmometer Company, which publishes multiple intelligence newsletters.","He married Coretta Scott on June 3, 1953.",False
1315,"His father-in-law, George Herbert Walker, and Walker's partner, Averell Harriman, brought him on as an officer in their investment banking firm, W. A. Harriman and Company in 1926.","He was a member of the Skull and Bones society, as well as an occasional guest on The Week That Was.","He was a founding member of the Arithmometer Company, which publishes multiple intelligence newsletters.",False
