sample_index,reference,real_eeg,shuffled_eeg,exact_match
0,"Despite his father's opposition to him having a foreign-born wife, Adams wed Louisa Johnson in 1797.","After a year with the University of California, Los Angeles, he joined the University in 1975 and then joined the Washington University.",He graduated from Dartmouth College in 1953.,False
1,"The movie's plot is almost entirely witless and inane, carrying every gag two or three times beyond its limit to sustain a laugh.","The movie is a good example of the way the film is made, and it's a good one that has a lot more depth.","The movie is a good example of the way the film is made, and it's a good one that has a lot more depth.",True
2,"After this initial success, Ford left Edison Illuminating and, with other investors, formed the Detroit Automobile Company.","In 1876, he was elected to the United States House of Representatives as a Democrat and was a member of the House of Commons.","The movie is a little too far beyond the original's original, but it's a lot more than that.",False
3,"John William Coltrane (September 23, 1926 - July 17, 1967) was an American jazz saxophonist and composer.",He was elected to the House of Representatives in the House for the Democratic Party.,He was educated at the University of Pennsylvania and then entered the United States.,False
4,"Rather than retire, Adams would go on to win election as a Democratic-Republican to the House of Representatives beginning with the 22nd Congress, serving from March 4, 1831, until his death.",He was elected to the House of Representatives as a Democrat from New York City in the House.,"The movie is a work of a movie that, while it's a work, is a movie with a lot to be funny.",False
5,His work dealt largely with the poor urban black and mulatto communities of Bahia.,"He was a member of the United States Army until January of 1917, and was a general contractor.","He was born in New York City in 1887, and was educated at the University of Pennsylvania, where he was a student of Charles Darwin and later as a lecturer in philosophy.",False
6,His gift of $5 million dollars helped found the Great Smoky Mountains National Park.,"In 1876, he founded the company, and in 1876 he founded a company, the New York City company.","The film's a work of art, but it's also a work.",False
7,"Frank Durward White (June 4, 1933 - May 21, 2003) was the Republican governor of the U.S. state of Arkansas from 1981 to 1983.","John Fitzgerald Kennedy (born May 18, 18, in St. John, Massachusetts) was a United States Secretary of the House of Representatives from the Senate from the Republican Party from the House representing New York.","In 1876, he was elected to the United States House of Representatives as a Democrat and was a member of the House of Commons.",False
8,Steers has an unexpectedly adamant streak of warm-blooded empathy for all his disparate Manhattan denizens -- especially the a**holes.,"The film's a work of the director, who has a way of conceited characters that's both entertaining and also a little bit creepy.","In 1876, he founded the founding of the Standard Oil Company, and was the founding Standard Oil Corporation, and later the Standard Bank of New York City.",False
9,"His grandfather, also named William Seward Burroughs, founded the Burroughs Adding Machine company, which evolved into the Burroughs Corporation.","In 1876, he founded the founding of the Standard Oil Company, and was the founding Standard Oil Corporation, and later the Standard Bank of New York City.",He was educated at the University of Pennsylvania.,False
10,"Even as I valiantly struggled to remain interested, or at least conscious, I could feel my eyelids... getting... very... heavy...","The movie is a work of a movie that, while it's a work, is a movie with a lot to be funny.",He served as the Governor of the United States from 1876 until his death in 1891.,False
11,"Miguel Ferrer (born February 7, 1955 in Santa Monica, California) is a Puerto Rican-American actor who is often cast in movies as a villain.","Elliott married Margot de Otero (born April 18, 18, in St. Louis) was an American actress.","The film's a work of the director, who has a way of conceited characters that's both entertaining and also a little bit creepy.",False
12,"The delicious trimmings... arrive early and stay late, filling nearly every minute... with a lighthearted glow, some impudent snickers, and a glorious dose of humankind's liberating ability to triumph over a Scrooge or two.","The movie's a good example of the way to a good movie, one that's both a good one, is a work of art that's a lot to say.","In 1876, he founded the company, and in 1876 he founded a company, the New York City company.",False
13,Exceptionally well acted by Diane Lane and Richard Gere.,The film is a work of impeccable performances.,He was elected to the House of Representatives in the House for the Democratic Party.,False
14,He began to learn mathematics around age twelve.,He graduated from the University of Pennsylvania in 1953 and then earned a Bachelor of Arts from the economics from the same course.,He is a member of the founding of the American Century.,False
15,"Ulysses S. Grant (April 27, 1822 - July 23, 1885) was the 18th President of the United States (1869 - 1877).",He served as the Governor of the United States from 1876 until his death in 1891.,He graduated from the University of Pennsylvania in 1953 and then earned a Bachelor of Arts from the economics from the same course.,False
16,"The movie's plot is almost entirely witless and inane, carrying every gag two or three times beyond its limit to sustain a laugh.","The film's a bit too far into the story, but it's a good one that has a lot of depth.","The film's a work of art, but it's a bit too far.",False
17,His work dealt largely with the poor urban black and mulatto communities of Bahia.,He was educated at the University of Pennsylvania and then entered the United States.,"John Fitzgerald Kennedy (born February 12, 1953) is an American film actor.",False
18,"So young, so smart, such talent, such a wise ***.","The film's a work of art, but it's also a work.","He was elected to the House of Representatives as a member of the House representing New York, and was a member and member of Parliament for the House and the Senate from 1848 until the Senate.",False
19,"Shamelessly resorting to pee-related sight gags that might even cause Tom Green a grimace; still, Myer's energy and the silliness of it all eventually prevail.","The film's a bit too far, and it's a little too far in, but it's still a good one, and I like it.","The film's a bit too far, and it's a little too far in, but it's still a good one, and I like it.",True
20,Burroughs graduated from Harvard University in 1936.,He graduated from Dartmouth College in 1953.,"Elliott married Margot de Otero (born April 18, 18, in St. Louis) was an American actress.",False
21,He had an elder brother named Emmet Olson.,He was educated at the University of Pennsylvania.,"The film's a bit too far into the story, but it's a good one that has a lot of depth.",False
22,"Abram Joffe, a Soviet physicist who knew Einstein, in an obituary of Einstein, wrote, ""The author of [the papers of 1905] was ... a bureaucrat at the Patent Office in Bern, Einstein-Maria"" and this has recently been taken as evidence of a collaborative relationship.","He was born in New York City in 1887, and was educated at the University of Pennsylvania, where he was a student of Charles Darwin and later as a lecturer in philosophy.","A work of a film, but it's a work of art.",False
23,"John William Coltrane (September 23, 1926 - July 17, 1967) was an American jazz saxophonist and composer.","John Fitzgerald Kennedy (born February 12, 1953) is an American film actor.",The film is a work of impeccable performances.,False
24,"Shamelessly resorting to pee-related sight gags that might even cause Tom Green a grimace; still, Myer's energy and the silliness of it all eventually prevail.","The film's best, if it's not a masterpiece, is its title and the subject matter is a fascinating subject matter.","He was a member of the United States Army until January of 1917, and was a general contractor.",False
25,"``My god, I'm behaving like an idiot!''","A work of a film, but it's a work of art.",He was elected to the House of Representatives as a Democrat from New York City in the House.,False
26,The second coming of Harry Potter is a film far superior to its predecessor.,"The film's a work of art, but it's a bit too far.","After a year with the University of California, Los Angeles, he joined the University in 1975 and then joined the Washington University.",False
27,He was one of the founder members of the Lunar Society.,He is a member of the founding of the American Century.,"The movie's a good example of the way to a good movie, one that's both a good one, is a work of art that's a lot to say.",False
28,"Robert Henry Dee (born May 18, 1933 in Quincy, Massachusetts) is a former three-sport letterman at Holy Cross College who was one of the first players signed by the Boston Patriots in 1960.","He was elected to the House of Representatives as a member of the House representing New York, and was a member and member of Parliament for the House and the Senate from 1848 until the Senate.",The movie is a work of the kind of movie that's a little too far into the making of it.,False
29,He began to learn mathematics around age twelve.,He graduated from Dartmouth College in 1876.,"The film's best, if it's not a masterpiece, is its title and the subject matter is a fascinating subject matter.",False
30,"In XXX, Diesel is that rare creature -- an action hero with table manners, and one who proves that elegance is more than tattoo deep.",The movie is a work of the kind of movie that's a little too far into the making of it.,He graduated from Dartmouth College in 1876.,False
31,"What makes How I Killed My Father compelling, besides its terrific performances, is Fontaine's willingness to wander into the dark areas of parent-child relationships without flinching.","The movie is a little too far beyond the original's original, but it's a lot more than that.","John Fitzgerald Kennedy (born May 18, 18, in St. John, Massachusetts) was a United States Secretary of the House of Representatives from the Senate from the Republican Party from the House representing New York.",False
32,"Frank Durward White (June 4, 1933 - May 21, 2003) was the Republican governor of the U.S. state of Arkansas from 1981 to 1983.","John Fitzgerald Kennedy (born October 5, 18, in London, England) was a British Conservative politician who was the longest serving Conservative politician.","He was born in St. Germain, New York, in 1876.",False
33,"Some say this was because of a bargain he struck with Henry Clay, which put Clay into office as his Secretary of State once Adams won.",He was elected to the House of Representatives as a Democrat and served until January of 1876.,"John Fitzgerald Kennedy (January 18, 1887 - January 23, 1924) was a United States House of Representatives from New York.",False
34,He also starred in the mini series The Stand.,"He was born in St. Germain, France, in 1876.","John Fitzgerald Kennedy (born October 5, 18, in London, England) was a British Conservative politician who was the longest serving Conservative politician.",False
35,"In between his sea voyages, Kerouac stayed in New York with friends from Fordham.",He was born in New York City in 1835 and moved to the city of St. Louis.,"John Fitzgerald Kennedy (born April 5, 18, in San Francisco) was an American novelist, journalist, and television actor.",False
36,"Bill ""Billy"" Boucher (b. November 10, 1899 in Ottawa, Ontario, Canada, died November 10, 1958) was a Canadian professional ice hockey rightwinger who played in the National Hockey League for the Montreal Canadiens, Boston Bruins and New York Americans.","John Fitzgerald Kennedy (January 30, 18, 1876 - January 30, 1970) was an American politician, and the longest serving Governor of the United States from 18, and a Republican politician, who served as the Governor of New York,",He was educated at the University of Pennsylvania and earned a Bachelor of Arts from Dartmouth College.,False
37,"Adams was born in Braintree, Massachusetts in a part of town which eventually became the separate town of Quincy.","John Fitzgerald Kennedy (January 18, 1887 - January 23, 1924) was a United States House of Representatives from New York.",The movie is a work of a movie that's so bad it's almost laughable.,False
38,"A lousy movie that's not merely unwatchable, but also unlistenable.","It's a work of art, but it's a bit too much.","It's a work of art, but it's a bit too much.",True
39,"This picture is murder by numbers, and as easy to be bored by as your ABC's, despite a few whopping shootouts.",The film's a work of the kind of movie that's both a little too far into the subject matter for its scope.,He was born in New York City in 1835 and moved to the city of St. Louis.,False
40,Exceptionally well acted by Diane Lane and Richard Gere.,The movie is a work of a movie that's so bad it's almost laughable.,"The movie is a little too long, but it's a little bit too long.",False
41,"As a girl-meets-girl romantic comedy, Kissing Jessica Steinis quirky, charming and often hilarious.","It's a good film, but it's a bit too long.","He was born in St. Germain, France, in 1876.",False
42,"Frank Durward White (June 4, 1933 - May 21, 2003) was the Republican governor of the U.S. state of Arkansas from 1981 to 1983.",He was elected to the House of Representatives as a Republican from New York.,"In 1876, he was born in New York City, and was the first of the United States, and is the son of the first wife of the late Robert A. Kennedy, who was the Secretary of Defense under George W. Bush, and his wife,",False
43,Bad and baffling from the get-go.,It's a work of art.,He was elected to the House of Representatives as a Democrat and served until January of 1876.,False
44,What a great shame that such a talented director as Chen Kaige has chosen to make his English-language debut with a film so poorly plotted and scripted.,The movie is a work of a movie that's a little too far into the characters and the acting.,He graduated from Dartmouth College in 1953 and earned a Bachelor of Arts from Dartmouth in 1953.,False
45,Then he went on to a public grammar school for three years.,"He was born in St. Germain, New York, in 1876.","He served as the United States Secretary of Defense from January 18, 1876 until January 1891.",False
46,Burroughs graduated from Harvard University in 1936.,He graduated from Dartmouth College in 1953.,The movie is a work of a movie that's so bad it's almost laughable.,False
47,"His father-in-law, George Herbert Walker, and Walker's partner, Averell Harriman, brought him on as an officer in their investment banking firm, W. A. Harriman and Company in 1926.","He was a member of the House of Representatives from 1876 until 1977 until 1977, and then a member emeritus at the University of Pennsylvania from 1977 until 1979.","He was born in St. Germain, France, in 1876.",False
48,He began to learn mathematics around age twelve.,He graduated from Dartmouth College in 1953 and earned a Bachelor of Arts from Dartmouth in 1953.,He graduated from the University of Colorado in economics from the economics department in economics.,False
49,"A loud, ugly, irritating movie without any of its satirical salvos hitting a discernible target.","The film's a work of art, but it's a little too much.",The movie is a work of a movie that's a little too far into the characters and the acting.,False
50,Adams received one electoral vote in the presidential election of 1820.,"He was born in St. Germain, France, in 1876.",He was elected to the House of Representatives as a Republican from New York.,False
51,"His grandfather, also named William Seward Burroughs, founded the Burroughs Adding Machine company, which evolved into the Burroughs Corporation.",He was educated at the University of Pennsylvania and earned a Bachelor of Arts from Dartmouth College.,"He was a member of the House of Representatives from 1876 until 1977 until 1977, and then a member emeritus at the University of Pennsylvania from 1977 until 1979.",False
52,"A first-class, thoroughly involving B movie that effectively combines two surefire, beloved genres -- the prison flick and the fight film.",The movie is a great example of the power of a movie that's a little too long.,"The film's a work of art, but it's a little too much.",False
53,"Hodgkin and Huxley shared the prize that year with John Carew Eccles, who was cited for research on synapses.",He was awarded the Oscar for Best Supporting Actress in the Best Supporting Actor in the Oscar-winning role in The Lion King.,"John Fitzgerald Kennedy (May 18, 18, 1929 - January 23, 2003) was an American politician.",False
54,"Ulysses S. Grant (April 27, 1822 - July 23, 1885) was the 18th President of the United States (1869 - 1877).","John Fitzgerald Kennedy (May 18, 18, 1929 - January 23, 2003) was an American politician.",It's a strange way to be a kid.,False
55,He was the founder and first president of the Naval War College between 1884 and 1886.,"In 1876, he founded the Standard Oil Company, and later became a founding member of the Standard Company.",He was awarded the Oscar for Best Supporting Actress in the Best Supporting Actor in the Oscar-winning role in The Lion King.,False
56,"A first-class, thoroughly involving B movie that effectively combines two surefire, beloved genres -- the prison flick and the fight film.",The movie is a work of a movie that's so bad it's almost laughable.,The movie is a great example of the power of a movie that's a little too long.,False
57,"Ulysses S. Grant (April 27, 1822 - July 23, 1885) was the 18th President of the United States (1869 - 1877).","He served as the United States Secretary of Defense from January 18, 1876 until January 1891.","He was born in St. Germain, France, in 1876 to Maria Corriere, the daughter of the late John F. Kennedy.",False
58,A strangely compelling and brilliantly acted psychological drama.,It's a strange way to be a kid.,It's a work of art.,False
59,"He graduated from Princeton University in 1952, and attended Harvard University in 1954-55.",He graduated from the University of Colorado in economics from the economics department in economics.,"John Fitzgerald Kennedy (January 30, 18, 1876 - January 30, 1970) was an American politician, and the longest serving Governor of the United States from 18, and a Republican politician, who served as the Governor of New York,",False
60,"Hutchinson emigrated from England to Massachusetts in 1634, in response to the preacher John Cotton's doing so.","He was born in St. Germain, France, in 1876 to Maria Corriere, the daughter of the late John F. Kennedy.","In 1876, he founded the Standard Oil Company, and later became a founding member of the Standard Company.",False
61,"He remained in Hollywood for the duration of the war, attaining the rank of captain.","John Fitzgerald Kennedy (born April 5, 18, in San Francisco) was an American novelist, journalist, and television actor.","It's a good film, but it's a bit too long.",False
62,"Even as I valiantly struggled to remain interested, or at least conscious, I could feel my eyelids... getting... very... heavy...","The movie is a little too long, but it's a little bit too long.",He graduated from Dartmouth College in 1953.,False
63,"Although Adams lost in both the popular and electoral votes in the Presidential election of 1824, none of the candidates were able to secure a majority of the electoral vote, thereby putting the outcome in the hands of the House of Representatives, which to the surprise of many elected Adams over rival Andrew Jackson.","In 1876, he was born in New York City, and was the first of the United States, and is the son of the first wife of the late Robert A. Kennedy, who was the Secretary of Defense under George W. Bush, and his wife,",The film's a work of the kind of movie that's both a little too far into the subject matter for its scope.,False
64,A strangely compelling and brilliantly acted psychological drama.,"The film's best, if it's not a masterpiece, is a work of stunning understatement.","John Fitzgerald Kennedy (May 18, 18, in San Francisco) was an American politician who was a Republican politician.",False
65,"Ulysses S. Grant (April 27, 1822 - July 23, 1885) was the 18th President of the United States (1869 - 1877).","He was born in St. George, Missouri, and was a United States Navy officer.","The movie's a bit too far into the subject matter, but it's a compelling one that's a lot more than its title implies.",False
66,He was first appointed to fill the Senate seat of Ernest Lundeen who had died in office.,"He was born in St. Germain, New York, in 1835, and was educated at the University of Pennsylvania.","The film's best performances are those that feature the original's musical numbers, and the original was a cult hero of the 1960s.",False
67,"In 1983, Miguel was given a small part as a waiter in the movie The Man Who Wasn't There.","He was born in St. Germain, France, in 1887 and is the son of the late John F. Kennedy.","He married his second wife, actress Rosemary Clooney, in 1953.",False
68,"Bill ""Billy"" Boucher (b. November 10, 1899 in Ottawa, Ontario, Canada, died November 10, 1958) was a Canadian professional ice hockey rightwinger who played in the National Hockey League for the Montreal Canadiens, Boston Bruins and New York Americans.","John Fitzgerald Kennedy (May 23, 18, Dublin, Ireland) was an American film and television actor, and a former British writer, and director, and television and film director, who is best known for his role in the 1960s, and for his work as",He is a member of the United States House of Representatives from New York.,False
69,"Alain Choquart's camera barely stops moving, portraying both the turmoil of the time and giving Conduct a perpetual sense of urgency, which, for a film that takes nearly three hours to unspool, is both funny and irritating.","The movie's a good example of the way movies can be made, but it's a bit too much to be funny.","The film's best, most affecting, and most affecting is the way it's presented.",False
70,"The Emperor's Club is one of those films that possesses all the good intentions in the world, but...",It's a good film that's a little too much for me to care.,"In 18, he founded the New York City, New York, and founded the Rock and Roll Hall of Fame.",False
71,"On April 8, 1995 he married actress Patricia Arquette.",He married to actress Married to actress Laura Prep.,"He graduated from Dartmouth College in 1809 and earned a Bachelor of Arts from Dartmouth in 1953, and a Juris Doctor from Dartmouth Law School in 1953.",False
72,"As a girl-meets-girl romantic comedy, Kissing Jessica Steinis quirky, charming and often hilarious.","A work of a compelling story, but it's a work of artifice that's missing from a movie.",He was awarded the Academy Award for the Best Supporting Actress in the Best Actress in a Supporting Actress for The Godfather Part II.,False
73,"On April 8, 1995 he married actress Patricia Arquette.",He was married to actress Laura Hoyt for a year.,It's a strange way to approach a political issue.,False
74,"Lift, the mother of Danny DeVito's character in her Academy Award nominated performance in Throw Momma from the Train.","In 1876, he was awarded the Presidential Medal of Freedom from the United States in Chemistry, and received a Juris Doctor in 1953.",He was born in New York City in 1876.,False
75,"On April 8, 1995 he married actress Patricia Arquette.","He married his second wife, actress Rosemary Clooney, in 1953.","A movie with a stunning cast, this is a movie that will make you laugh.",False
76,... something appears to have been lost in the translation this time.,The movie is a work of a movie that's a bit too long.,"John Fitzgerald Kennedy (May 23, 18, Dublin, Ireland) was an American film and television actor, and a former British writer, and director, and television and film director, who is best known for his role in the 1960s, and for his work as",False
77,"Shamelessly resorting to pee-related sight gags that might even cause Tom Green a grimace; still, Myer's energy and the silliness of it all eventually prevail.","The film's best, most affecting, and most affecting is the way it's presented.","He was born in St. Germain, New York, in 1835, and was educated at the University of Pennsylvania.",False
78,"He was elected the Natrona County High School senior class president, represented the school at Boys State, and played halfback on the football team.","He graduated from Dartmouth College in 1809 and earned a Bachelor of Arts from Dartmouth in 1953, and a Juris Doctor from Dartmouth Law School in 1953.",He was married to actress Laura Hoyt for a year.,False
79,"While it regards 1967 as the key turning point of the 20th century, and returns again and again to images of dissidents in the streets, it's alarmingly current.","The film's best performances are those that feature the original's musical numbers, and the original was a cult hero of the 1960s.","He was born in St. George, Missouri, and was a United States Navy officer.",False
80,"He remained in Hollywood for the duration of the war, attaining the rank of captain.","John Fitzgerald Kennedy (May 18, 18, in San Francisco) was an American politician who was a Republican politician.","A work of a compelling story, but it's a work of artifice that's missing from a movie.",False
81,Benjamin Everett Jordan (8 September 1896 - 15 March 1974) was a Democratic U.S. senator from the state of North Carolina between 1958 and 1973.,"John Fitzgerald Kennedy (born February 18, 18, in St. Petersburg, Florida) was a Republican politician who served as the state of California from 1975 until 1979.","A work of art, but it's a work of a movie that never quite gets made.",False
82,"His grandfather, also named William Seward Burroughs, founded the Burroughs Adding Machine company, which evolved into the Burroughs Corporation.","In 1876, he founded the company of Standard Oil, and in 1891, founded the Standard Oil Company.","The film's best, if it's not a masterpiece, is a work of stunning understatement.",False
83,... something appears to have been lost in the translation this time.,"A work of art, but it's a work of a movie that never quite gets made.","After a stint in the United States as a staff sergeant in the Army, he moved to New York City, where he became a manager of the city's public library.",False
84,"``My god, I'm behaving like an idiot!''",It's a strange way to approach a political issue.,It's a good film that's a little too much for me to care.,False
85,"Dole has worked part-time for a Washington, DC, law firm, and engaged in a career of writing, consulting, public speaking, and television appearances.","After a stint in the United States as a staff sergeant in the Army, he moved to New York City, where he became a manager of the city's public library.","It's a work of art, but it's not as good.",False
86,"A loud, ugly, irritating movie without any of its satirical salvos hitting a discernible target.","A movie with a stunning cast, this is a movie that will make you laugh.","The film's best, most depressing, most frustrating, most baffling.",False
87,The sort of movie that gives tastelessness a bad rap.,"It's a work of art, but it's not as good.","John Fitzgerald Kennedy (born February 18, 18, in St. Petersburg, Florida) was a Republican politician who served as the state of California from 1975 until 1979.",False
88,A strangely compelling and brilliantly acted psychological drama.,"The film's best, most depressing, most frustrating, most baffling.","In 1876, he founded the company of Standard Oil, and in 1891, founded the Standard Oil Company.",False
89,President Clinton awarded him the Presidential Medal of Freedom in early 1997 for his service in the military and his political career.,He was awarded the Academy Award for the Best Supporting Actress in the Best Actress in a Supporting Actress for The Godfather Part II.,"It's a work of satire, but it's not funny.",False
90,Bad and baffling from the get-go.,"It's a work of satire, but it's not funny.",The movie is a work of a movie that's a bit too long.,False
91,He was one of the founder members of the Lunar Society.,He was born in New York City in 1876.,"In 1876, he was awarded the Presidential Medal of Freedom from the United States in Chemistry, and received a Juris Doctor in 1953.",False
92,"Beautifully crafted, engaging filmmaking that should attract upscale audiences hungry for quality and a nostalgic, twisty yarn that will keep them guessing.","The movie's a bit too far into the subject matter, but it's a compelling one that's a lot more than its title implies.","He was born in St. Germain, France, in 1887 and is the son of the late John F. Kennedy.",False
93,He was one of the founder members of the Lunar Society.,"In 18, he founded the New York City, New York, and founded the Rock and Roll Hall of Fame.","The movie is a little too long, but it's a good one.",False
94,"In between his sea voyages, Kerouac stayed in New York with friends from Fordham.",He is a member of the United States House of Representatives from New York.,He married to actress Married to actress Laura Prep.,False
95,The film is so bad it doesn't improve upon the experience of staring at a blank screen.,"The movie is a little too long, but it's a good one.","The movie's a good example of the way movies can be made, but it's a bit too much to be funny.",False
96,He was first appointed to fill the Senate seat of Ernest Lundeen who had died in office.,"He was born in St. Germain, New York, in 1876.","He was born in St. Germain, Missouri, and is a former United States Secretary of the Treasury.",False
97,"Eventually, the band settled on Chad Channing, with whom the band recorded the album Bleach, released on Sub Pop Records in 1989.","In 1876, he was commissioned to teach law at the University of California, Los Angeles.","The film is a work of the director, who has a lot to say about his career.",False
98,"His father-in-law, George Herbert Walker, and Walker's partner, Averell Harriman, brought him on as an officer in their investment banking firm, W. A. Harriman and Company in 1926.","In 1894, he became a member of the United States House of Representatives as a Democrat and then as a Republican from New York.","In 1876, he founded the New York City, New York, and founded the Standard Oil Company.",False
99,"On April 8, 1995 he married actress Patricia Arquette.",He married to actress Carrol Flynn in 1953.,He graduated from Dartmouth in 1953.,False
100,"After this initial success, Ford left Edison Illuminating and, with other investors, formed the Detroit Automobile Company.","In 1876, he founded the New York City Stock Company, and in 1876 founded the Standard Oil Company.","After a year, he joined the Army as a captain in the Army until 1974 until 1979. He then joined the rank of captain in",False
101,"So young, so smart, such talent, such a wise ***.","The film's a work of art, but it's a bit beyond me.",He was elected to the United States House of Representatives in the House of Commons in the Democratic Party.,False
102,He was one of the founder members of the Lunar Society.,He was a member of the United States House of Representatives from 1974 until 1977.,"He was born in St. Germain, New York, in 1876.",False
103,Exceptionally well acted by Diane Lane and Richard Gere.,"A work of a decent, if not a decent film.",He married to actress Carrol Flynn in 1953.,False
104,"Dole was twice decorated for heroic achievement, receiving two Purple Hearts for his injuries, and the Bronze Star Medal for his attempt to assist a downed radio man.","He was awarded the Academy Award for Physics for Physics, Physics, and Chemistry for Physics in Physics, for Physics Physics, in Physics for his work in Physics.",He graduated from the University of Illinois with a Bachelor of Arts in economics from the George Washington University in 1941 and then joined the University in 1953 until 1977.,False
105,"What makes How I Killed My Father compelling, besides its terrific performances, is Fontaine's willingness to wander into the dark areas of parent-child relationships without flinching.","The film is a work of the director, who has a lot to say about his career.",The movie is a little too far into the movie's plot and the characters are a bit too much for me.,False
106,Adams received one electoral vote in the presidential election of 1820.,He served as the Governor of the state of New York from 1876 until his death in 1891.,"The movie is a great example of the power of the human being, and the way it manages to capture the essence of human nature in a way that it's not a movie.",False
107,"After this initial success, Ford left Edison Illuminating and, with other investors, formed the Detroit Automobile Company.","In 1876, he founded the New York City, New York, and founded the Standard Oil Company.","In 1876, he founded the New York City Stock Company, and in 1876 founded the Standard Oil Company.",False
108,"His father-in-law, George Herbert Walker, and Walker's partner, Averell Harriman, brought him on as an officer in their investment banking firm, W. A. Harriman and Company in 1926.","In 1894, he was sent to the University of California, Los Angeles, where he earned a Bachelor of Arts in economics from the University.","John Fitzgerald Kennedy (born April 5, 18, in Boston) was a United States Navy officer, and a member of the House of Representatives from 1973 until 1977.",False
109,"The family was Jewish (non-observant); Albert attended a Catholic elementary school and, at the insistence of his mother, was given violin lessons.",He graduated from the University of Illinois with a Bachelor of Arts in economics from the George Washington University in 1941 and then joined the University in 1953 until 1977.,"The film's a bit too far into the subject of the film's title, but it's a compelling one, one that has a lot of depth to it.",False
110,"Ulysses S. Grant (April 27, 1822 - July 23, 1885) was the 18th President of the United States (1869 - 1877).","He served as the Governor of the state of California from 1887 until January 18, 1989.",He served as the Governor of the state of New York from 1876 until his death in 1891.,False
111,"You come away wishing, though, that the movie spent a lot less time trying to make a credible case for reports from the afterlife and a lot more time on the romantic urgency that's at the center of the story.","The movie is a great example of the power of the human being, and the way it manages to capture the essence of human nature in a way that it's not a movie.","In 1894, he became a member of the United States House of Representatives as a Democrat and then as a Republican from New York.",False
112,The second coming of Harry Potter is a film far superior to its predecessor.,"The film's a work of stunning, if not a masterpiece, is a work.","In 1876, he was commissioned to teach law at the University of California, Los Angeles.",False
113,"Ulysses S. Grant (April 27, 1822 - July 23, 1885) was the 18th President of the United States (1869 - 1877).",He was elected to the United States House of Representatives in the House of Commons in the Democratic Party.,"He was awarded the Academy Award for Physics for Physics, Physics, and Chemistry for Physics in Physics, for Physics Physics, in Physics for his work in Physics.",False
114,"Beautifully crafted, engaging filmmaking that should attract upscale audiences hungry for quality and a nostalgic, twisty yarn that will keep them guessing.",The movie is a little too far into the movie's plot and the characters are a bit too much for me.,It's a strange way to start.,False
115,"The delicious trimmings... arrive early and stay late, filling nearly every minute... with a lighthearted glow, some impudent snickers, and a glorious dose of humankind's liberating ability to triumph over a Scrooge or two.","The movie's a bit of a comedy, it's a little too much to be funny, but it's also a good one that has a way of conceals its flaws.","A work of a decent, if not a decent film.",False
116,"After this initial success, Ford left Edison Illuminating and, with other investors, formed the Detroit Automobile Company.","In 1876, Rockefeller founded the Rockefeller Foundation, and in 1876 he founded the Standard Oil Company, and later became Standard Oil.","John Fitzgerald Kennedy (born April 18, 18, in Long Island, New York) is an American film and television actor, most known for his role in the 1960s, and for his part in the American Civil War.",False
117,Adams received one electoral vote in the presidential election of 1820.,"He was born in St. Germain, Missouri, and is a former United States Secretary of the Treasury.",The movie is a work of the film's best acting.,False
118,"What makes How I Killed My Father compelling, besides its terrific performances, is Fontaine's willingness to wander into the dark areas of parent-child relationships without flinching.","The film's a bit too far into the subject of the film's title, but it's a compelling one, one that has a lot of depth to it.",He was elected to the House of Representatives as a member of the House.,False
119,A strangely compelling and brilliantly acted psychological drama.,It's a strange way to start.,"The movie's a bit of a comedy, it's a little too much to be funny, but it's also a good one that has a way of conceals its flaws.",False
120,"Bill ""Billy"" Boucher (b. November 10, 1899 in Ottawa, Ontario, Canada, died November 10, 1958) was a Canadian professional ice hockey rightwinger who played in the National Hockey League for the Montreal Canadiens, Boston Bruins and New York Americans.","John Fitzgerald Kennedy (born April 18, 18, in Long Island, New York) is an American film and television actor, most known for his role in the 1960s, and for his part in the American Civil War.","The film's a work of stunning, if not a masterpiece, is a work.",False
121,He began to learn mathematics around age twelve.,He graduated from Dartmouth in 1953.,"In 1876, Rockefeller founded the Rockefeller Foundation, and in 1876 he founded the Standard Oil Company, and later became Standard Oil.",False
122,He was first appointed to fill the Senate seat of Ernest Lundeen who had died in office.,He was elected to the House of Representatives as a member of the House.,"In 1876, he founded the New York City company, and in 1891, was the founding of the Rockefeller family.",False
123,"Like the best of Godard's movies... it is visually ravishing, penetrating, impenetrable.",The movie is a work of the film's best acting.,"John Fitzgerald Kennedy (born January 18, 18, in St. John, Massachusetts) was a Republican politician.",False
124,He was the founder and first president of the Naval War College between 1884 and 1886.,"In 1876, he founded the New York City company, and in 1891, was the founding of the Rockefeller family.","He served as the Governor of the state of California from 1887 until January 18, 1989.",False
125,Benjamin Everett Jordan (8 September 1896 - 15 March 1974) was a Democratic U.S. senator from the state of North Carolina between 1958 and 1973.,"John Fitzgerald Kennedy (born January 18, 18, in St. John, Massachusetts) was a Republican politician.","The film's a work of art, but it's a bit beyond me.",False
126,"Dole has worked part-time for a Washington, DC, law firm, and engaged in a career of writing, consulting, public speaking, and television appearances.","After a year, he joined the Army as a captain in the Army until 1974 until 1979. He then joined the rank of captain in",He was a member of the United States House of Representatives from 1974 until 1977.,False
127,"Albert Einstein (March 14, 1879 - April 18, 1955) was a German-born Jewish theoretical physicist of German, Swiss and American citizenship, who is widely regarded as the greatest scientist of the 20th century or even of all time, ranking alongside the luminaries Newton and Gauss.","John Fitzgerald Kennedy (born April 5, 18, in Boston) was a United States Navy officer, and a member of the House of Representatives from 1973 until 1977.","In 1894, he was sent to the University of California, Los Angeles, where he earned a Bachelor of Arts in economics from the University.",False
128,"A lousy movie that's not merely unwatchable, but also unlistenable.","It's a strange way to spend a night, but it's a good one.","In 1998, he was married to actress who had been married for five years.",False
129,"Bray is completely at sea; with nothing but a Savage Garden music video on his resume, he has no clue about making a movie.",The movie is a work of a movie that's a little too far into the subject matter.,"John Fitzgerald Kennedy (January 23, 1876 - January 23, 1943) was an American novelist, and the founder of the American Revolution.",False
130,She was the fifth of nine children.,He graduated from Dartmouth College in 1953.,"It's a strange way to spend a night, but it's a good one.",False
131,"Arnold Alois Schwarzenegger (born July 30, 1947 in Thal, Styria, Austria) is an Austrian-American actor, Republican politician, and bodybuilder, currently serving as the 38th Governor of California.",He was elected to the House of Representatives in the Republican Party.,"He was born in St. Germain, France, in 1876 and was a member of the United States.",False
132,"As a girl-meets-girl romantic comedy, Kissing Jessica Steinis quirky, charming and often hilarious.","A work of art, and a work of a great director, is a work that's both engaging and poignant.",He graduated from Dartmouth College in 1953 and earned a Bachelor of Arts from Dartmouth in 1953.,False
133,"Rather than retire, Adams would go on to win election as a Democratic-Republican to the House of Representatives beginning with the 22nd Congress, serving from March 4, 1831, until his death.","John Fitzgerald Kennedy (born May 18, 18, in San Juan, California) was a Republican politician who served as the House of Representatives from 1974 to 1978.","He was elected to the United States House of Representatives as a Democrat and was a member of the House of Commons from 1974 until 1977, and was the Secretary of Defense under President George W. Bush.",False
134,On 28 February 1934 he and Anthony Fokker each received an excessive half a million dollars for selling fifty military planes to the Soviet government.,"He was elected to the United States House of Representatives as a Democrat and was a member of the House of Commons from 1974 until 1977, and was the Secretary of Defense under President George W. Bush.",The movie is a work of a movie that's a little too far into the subject matter.,False
135,"His employment by the General Electric company further enhanced his political image; he travelled widely as a GE spokesman, and was noted for his anti-Communist speeches.","In 1876, he joined the United States Rubber Company as a contract position with the firm until 1975 until 1979.","John Fitzgerald Kennedy (born May 18, 18, in San Juan, California) was a Republican politician who served as the House of Representatives from 1974 to 1978.",False
136,"Cheney grew up in Casper, Wyoming, and met his high-school sweetheart and future wife, Lynne Vincent, at age fourteen.","He married to actress Married to actress Rose Kennedy in 1952, and they had three children.",He graduated from Dartmouth College in 1953.,False
137,"The couple have four children: daughters Katherine and Christina, and sons Patrick and Christopher.","In 1998, he was married to actress who had been married for five years.",The movie is a work of a movie that's a bit too far into the present.,False
138,"If you already like this sort of thing, this is that sort of thing all over again.","A work of a movie, but it's a work of art, and it's just a work.","The movie is a little too long, but it's a good one.",False
139,"Albert Einstein (March 14, 1879 - April 18, 1955) was a German-born Jewish theoretical physicist of German, Swiss and American citizenship, who is widely regarded as the greatest scientist of the 20th century or even of all time, ranking alongside the luminaries Newton and Gauss.","John Fitzgerald Kennedy (May 23, 18, Dublin, Ireland) is an American film and television actor, known for his role in the 1960s, and for his part in the American Civil War, the longest serving of the United States, and the longest reigning of",The movie's a bit too far into the subject matter for its scope.,False
140,"He was elected the Natrona County High School senior class president, represented the school at Boys State, and played halfback on the football team.","He graduated from the University of Pennsylvania with a Bachelor of Arts in economics from Dartmouth College in 1953, and earned a Juris Doctor from Dartmouth in 1956.","In 1876, he joined the United States Rubber Company as a contract position with the firm until 1975 until 1979.",False
141,"He graduated from Princeton University in 1952, and attended Harvard University in 1954-55.",He graduated from Dartmouth College in 1953 and earned a Bachelor of Arts from Dartmouth in 1953.,"John Fitzgerald Kennedy (May 18, 18, in St. Germain, France) was an American novelist, poet, and television actress.",False
142,"During this period, he personally drove his Quadricycle to victory in a race against Alexander Winton, a well-known driver and the heavy favorite on October 10, 1901.","In 1894, he was a member of the founding of the American Revolution and was a prominent voice in the New York City area.",He graduated from Dartmouth College in New York in 1953.,False
143,It's anchored by splendid performances from an honored screen veteran and a sparkling newcomer who instantly transform themselves into a believable mother/daughter pair.,The movie is a great example of the power of a movie that has a compelling story and a compelling character.,"He was born in St. Germain, Missouri, in 1876 to the late William Barrett.",False
144,On 28 February 1934 he and Anthony Fokker each received an excessive half a million dollars for selling fifty military planes to the Soviet government.,"John Fitzgerald Kennedy (January 23, 1876 - January 23, 1943) was an American novelist, and the founder of the American Revolution.",He graduated from Dartmouth College in 1953 and enrolled at the University of Pennsylvania.,False
145,Burroughs graduated from Harvard University in 1936.,He graduated from Dartmouth College in 1953.,"A work of art, and a work of a great director, is a work that's both engaging and poignant.",False
146,The film serves as a valuable time capsule to remind us of the devastating horror suffered by an entire people.,"The movie is a little too long, but it's a good one.","In 1876, he was born in Eureka, California, and was educated at the University of Pennsylvania, where he was the first of three children, and later a British mathematician, who was the son of the same name.",False
147,"Even as I valiantly struggled to remain interested, or at least conscious, I could feel my eyelids... getting... very... heavy...",The movie is a work of a movie that's a bit too far into the present.,He married to actress Married to actress Rose Kennedy.,False
148,In 1902 Geiger began to study physics and mathematics in Erlangen and later attained a doctorate in 1906.,He graduated from Dartmouth College in 1953 and enrolled at the University of Pennsylvania.,"John Fitzgerald Kennedy (May 18, 18, Philadelphia, Pennsylvania) was an American film actor, and television actor.",False
149,"John William Coltrane (September 23, 1926 - July 17, 1967) was an American jazz saxophonist and composer.","John Fitzgerald Kennedy (May 18, 18, Philadelphia, Pennsylvania) was an American film actor, and television actor.","In 1894, he was a member of the founding of the American Revolution and was a prominent voice in the New York City area.",False
150,She was the fifth of nine children.,He graduated from Dartmouth College in New York in 1953.,"In 1876, he was elected to the United States House of Representatives as a Democrat and was the first Republican to serve in the House of Commons.",False
151,"On April 8, 1995 he married actress Patricia Arquette.",He married to actress Married to actress Rose Kennedy.,"It's a work of a film that's a little too far, but it's a good film.",False
152,"Albert Einstein (March 14, 1879 - April 18, 1955) was a German-born Jewish theoretical physicist of German, Swiss and American citizenship, who is widely regarded as the greatest scientist of the 20th century or even of all time, ranking alongside the luminaries Newton and Gauss.","In 1876, he was born in Eureka, California, and was educated at the University of Pennsylvania, where he was the first of three children, and later a British mathematician, who was the son of the same name.","He married to actress Married to actress Rose Kennedy in 1952, and they had three children.",False
153,"Hodgkin and Huxley shared the prize that year with John Carew Eccles, who was cited for research on synapses.","He was born in St. Germain, France, in 1876 and was a member of the United States.",He was elected to the House of Representatives in the Republican Party.,False
154,"The family was Jewish (non-observant); Albert attended a Catholic elementary school and, at the insistence of his mother, was given violin lessons.","John Fitzgerald Kennedy (May 18, 18, in St. Germain, France) was an American novelist, poet, and television actress.","A work of art, but it's a work of a film.",False
155,Exceptionally well acted by Diane Lane and Richard Gere.,"A work of art, but it's a work of a film.","A work of a movie, but it's a work of art, and it's just a work.",False
156,"His father-in-law, George Herbert Walker, and Walker's partner, Averell Harriman, brought him on as an officer in their investment banking firm, W. A. Harriman and Company in 1926.","In 1876, he was elected to the United States House of Representatives as a Democrat and was the first Republican to serve in the House of Commons.",The movie is a great example of the power of a movie that has a compelling story and a compelling character.,False
157,"The Emperor's Club is one of those films that possesses all the good intentions in the world, but...",The movie's a bit too far into the subject matter for its scope.,"John Fitzgerald Kennedy (May 23, 18, Dublin, Ireland) is an American film and television actor, known for his role in the 1960s, and for his part in the American Civil War, the longest serving of the United States, and the longest reigning of",False
158,"Alain Choquart's camera barely stops moving, portraying both the turmoil of the time and giving Conduct a perpetual sense of urgency, which, for a film that takes nearly three hours to unspool, is both funny and irritating.","It's a work of a film that's a little too far, but it's a good film.",He graduated from Dartmouth College in 1953.,False
159,"Hodgkin and Huxley shared the prize that year with John Carew Eccles, who was cited for research on synapses.","He was born in St. Germain, Missouri, in 1876 to the late William Barrett.","He graduated from the University of Pennsylvania with a Bachelor of Arts in economics from Dartmouth College in 1953, and earned a Juris Doctor from Dartmouth in 1956.",False
160,"What makes How I Killed My Father compelling, besides its terrific performances, is Fontaine's willingness to wander into the dark areas of parent-child relationships without flinching.","The movie is a bit too far into the story, but it's a good one that has a lot more depth.","He attended the University of California, San Francisco, and then joined the University's economics and law at the University.",False
161,In comparison to his earlier films it seems a disappointingly thin slice of lower-class London life; despite the title... amounts to surprisingly little.,"The film's best, if it's not a masterpiece, is a portrait of the people who have been there.",He graduated from Dartmouth College in 1953.,False
162,... something appears to have been lost in the translation this time.,"The film's a work of art, but it's a bit too far.","John Fitzgerald Kennedy (born May 18, 18, in St. John, Massachusetts) was a British mathematician and politician.",False
163,"During this time he worked on developing a federal system of roads, canals, bridges, lighthouses, and universities until Jackson, who defeated Adams in the latter's quest for re-election, was sworn in to replace him.","He was also the first United States Secretary of Defense under George H. W. Bush, and was one of the first members of the House of Representatives from the House.","John Fitzgerald Kennedy (born May 23, 18, in St. Germain, Illinois) was a United States House of Representatives from the Democratic Party.",False
164,"He was elected the Natrona County High School senior class president, represented the school at Boys State, and played halfback on the football team.","He graduated from the University of California, Berkeley in 1953 and enrolled at the University in 1953, and then attended the University.",He is a member of the Democratic Party and is a former Republican politician.,False
165,"Rather than retire, Adams would go on to win election as a Democratic-Republican to the House of Representatives beginning with the 22nd Congress, serving from March 4, 1831, until his death.","John Fitzgerald Kennedy (born May 23, 18, in St. Germain, Illinois) was a United States House of Representatives from the Democratic Party.","In 1876, he was elected to the House of Representatives as a Democrat and served as the first Governor of the state of Massachusetts.",False
166,"Bill ""Billy"" Boucher (b. November 10, 1899 in Ottawa, Ontario, Canada, died November 10, 1958) was a Canadian professional ice hockey rightwinger who played in the National Hockey League for the Montreal Canadiens, Boston Bruins and New York Americans.","John Fitzgerald Kennedy (born May 18, 18, in St. John, Massachusetts) was a British mathematician and politician.","In 1876, he founded the United Nations, and in 1876 founded the Rockefeller Foundation.",False
167,"His grandfather, also named William Seward Burroughs, founded the Burroughs Adding Machine company, which evolved into the Burroughs Corporation.","In 1876, he founded the United Nations, and in 1876 founded the Rockefeller Foundation.","He graduated from the University of California, Berkeley in 1876, and was ordained in 1877.",False
168,"Fans of the TV series will be disappointed, and everyone else will be slightly bored.","A work of a film that's a little too far into its subject matter, it's a work of art.","He graduated from the University of California, Berkeley in 1953 and enrolled at the University in 1953, and then attended the University.",False
169,In 1902 Geiger began to study physics and mathematics in Erlangen and later attained a doctorate in 1906.,He graduated from Dartmouth College in 1876 and earned a Bachelor of Arts from Dartmouth in 1887.,"He was born in St. George, and graduated from St. John's College in 1876.",False
170,"He was born near at Elston Hall near Nottingham, and educated at Chesterfield School then later at St. John's College, Cambridge.","He graduated from the University of California, Berkeley in 1876, and was ordained in 1877.","The movie is a little too long, but it's a good one that it's at its best when it's not a lot more.",False
171,He was the first American to win a Nobel Prize in any category.,"In 1876, he was awarded the Presidential Medal of Freedom for his work in the United Nations.",It's a work of art.,False
172,"Miguel Ferrer (born February 7, 1955 in Santa Monica, California) is a Puerto Rican-American actor who is often cast in movies as a villain.","In 1879, he was born in St. Louis, Missouri to the late William Ford.","The film's a work of art, but it's a bit too far.",False
173,"In XXX, Diesel is that rare creature -- an action hero with table manners, and one who proves that elegance is more than tattoo deep.","The movie is a little too long, but it's a good one that it's at its best when it's not a lot more.",The movie is a great example of the power of a movie that has a compelling story and a compelling character.,False
174,Benjamin Everett Jordan (8 September 1896 - 15 March 1974) was a Democratic U.S. senator from the state of North Carolina between 1958 and 1973.,He is a member of the Democratic Party and is a former Republican politician.,"A work of a film that's a little too far into its subject matter, it's a work of art.",False
175,"The family was Jewish (non-observant); Albert attended a Catholic elementary school and, at the insistence of his mother, was given violin lessons.","He was born in Mays, New York, in 1876 to parents of two daughters, Mary and Mary.","He was born in Mays, New York, in 1876 to parents of two daughters, Mary and Mary.",True
176,Bad and baffling from the get-go.,It's a work of art.,"In the same year, he was awarded the Presidential Medal of Freedom for his work in the United Nations, and was nominated for the same in the same category.",False
177,"Adams was born in Braintree, Massachusetts in a part of town which eventually became the separate town of Quincy.","He was born in St. George, and graduated from St. John's College in 1876.","The movie is a bit too far into the story, but it's a good one that has a lot more depth.",False
178,Exceptionally well acted by Diane Lane and Richard Gere.,"It's a work of art, but it's a bit too much.","The movie is a work of a young, talented cast, and it's a work that's both gripping and compelling.",False
179,What a great shame that such a talented director as Chen Kaige has chosen to make his English-language debut with a film so poorly plotted and scripted.,"The film's a great story, and it's a good one, but it's also a bit lacking in the original.","In the film, the actress is married to actor George Clooney, and their son is a singer.",False
180,"In XXX, Diesel is that rare creature -- an action hero with table manners, and one who proves that elegance is more than tattoo deep.","The movie is a little too far into the movie's plot holes, but it's a movie that has a lot more depth.","In 1879, he was born in St. Louis, Missouri to the late William Ford.",False
181,Then he went on to a public grammar school for three years.,"John Fitzgerald Kennedy (born May 18, 18, in New York) was a United States Secretary of Defense.","It's a work of art, but it's a bit too much.",False
182,In comparison to his earlier films it seems a disappointingly thin slice of lower-class London life; despite the title... amounts to surprisingly little.,The movie is a great example of the power of a movie that has a compelling story and a compelling character.,He graduated from Trinity College in 1876 and entered the University of Pennsylvania in 1867 and graduated from Dartmouth College in 1870.,False
183,"His employment by the General Electric company further enhanced his political image; he travelled widely as a GE spokesman, and was noted for his anti-Communist speeches.","He attended the University of California, San Francisco, and then joined the University's economics and law at the University.","The film's a great story, and it's a good one, but it's also a bit lacking in the original.",False
184,"Rather than retire, Adams would go on to win election as a Democratic-Republican to the House of Representatives beginning with the 22nd Congress, serving from March 4, 1831, until his death.","In 1876, he was elected to the House of Representatives as a Democrat and served as the first Governor of the state of Massachusetts.",He graduated from Dartmouth College in 1876 and earned a Bachelor of Arts from Dartmouth in 1887.,False
185,"Marvin graduated from Woodberry Forest School in 1975, and spent most summers and holidays at the sprawling family estate, the Bush Compound.","He graduated from the University of California, with a Bachelor of Arts from the Dartmouth College in 1953 and then enrolled at the University in 1953.","He graduated from the University of California, with a Bachelor of Arts from the Dartmouth College in 1953 and then enrolled at the University in 1953.",True
186,"Marvin graduated from Woodberry Forest School in 1975, and spent most summers and holidays at the sprawling family estate, the Bush Compound.",He graduated from Trinity College in 1876 and entered the University of Pennsylvania in 1867 and graduated from Dartmouth College in 1870.,"John Fitzgerald Kennedy (born May 18, 18, in New York) was a United States Secretary of Defense.",False
187,Burroughs graduated from Harvard University in 1936.,He graduated from Dartmouth College in 1953.,"The film's best, if it's not a masterpiece, is a portrait of the people who have been there.",False
188,"Arnold Alois Schwarzenegger (born July 30, 1947 in Thal, Styria, Austria) is an Austrian-American actor, Republican politician, and bodybuilder, currently serving as the 38th Governor of California.","John Fitzgerald Kennedy (May 18, 1887 - January 23, 1974) was a Republican politician who served as the House of Representatives from New York from 1974 until 1979.","John Fitzgerald Kennedy (May 18, 1887 - January 23, 1974) was a Republican politician who served as the House of Representatives from New York from 1974 until 1979.",True
189,"Hutchinson emigrated from England to Massachusetts in 1634, in response to the preacher John Cotton's doing so.","In the film, the actress is married to actor George Clooney, and their son is a singer.","The movie is a little too far into the movie's plot holes, but it's a movie that has a lot more depth.",False
190,Anemic chronicle of money grubbing New Yorkers and their serial loveless hook ups.,"The movie is a work of a young, talented cast, and it's a work that's both gripping and compelling.","In 1876, he was awarded the Presidential Medal of Freedom for his work in the United Nations.",False
191,"Lift, the mother of Danny DeVito's character in her Academy Award nominated performance in Throw Momma from the Train.","In the same year, he was awarded the Presidential Medal of Freedom for his work in the United Nations, and was nominated for the same in the same category.","He was also the first United States Secretary of Defense under George H. W. Bush, and was one of the first members of the House of Representatives from the House.",False
192,"She later moved yet further from her Boston-based persecutors, to what is now The Bronx in northern New York City.","John Fitzgerald Kennedy (May 18, 1887 - April 5, 1924) was an American film and television actor.","He was born in St. Germain, France, and was educated at the University of Pennsylvania, where he was educated until 1835, and later served as a general in the Army until 1819, and then as a lieutenant colonel in the Pacific Theater, where",False
193,"Miguel Ferrer (born February 7, 1955 in Santa Monica, California) is a Puerto Rican-American actor who is often cast in movies as a villain.","He was born in St. Germain, France, in 1887, and is a member of the St. Louis.",He was born in New York City in 1835 and was educated at the University of Pennsylvania.,False
194,The second coming of Harry Potter is a film far superior to its predecessor.,"The film's a bit too far, and it's a little too far from the point.",He was a member of the founding of the American Mathematical Society in New York City.,False
195,He was then hired by the legal department of CBS subsidiary Columbia Records.,He was a member of the United States Senate from 2003 until his death.,"He was born in St. Germain, France, in 1887, and is a member of the St. Louis.",False
196,"He graduated from Princeton University in 1952, and attended Harvard University in 1954-55.",He graduated from Dartmouth College in 1876 and earned a Bachelor of Arts from Dartmouth.,"The movie is a good example of how the film is made, but it's a bit too much.",False
197,"Albert Einstein (March 14, 1879 - April 18, 1955) was a German-born Jewish theoretical physicist of German, Swiss and American citizenship, who is widely regarded as the greatest scientist of the 20th century or even of all time, ranking alongside the luminaries Newton and Gauss.","John Fitzgerald Kennedy (May 18, 18, 17, 1876 - April 5, 1924) was an American novelist, poet, and publisher.","The film's a work of art, but it's a bit too much.",False
198,"Viewed as a comedy, a romance, a fairy tale, or a drama, there's nothing remotely triumphant about this motion picture.","A movie that's a little too far into the story, but it's a movie that has a purpose.",The film's best is a work of the best American comedy since The Silence of the Lambs.,False
199,He was then hired by the legal department of CBS subsidiary Columbia Records.,He was a member of the founding of the American Mathematical Society in New York City.,He was raised in a small town in the area.,False
200,"A loud, ugly, irritating movie without any of its satirical salvos hitting a discernible target.","The movie is a work of stunning, and it's a little too much.","John Fitzgerald Kennedy (May 18, 1887 - April 5, 1924) was an American film and television actor.",False
201,"Fans of the TV series will be disappointed, and everyone else will be slightly bored.","A work of a movie that's a little too far into the characters and the script, it's a work of art.","In 1894, he was elected to the House of Representatives as a Democrat and was one of the first members of the House (now the House) of Representatives from the House Committee on Education, Science, and Welfare (now known as the House), and was the",False
202,"``My god, I'm behaving like an idiot!''",The film's best is a work of the best American comedy since The Silence of the Lambs.,He was awarded the Presidential Medal of Freedom in Physics in 1998.,False
203,The quirky drama touches the heart and the funnybone thanks to the energetic and always surprising performance by Rachel Griffiths.,"The movie is a good example of how the film is made, but it's a bit too much.","In 1876, he was elected to the House of Representatives and was elected the House.",False
204,"Ulysses S. Grant (April 27, 1822 - July 23, 1885) was the 18th President of the United States (1869 - 1877).","He is the son of the late, great-great-great grandfather of the American actress.",The movie is a great example of the power of a movie that has nothing left to the imagination of the audience.,False
205,He was first appointed to fill the Senate seat of Ernest Lundeen who had died in office.,He was born in New York City in 1835 and was educated at the University of Pennsylvania.,The movie is a work of a movie that's a little too far into the story.,False
206,"Although Adams lost in both the popular and electoral votes in the Presidential election of 1824, none of the candidates were able to secure a majority of the electoral vote, thereby putting the outcome in the hands of the House of Representatives, which to the surprise of many elected Adams over rival Andrew Jackson.","He was born in St. Germain, France, and was educated at the University of Pennsylvania, where he was educated until 1835, and later served as a general in the Army until 1819, and then as a lieutenant colonel in the Pacific Theater, where",He graduated from Dartmouth College in 1876 and earned a Bachelor of Arts from Dartmouth.,False
207,"Frank Durward White (June 4, 1933 - May 21, 2003) was the Republican governor of the U.S. state of Arkansas from 1981 to 1983.",He served as the United States Secretary of the House of Representatives from 1974 until his resignation in the Senate.,"A work of a movie that's a little too far into the characters and the script, it's a work of art.",False
208,"Some say this was because of a bargain he struck with Henry Clay, which put Clay into office as his Secretary of State once Adams won.","He was born in St. Germain, Ohio, and graduated from the University of Pennsylvania in 1876 and was a member of the United States Army.","John Fitzgerald Kennedy (May 18, 18, 17, 1876 - April 5, 1924) was an American novelist, poet, and publisher.",False
209,"His father-in-law, George Herbert Walker, and Walker's partner, Averell Harriman, brought him on as an officer in their investment banking firm, W. A. Harriman and Company in 1926.","In 1894, he was commissioned by the United States Army Air Forces as a general, and was one of the first members of the Marine detachments of the Continental Army.","The film's a bit too far, and it's a little too far from the point.",False
210,A strangely compelling and brilliantly acted psychological drama.,"It's a work of art, and it's a genuinely moving one.","He was born in St. Germain, Ohio, and graduated from the University of Pennsylvania in 1876 and was a member of the United States Army.",False
211,"Although Adams lost in both the popular and electoral votes in the Presidential election of 1824, none of the candidates were able to secure a majority of the electoral vote, thereby putting the outcome in the hands of the House of Representatives, which to the surprise of many elected Adams over rival Andrew Jackson.","In 1894, he was elected to the House of Representatives as a Democrat and was one of the first members of the House (now the House) of Representatives from the House Committee on Education, Science, and Welfare (now known as the House), and was the","In 1876, he was elected to the United States House of Representatives.",False
212,"While serving abroad, he met Louisa Catherine Johnson, the daughter of an American merchant living abroad.","In 1876, he was elected to the House of Representatives and was elected the House.","A movie with a stunning cast and a stunningly produced, this is a movie that will appeal to a wide audience.",False
213,He was then hired by the legal department of CBS subsidiary Columbia Records.,He was raised in a small town in the area.,The movie is a work of a movie that's a little too far into the movie.,False
214,"The movie's plot is almost entirely witless and inane, carrying every gag two or three times beyond its limit to sustain a laugh.",The movie is a great example of the power of a movie that has nothing left to the imagination of the audience.,"John Fitzgerald Kennedy (May 30, 18, 1876 - April 3, 1974) was an American film actor, and author, director, and producer, and director, radio and television actor, who is best known for his role in the popular American sitcom The Fug",False
215,"The Emperor's Club is one of those films that possesses all the good intentions in the world, but...",The movie is a work of a movie that's a little too far into the story.,"The movie is a work of stunning, and it's a little too much.",False
216,"While it regards 1967 as the key turning point of the 20th century, and returns again and again to images of dissidents in the streets, it's alarmingly current.","A movie with a stunning cast and a stunningly produced, this is a movie that will appeal to a wide audience.",He was a member of the United States Senate from 2003 until his death.,False
217,He was the founder and first president of the Naval War College between 1884 and 1886.,"In 1876, he was elected to the United States House of Representatives.","It's a work of art, and it's a genuinely moving one.",False
218,"Albert Einstein (March 14, 1879 - April 18, 1955) was a German-born Jewish theoretical physicist of German, Swiss and American citizenship, who is widely regarded as the greatest scientist of the 20th century or even of all time, ranking alongside the luminaries Newton and Gauss.","John Fitzgerald Kennedy (May 30, 18, 1876 - April 3, 1974) was an American film actor, and author, director, and producer, and director, radio and television actor, who is best known for his role in the popular American sitcom The Fug","He is the son of the late, great-great-great grandfather of the American actress.",False
219,Distinctly sub-par... more likely to drown a viewer in boredom than to send any shivers down his spine.,"The film's a work of art, but it's a bit too much.",He served as the United States Secretary of the House of Representatives from 1974 until his resignation in the Senate.,False
220,Anemic chronicle of money grubbing New Yorkers and their serial loveless hook ups.,The movie is a work of a movie that's a little too far into the movie.,"The film's a bit too far into the subject of the film's plot and the characters and the way it's told, but it's a compelling enough to have a decent conclusion.",False
221,This led to his being hired by Westinghouse company to service their steam engines.,He was awarded the Presidential Medal of Freedom in Physics in 1998.,"A movie that's a little too far into the story, but it's a movie that has a purpose.",False
222,"Adams was born in Braintree, Massachusetts in a part of town which eventually became the separate town of Quincy.","John Fitzgerald Kennedy was the United States Secretary of State from 1887 until January 18, 1892) was a Republican politician who served until January of 1894.","John Fitzgerald Kennedy was the United States Secretary of State from 1887 until January 18, 1892) was a Republican politician who served until January of 1894.",True
223,"You come away wishing, though, that the movie spent a lot less time trying to make a credible case for reports from the afterlife and a lot more time on the romantic urgency that's at the center of the story.","The film's a bit too far into the subject of the film's plot and the characters and the way it's told, but it's a compelling enough to have a decent conclusion.","In 1894, he was commissioned by the United States Army Air Forces as a general, and was one of the first members of the Marine detachments of the Continental Army.",False
224,"Lawford became an American citizen in 1960, in time to vote for his brother-in-law John F. Kennedy.","John Fitzgerald Kennedy (born April 18, 18, in St. Louis, Missouri) is an American film actor, and television actor.",He was a member of the United States Senate from 1953 until 1959.,False
225,Steers has an unexpectedly adamant streak of warm-blooded empathy for all his disparate Manhattan denizens -- especially the a**holes.,"The film's best, if it's not a great one, is a work of the modern era.",He was born in New York City to the late Robert A. Kennedy and was a member of the House of Representatives from New York.,False
226,"During this time he worked on developing a federal system of roads, canals, bridges, lighthouses, and universities until Jackson, who defeated Adams in the latter's quest for re-election, was sworn in to replace him.","He was born in St. Germain, France, in 1887, and was a member of the House of Representatives from 1848 until his death.","He was born in St. Germain, Missouri, and was educated at the University of Missouri.",False
227,"Despite his father's opposition to him having a foreign-born wife, Adams wed Louisa Johnson in 1797.",He was a member of the staff of the University of Pennsylvania from 1975 until 1979.,"He was born in St. Germain, France, and was a member of the United States Army.",False
228,Steers has an unexpectedly adamant streak of warm-blooded empathy for all his disparate Manhattan denizens -- especially the a**holes.,"The film's a bit too far into the subject matter, but it's a compelling one, one that's both gripping and compelling.","He was born in New York City in 1835 to the family of James F. Kennedy, and was a member of the House of Representatives from 1848 until the Senate from Connecticut.",False
229,"What makes How I Killed My Father compelling, besides its terrific performances, is Fontaine's willingness to wander into the dark areas of parent-child relationships without flinching.","The film's a bit too far beyond the scope of the original's scope, but it's a masterpiece of a movie that has been made.","In 1894, he founded the American Enterprise Institute, which later became the World Bank, and was the founding of the World Economic Forum.",False
230,"Rather than retire, Adams would go on to win election as a Democratic-Republican to the House of Representatives beginning with the 22nd Congress, serving from March 4, 1831, until his death.","He was born in St. Germain, France, and was a member of the United States Army.","The movie is a great example of the power of a movie that's both gripping and poignant, and it's also a great one that has a stunning director who has a way of conceit.",False
231,"Hodgkin and Huxley shared the prize that year with John Carew Eccles, who was cited for research on synapses.","He was born in St. Germain, Missouri, in 1876 to John and Mary Louise Kennedy.","In 1876, he founded the company, and in 1891, founded the firm of John F. Kennedy.",False
232,"Hutchinson emigrated from England to Massachusetts in 1634, in response to the preacher John Cotton's doing so.","In 1876, he was elected to the House of Representatives as a Democrat.",The film's a good example of the kind of movie that's so well realized through the lens of someone who has seen it before.,False
233,"Viewed as a comedy, a romance, a fairy tale, or a drama, there's nothing remotely triumphant about this motion picture.","A richly realized story, the movie is a work of a movie that's both a comedy and a rousing adventure.",A work of a movie that's a little too far into the characters and the characters are a little bit too much.,False
234,His work dealt largely with the poor urban black and mulatto communities of Bahia.,He was educated at the University of Pennsylvania and earned a Bachelor of Arts in economics.,"In 1876, he was elected to the House of Representatives as a Democrat.",False
235,The film is so bad it doesn't improve upon the experience of staring at a blank screen.,The movie is a work of a movie that's a little too much.,"He was born in St. Clare, and died in 1876.",False
236,"John Drew Barrymore, also known as John Barrymore, Jr., (June 4, 1929 - November 29, 2004) was an actor, one of The Barrymores, a family of actors that included his father, John Barrymore, and his father's siblings, his uncle Lionel and his aunt Ethel.","John Fitzgerald Kennedy (born May 23, 18, in St. John, New York) was a United States Secretary of Defense from 1975 until 1979.","John Fitzgerald Kennedy (born May 23, 18, in St. John, New York) was a United States Secretary of Defense from 1975 until 1979.",True
237,Adams received one electoral vote in the presidential election of 1820.,He was a member of the United States Senate from 1953 until 1959.,He graduated from Dartmouth College in 1887 and enrolled at the University of Pennsylvania in 1953.,False
238,President Clinton awarded him the Presidential Medal of Freedom in early 1997 for his service in the military and his political career.,"In the same year, he was awarded the Presidential Medal of Freedom for Physics for Physics.","The film's a bit too far beyond the scope of the original's scope, but it's a masterpiece of a movie that has been made.",False
239,"Beautifully crafted, engaging filmmaking that should attract upscale audiences hungry for quality and a nostalgic, twisty yarn that will keep them guessing.","The movie is a great example of the power of a movie that's both gripping and poignant, and it's also a great one that has a stunning director who has a way of conceit.",He was a member of the staff of the University of Pennsylvania from 1975 until 1979.,False
240,In 1902 Geiger began to study physics and mathematics in Erlangen and later attained a doctorate in 1906.,He graduated from Dartmouth College in 1887 and enrolled at the University of Pennsylvania in 1953.,"John Fitzgerald Kennedy (born April 18, 18, in St. Louis, Missouri) is an American film actor, and television actor.",False
241,His gift of $5 million dollars helped found the Great Smoky Mountains National Park.,"In 1876, he founded the company, and in 1891, founded the firm of John F. Kennedy.","The film's best, if it's not a great one, is a work of the modern era.",False
242,"Robert Henry Dee (born May 18, 1933 in Quincy, Massachusetts) is a former three-sport letterman at Holy Cross College who was one of the first players signed by the Boston Patriots in 1960.","He was born in New York City in 1835 to the family of James F. Kennedy, and was a member of the House of Representatives from 1848 until the Senate from Connecticut.","The film's a bit too far into the subject matter, but it's a compelling one, one that's both gripping and compelling.",False
243,"She later moved yet further from her Boston-based persecutors, to what is now The Bronx in northern New York City.","He was born in St. Germain, Missouri, and was educated at the University of Missouri.","He was born in St. Germain, France, in 1887, and was a member of the House of Representatives from 1848 until his death.",False
244,On 28 February 1934 he and Anthony Fokker each received an excessive half a million dollars for selling fifty military planes to the Soviet government.,He was born in New York City to the late Robert A. Kennedy and was a member of the House of Representatives from New York.,"John Fitzgerald Kennedy (May 18, 18, 17, 1887 - January 23, 2000) was an American film and television actor.",False
245,"Albert Einstein (March 14, 1879 - April 18, 1955) was a German-born Jewish theoretical physicist of German, Swiss and American citizenship, who is widely regarded as the greatest scientist of the 20th century or even of all time, ranking alongside the luminaries Newton and Gauss.","He was born in New York City in 1875 to the late Robert A. Kennedy, Jr., and was one of the first of the famous St. Francis of Assisi, who was the first Catholic to have been born in the United States.","He was born in New York City in 1875 to the late Robert A. Kennedy, Jr., and was one of the first of the famous St. Francis of Assisi, who was the first Catholic to have been born in the United States.",True
246,"Ulysses S. Grant (April 27, 1822 - July 23, 1885) was the 18th President of the United States (1869 - 1877).","John Fitzgerald Kennedy (May 18, 18, 17, 1887 - January 23, 2000) was an American film and television actor.","In the same year, he was awarded the Presidential Medal of Freedom for Physics for Physics.",False
247,A strangely compelling and brilliantly acted psychological drama.,"The film's best is a work of stunning, if not downright depressing.",It's a work of a film that never fails to make us laugh.,False
248,"Viewed as a comedy, a romance, a fairy tale, or a drama, there's nothing remotely triumphant about this motion picture.",A work of a movie that's a little too far into the characters and the characters are a little bit too much.,"He was born in St. Germain, Missouri, in 1876 to John and Mary Louise Kennedy.",False
249,... something appears to have been lost in the translation this time.,It's a work of a film that never fails to make us laugh.,"A richly realized story, the movie is a work of a movie that's both a comedy and a rousing adventure.",False
250,"His grandfather, also named William Seward Burroughs, founded the Burroughs Adding Machine company, which evolved into the Burroughs Corporation.","In 1894, he founded the American Enterprise Institute, which later became the World Bank, and was the founding of the World Economic Forum.","He served as the Governor of the state of New York from 1887 until January 18, 1892) was the first Governor of Massachusetts.",False
251,"Some say this was because of a bargain he struck with Henry Clay, which put Clay into office as his Secretary of State once Adams won.","He served as the Governor of the state of New York from 1887 until January 18, 1892) was the first Governor of Massachusetts.",He was educated at the University of Pennsylvania and earned a Bachelor of Arts in economics.,False
252,"Dole has worked part-time for a Washington, DC, law firm, and engaged in a career of writing, consulting, public speaking, and television appearances.","He was raised in a small town in the area of the city of St. Andrews, and was educated at the University.",The movie is a work of a movie that's a little too much.,False
253,He was one of the founder members of the Lunar Society.,"He was born in St. Clare, and died in 1876.","He was raised in a small town in the area of the city of St. Andrews, and was educated at the University.",False
254,"Rather than retire, Adams would go on to win election as a Democratic-Republican to the House of Representatives beginning with the 22nd Congress, serving from March 4, 1831, until his death.",He is a member of the Democratic Party and is a former Republican from New York.,He is a member of the Democratic Party and is a former Republican from New York.,True
255,"Alain Choquart's camera barely stops moving, portraying both the turmoil of the time and giving Conduct a perpetual sense of urgency, which, for a film that takes nearly three hours to unspool, is both funny and irritating.",The film's a good example of the kind of movie that's so well realized through the lens of someone who has seen it before.,"The film's best is a work of stunning, if not downright depressing.",False
256,"Marvin graduated from Woodberry Forest School in 1975, and spent most summers and holidays at the sprawling family estate, the Bush Compound.",He was a member of the United States Senate from New York City from 1975 until 1979 until his death in 1979.,"In 1876, he was elected to the United States House of Representatives as a Democrat and served until 1970.",False
257,"While it regards 1967 as the key turning point of the 20th century, and returns again and again to images of dissidents in the streets, it's alarmingly current.","The film's best performances are those that will be in the movies, and the performances are both gripping and compelling.","The film's a bit too long, but it's a good one, one that's a little too long.",False
258,"If you already like this sort of thing, this is that sort of thing all over again.","The film's a bit too long, but it's a good one, one that's a little too long.","He was born in New York City in 1875 and moved to the city of Long Island, where he was educated until 1876.",False
259,Distinctly sub-par... more likely to drown a viewer in boredom than to send any shivers down his spine.,The film's best performances are those that make you wonder if it's real.,"In 1876, he was born in St. Germain, France, and was a member of the St. Louis.",False
260,"He was born near at Elston Hall near Nottingham, and educated at Chesterfield School then later at St. John's College, Cambridge.","He was born in St. Germain, Missouri, and was educated at the University of Missouri in Little Rock, and later a civil servant.","John Fitzgerald Kennedy (May 30, 18, 1887 - January 3, 1970) was an American politician, and a Republican politician, most known for his role in the House of Representatives from New York, and the Senate from New",False
261,In comparison to his earlier films it seems a disappointingly thin slice of lower-class London life; despite the title... amounts to surprisingly little.,"The film's a bit too far into the subject of the film's title, but it's a good one.",The film's best performances are those that make you wonder if it's real.,False
262,"Edric Frederick Gifford, 3rd Baron Gifford, VC (5 July 1849 - 5 June 1911) was an English recipient of the Victoria Cross, the highest and most prestigious award for gallantry in the face of the enemy that can be awarded to British and Commonwealth forces.","In recognition of his work in the Oscar-winning film, The Godfather, and for his role in the World War II.",It's a work of art.,False
263,"After this initial success, Ford left Edison Illuminating and, with other investors, formed the Detroit Automobile Company.","In 1876, he was elected to the United States House of Representatives as a Democrat and served until 1970.","In recognition of his work in the Oscar-winning film, The Godfather, and for his role in the World War II.",False
264,"If you already like this sort of thing, this is that sort of thing all over again.","The film's a work of art, but it's also a work that's a bit too shallow.","He was born in St. Germain, Missouri, and was educated at the University of Missouri in Little Rock, and later a civil servant.",False
265,He was then hired by the legal department of CBS subsidiary Columbia Records.,He graduated from Dartmouth College in New York in 1953.,"He was born in St. Clare, Missouri, in 1876.",False
266,On 28 February 1934 he and Anthony Fokker each received an excessive half a million dollars for selling fifty military planes to the Soviet government.,"After a stint as a U.S. Army officer, he was a member of the Army's Strategic Command post-commanding general, and was instrumental in the creation of the United States.","The film's best performances are those that will be in the movies, and the performances are both gripping and compelling.",False
267,"His grandfather, also named William Seward Burroughs, founded the Burroughs Adding Machine company, which evolved into the Burroughs Corporation.",He is a member of the Democratic Party and is a former member of Parliament.,The movie is a great example of the power of a young artist who has grown immensely from his own work.,False
268,This led to his being hired by Westinghouse company to service their steam engines.,"In recognition of his services to the United Nations, the Golden Globe Award, and for his work in the Human Rights.","The film's a work of art, but it's also a work that's a bit too shallow.",False
269,"In between his sea voyages, Kerouac stayed in New York with friends from Fordham.","He was born in St. Germain, New York, in 1835.","In recognition of his services to the United Nations, the Golden Globe Award, and for his work in the Human Rights.",False
270,"Marvin graduated from Woodberry Forest School in 1975, and spent most summers and holidays at the sprawling family estate, the Bush Compound.","John Fitzgerald Kennedy (born May 18, 18, in Dublin) was a British mathematician, and a Democrat from New York.","The movie is a little too long, but it's a good one.",False
271,"He was elected the Natrona County High School senior class president, represented the school at Boys State, and played halfback on the football team.","He graduated from the University of Wisconsin-Madison in 1950, and earned a Bachelor of Arts from the Yale Divinity School in 1953.","He was born in St. Germain, New York, in 1835.",False
272,"John Drew Barrymore, also known as John Barrymore, Jr., (June 4, 1929 - November 29, 2004) was an actor, one of The Barrymores, a family of actors that included his father, John Barrymore, and his father's siblings, his uncle Lionel and his aunt Ethel.","John Fitzgerald Kennedy (May 30, 18, 1887 - January 3, 1970) was an American politician, and a Republican politician, most known for his role in the House of Representatives from New York, and the Senate from New",The movie is a work of a movie that never quite gets made.,False
273,"In 1983, Miguel was given a small part as a waiter in the movie The Man Who Wasn't There.","In 1876, he was born in St. Germain, France, and was a member of the St. Louis.","The film's a bit too far into the subject of the film's title, but it's a good one.",False
274,"Dole has worked part-time for a Washington, DC, law firm, and engaged in a career of writing, consulting, public speaking, and television appearances.","He was born in New York City in 1875 and moved to the city of Long Island, where he was educated until 1876.","In 1894, he was elected to the House of Representatives as a Democrat and was a member of the House Minority Whip.",False
275,What a great shame that such a talented director as Chen Kaige has chosen to make his English-language debut with a film so poorly plotted and scripted.,The movie is a great example of the power of a young artist who has grown immensely from his own work.,The movie is a great example of the power of a compelling character and the way it manages to both entertain and entertain us.,False
276,"Robert Henry Dee (born May 18, 1933 in Quincy, Massachusetts) is a former three-sport letterman at Holy Cross College who was one of the first players signed by the Boston Patriots in 1960.","He was born in New York City in 1887 to the late William Barrett, a British writer, and was a member of the House of Representatives from New York.","He was born in New York City in 1887 to the late William Barrett, a British writer, and was a member of the House of Representatives from New York.",True
277,"Viewed as a comedy, a romance, a fairy tale, or a drama, there's nothing remotely triumphant about this motion picture.","A blandly well-written and well-acted script, it's a stunningly polished work of art.",He was a member of the United States Senate from New York City from 1975 until 1979 until his death in 1979.,False
278,Bad and baffling from the get-go.,It's a work of art.,He married to actress Carrol in 1948.,False
279,She was the fifth of nine children.,It's a work of art.,He graduated from Dartmouth College in New York in 1953.,False
280,He was one of the founder members of the Lunar Society.,"He was born in St. Clare, Missouri, in 1876.","He was awarded the Presidential Medal of Freedom in Physics for Physics in Physics in 1950, and was also the first of the United States in the Physics for the Physics"".",False
281,"Adams was born in Braintree, Massachusetts in a part of town which eventually became the separate town of Quincy.",He was elected to the House of Representatives as a Democrat and was the first Speaker of the House from 1877 to 1877. Bush was the Republican president of the Senate.,It's a work of art.,False
282,The film serves as a valuable time capsule to remind us of the devastating horror suffered by an entire people.,"The movie is a little too long, but it's a good one.","He graduated from the University of Wisconsin-Madison in 1950, and earned a Bachelor of Arts from the Yale Divinity School in 1953.",False
283,What a great shame that such a talented director as Chen Kaige has chosen to make his English-language debut with a film so poorly plotted and scripted.,The movie is a great example of the power of a compelling character and the way it manages to both entertain and entertain us.,"A blandly well-written and well-acted script, it's a stunningly polished work of art.",False
284,These events soon led to the American Civil War.,He married to actress Carrol in 1948.,"After a stint as a U.S. Army officer, he was a member of the Army's Strategic Command post-commanding general, and was instrumental in the creation of the United States.",False
285,"Dole was twice decorated for heroic achievement, receiving two Purple Hearts for his injuries, and the Bronze Star Medal for his attempt to assist a downed radio man.","He was awarded the Presidential Medal of Freedom in Physics for Physics in Physics in 1950, and was also the first of the United States in the Physics for the Physics"".",He was elected to the House of Representatives as a Democrat and was the first Speaker of the House from 1877 to 1877. Bush was the Republican president of the Senate.,False
286,The film is so bad it doesn't improve upon the experience of staring at a blank screen.,The movie is a work of a movie that never quite gets made.,"John Fitzgerald Kennedy (born May 18, 18, in Dublin) was a British mathematician, and a Democrat from New York.",False
287,On 28 February 1934 he and Anthony Fokker each received an excessive half a million dollars for selling fifty military planes to the Soviet government.,"In 1894, he was elected to the House of Representatives as a Democrat and was a member of the House Minority Whip.",He is a member of the Democratic Party and is a former member of Parliament.,False
288,He had an elder brother named Emmet Olson.,He was educated at the University of Pennsylvania.,"He was elected to the House of Representatives in 1835 and served until 1839, and was a member of the House from 1848 until 1848.",False
289,"The couple have four children: daughters Katherine and Christina, and sons Patrick and Christopher.",He married to actress Laura D. Kennedy in 1952.,"The film's a work of art, and it's a good one.",False
290,"The delicious trimmings... arrive early and stay late, filling nearly every minute... with a lighthearted glow, some impudent snickers, and a glorious dose of humankind's liberating ability to triumph over a Scrooge or two.","The film's best performances are those that are put to a movie in the genre, which is essentially a comedy about a man who has been cast as a villain.",It's a work of art.,False
291,The sort of movie that gives tastelessness a bad rap.,"It's a work of art, but it's not that.","The movie's a little too far into the story, but it's a lot more than that.",False
292,"His grandfather, also named William Seward Burroughs, founded the Burroughs Adding Machine company, which evolved into the Burroughs Corporation.","In 1876, he was elected to the House of Representatives as a Democrat and was a member of the House.","The film's a work of stunning, if not a masterpiece.",False
293,"Robert Henry Dee (born May 18, 1933 in Quincy, Massachusetts) is a former three-sport letterman at Holy Cross College who was one of the first players signed by the Boston Patriots in 1960.","He was elected to the House of Representatives in 1835 and served until 1839, and was a member of the House from 1848 until 1848.",He was married to actress Mira Sorority.,False
294,"This picture is murder by numbers, and as easy to be bored by as your ABC's, despite a few whopping shootouts.","A work of a good film, but it's a bit too far, and it's not as mature.","The movie is a bit too far into the story, but it's a good one, one that has a lot of potential.",False
295,The second coming of Harry Potter is a film far superior to its predecessor.,"The film's a work of art, and it's a good one.","The film's best, if it's not a masterpiece, is a work of stunning, and it's a wonder that it's even made.",False
296,He was one of the founder members of the Lunar Society.,He graduated from Dartmouth College in 1876.,"John Fitzgerald Kennedy (born May 18, 18, in Dublin, Ireland) was a United States politician who was the longest serving Conservative politician of the House of Representatives from New York.",False
297,"Cheney grew up in Casper, Wyoming, and met his high-school sweetheart and future wife, Lynne Vincent, at age fourteen.",He was married to actress Married to actress Rosemary Clooney for three years.,"John Fitzgerald Kennedy (born April 12, 18, in St. Louis, Missouri) is an American film actor.",False
298,"So young, so smart, such talent, such a wise ***.","... a work of stunning, if not downright stunning.","In 1876, he was elected to the House of Representatives as a Democrat and was a member of the House.",False
299,"While it regards 1967 as the key turning point of the 20th century, and returns again and again to images of dissidents in the streets, it's alarmingly current.","The film's best, if it's not a masterpiece, is a work of stunning, and it's a wonder that it's even made.","The film's a work of a good, if not a masterpiece, but it's a bit beyond its point.",False
300,President Clinton awarded him the Presidential Medal of Freedom in early 1997 for his service in the military and his political career.,He was awarded the Presidential Medal of Freedom in 1998.,He was educated at Marlborough College.,False
301,"Albert Einstein (March 14, 1879 - April 18, 1955) was a German-born Jewish theoretical physicist of German, Swiss and American citizenship, who is widely regarded as the greatest scientist of the 20th century or even of all time, ranking alongside the luminaries Newton and Gauss.","John Fitzgerald Kennedy (born April 12, 18, in St. Louis, Missouri) is an American film actor.",The movie is a little too far into the movie's plot and the characters and the way it's a little like a movie that never materializes.,False
302,"Although Adams lost in both the popular and electoral votes in the Presidential election of 1824, none of the candidates were able to secure a majority of the electoral vote, thereby putting the outcome in the hands of the House of Representatives, which to the surprise of many elected Adams over rival Andrew Jackson.","He was born in St. George, and educated at the University of Pennsylvania, and graduated from the University's Faculty of Arts, and was a member of the faculty of economics at the George Washington University.","... a work of stunning, if not downright stunning.",False
303,Anemic chronicle of money grubbing New Yorkers and their serial loveless hook ups.,"The film's a work of stunning, if not a masterpiece.","The film's best performances are those that are put to a movie in the genre, which is essentially a comedy about a man who has been cast as a villain.",False
304,"... creates a visceral sense of its characters' lives and conflicted emotions that carries it far above... what could have been a melodramatic, Lifetime Channel-style anthology.","The movie is a bit too far into the story, but it's a good one, one that has a lot of potential.",The movie's a little too far beyond the scope of what's possible with a movie that's a lot more.,False
305,He was one of the founder members of the Lunar Society.,He died in 1953.,He died in 1953.,True
306,He had an elder brother named Emmet Olson.,He was educated at the University of Pennsylvania.,"He was awarded the Presidential Medal of Freedom in Physics for Physics, Physics, and Chemistry in Physics, respectively, for Physics for his work in Physics.",False
307,"Beautifully crafted, engaging filmmaking that should attract upscale audiences hungry for quality and a nostalgic, twisty yarn that will keep them guessing.","The movie's a little too far into the story, but it's a lot more than that.",He was educated at the University of Pennsylvania.,False
308,"Bill ""Billy"" Boucher (b. November 10, 1899 in Ottawa, Ontario, Canada, died November 10, 1958) was a Canadian professional ice hockey rightwinger who played in the National Hockey League for the Montreal Canadiens, Boston Bruins and New York Americans.","John Fitzgerald Kennedy (born August 12, 18, in St. Louis, Missouri) was an American film actor.",He graduated from Dartmouth College in 1876.,False
309,"Cheney grew up in Casper, Wyoming, and met his high-school sweetheart and future wife, Lynne Vincent, at age fourteen.",He was educated at the University of Pennsylvania and then joined the Army until 1835.,The movie is a work of outstanding American comedy.,False
310,"His father-in-law, George Herbert Walker, and Walker's partner, Averell Harriman, brought him on as an officer in their investment banking firm, W. A. Harriman and Company in 1926.","In 1876, he was elected to the House of Representatives as a Democrat and was a member of the House Minority Whip.","He was born in St. George, and educated at the University of Pennsylvania, and graduated from the University's Faculty of Arts, and was a member of the faculty of economics at the George Washington University.",False
311,In comparison to his earlier films it seems a disappointingly thin slice of lower-class London life; despite the title... amounts to surprisingly little.,The movie is a little too far into the movie's plot and the characters and the way it's a little like a movie that never materializes.,"A work of a good film, but it's a bit too far, and it's not as mature.",False
312,Bad and baffling from the get-go.,It's a work of art.,He was educated at the University of Pennsylvania and then joined the Army until 1835.,False
313,He began to learn mathematics around age twelve.,He was educated at Marlborough College.,"It's a work of art, but it's not that.",False
314,He also starred in the mini series The Stand.,He was married to actress Mira Sorority.,He married to actress Laura D. Kennedy in 1952.,False
315,Exceptionally well acted by Diane Lane and Richard Gere.,The movie is a work of outstanding American comedy.,He was educated at the University of Pennsylvania.,False
316,"The Emperor's Club is one of those films that possesses all the good intentions in the world, but...","The film's a work of a good, if not a masterpiece, but it's a bit beyond its point.",He was married to actress Married to actress Rosemary Clooney for three years.,False
317,"Edric Frederick Gifford, 3rd Baron Gifford, VC (5 July 1849 - 5 June 1911) was an English recipient of the Victoria Cross, the highest and most prestigious award for gallantry in the face of the enemy that can be awarded to British and Commonwealth forces.","He was awarded the Presidential Medal of Freedom in Physics for Physics, Physics, and Chemistry in Physics, respectively, for Physics for his work in Physics.","John Fitzgerald Kennedy (born August 12, 18, in St. Louis, Missouri) was an American film actor.",False
318,"Rather than retire, Adams would go on to win election as a Democratic-Republican to the House of Representatives beginning with the 22nd Congress, serving from March 4, 1831, until his death.","John Fitzgerald Kennedy (born May 18, 18, in Dublin, Ireland) was a United States politician who was the longest serving Conservative politician of the House of Representatives from New York.",He was awarded the Presidential Medal of Freedom in 1998.,False
319,"Beautifully crafted, engaging filmmaking that should attract upscale audiences hungry for quality and a nostalgic, twisty yarn that will keep them guessing.",The movie's a little too far beyond the scope of what's possible with a movie that's a lot more.,"In 1876, he was elected to the House of Representatives as a Democrat and was a member of the House Minority Whip.",False
320,"In between his sea voyages, Kerouac stayed in New York with friends from Fordham.","He was born in St. Germain, France, in 1876.",He graduated from Dartmouth College in 1953.,False
321,"A loud, ugly, irritating movie without any of its satirical salvos hitting a discernible target.",The movie is a work of a movie that's a little too far into the present.,"The film's a work of stunning, and it's a wonderous film.",False
322,... something appears to have been lost in the translation this time.,"The movie is a work of art, but it's a bit too long.",He received a Bachelor of Arts from the University of Pennsylvania in 1953.,False
323,He was the founder and first president of the Naval War College between 1884 and 1886.,"In 1876, the family moved to the city of New York City, where they founded the New York firm of Standard Oil.","The movie is a work of art, but it's a work that just isn't.",False
324,"Hutchinson emigrated from England to Massachusetts in 1634, in response to the preacher John Cotton's doing so.","He was born in St. Germain, Missouri, and was educated at the University of Missouri.","The movie is a work of art, but it's a bit too long.",False
325,"Cheney grew up in Casper, Wyoming, and met his high-school sweetheart and future wife, Lynne Vincent, at age fourteen.","He was raised in the city of St. Clair, and moved to the area of New York City.","John Fitzgerald Kennedy (May 18, 1887 - April 5, 2000) was an American film and television actor.",False
326,She was the fifth of nine children.,He graduated from Dartmouth College in 1953.,He is a member of the American civil rights movement.,False
327,These events soon led to the American Civil War.,He was married to actress Rosemary Clooney in 1953.,He was a member of the House of Representatives from New York from 1975 until 1979.,False
328,"She later moved yet further from her Boston-based persecutors, to what is now The Bronx in northern New York City.","He was born in St. Germain, France, in 1876 and was a member of the American Mathematical Society.","In 1887, he was born in Mays, England, and was educated at the University of Pennsylvania, where he received his Ph.D. in economics.",False
329,His ancestor Johann Valentin Pressler emigrated to North America in 1710.,He was a member of the House of Representatives from New York from 1975 until 1979.,"... a work of art, but it's a work.",False
330,"Albert Einstein (March 14, 1879 - April 18, 1955) was a German-born Jewish theoretical physicist of German, Swiss and American citizenship, who is widely regarded as the greatest scientist of the 20th century or even of all time, ranking alongside the luminaries Newton and Gauss.","In 1887, he was born in Mays, England, and was educated at the University of Pennsylvania, where he received his Ph.D. in economics.","He was born in St. Germain, New York, in 1876.",False
331,"So young, so smart, such talent, such a wise ***.","The film's a work of stunning, and it's a wonderous film.",He graduated from Dartmouth College in 1953 and earned a Bachelor of Arts from Dartmouth in 1953.,False
332,Adams received one electoral vote in the presidential election of 1820.,"He was born in St. George, Missouri, and was educated at the University of Missouri.","He was born in St. Germain, France, in 1876 and was a member of the American Mathematical Society.",False
333,"A first-class, thoroughly involving B movie that effectively combines two surefire, beloved genres -- the prison flick and the fight film.",The movie is a great example of the power of a movie that never quite captures the essence of human nature.,"The film's a work of art, and a deeply personal one.",False
334,"In XXX, Diesel is that rare creature -- an action hero with table manners, and one who proves that elegance is more than tattoo deep.","The movie is a great example of the movie's best when it's a little too much to be funny, but it's also a great one to watch.","The film's a work of art, but it's also a work.",False
335,Then he went on to a public grammar school for three years.,He graduated from the University of Pennsylvania in 1876 and was a member of the House of Representatives from 1887 until 1892.,He graduated from the University of Pennsylvania in 1876 and was a member of the House of Representatives from 1887 until 1892.,True
336,"He was elected the Natrona County High School senior class president, represented the school at Boys State, and played halfback on the football team.","He was educated at the University of California, Berkeley, and earned a Bachelor of Arts from the University in 1953.",The movie is a work of a movie that's a little too far into the present.,False
337,"Hodgkin and Huxley shared the prize that year with John Carew Eccles, who was cited for research on synapses.","John Fitzgerald Kennedy (May 18, 1887 - April 5, 2000) was an American film and television actor.","He was educated at the University of California, Berkeley, and earned a Bachelor of Arts from the University in 1953.",False
338,"Like the best of Godard's movies... it is visually ravishing, penetrating, impenetrable.","The movie is a work of art, but it's a work that just isn't.","He was born in St. Germain, France, in 1876.",False
339,"``My god, I'm behaving like an idiot!''","... a work of art, but it's a work.","He was educated at the University of California, where he graduated from the University, and then at the age of 18, and was a member of the Yale Divinity School.",False
340,He was the first American to win a Nobel Prize in any category.,He received a Bachelor of Arts from the University of Pennsylvania in 1953.,The movie is a great example of the power of a movie that never fails to impress.,False
341,"Rather than retire, Adams would go on to win election as a Democratic-Republican to the House of Representatives beginning with the 22nd Congress, serving from March 4, 1831, until his death.","He was educated at the University of California, where he graduated from the University, and then at the age of 18, and was a member of the Yale Divinity School.",He was a member of the United States House of Representatives from 1887 until his death in the Senate.,False
342,"``My god, I'm behaving like an idiot!''","The film's a work of art, and a deeply personal one.","He was born in St. George, Missouri, and was educated at the University of Missouri.",False
343,"``My god, I'm behaving like an idiot!''",He is a member of the American civil rights movement.,"In 1876, the family moved to the city of New York City, where they founded the New York firm of Standard Oil.",False
344,"In XXX, Diesel is that rare creature -- an action hero with table manners, and one who proves that elegance is more than tattoo deep.",The movie is a great example of the power of a movie that never fails to impress.,He served as the United States Secretary of Defense until January of 1876.,False
345,"If you already like this sort of thing, this is that sort of thing all over again.","The film's best is that it's a family comedy, but it's also a work of art.","He was born in St. Germain, Missouri, and was educated at the University of Missouri.",False
346,"Alain Choquart's camera barely stops moving, portraying both the turmoil of the time and giving Conduct a perpetual sense of urgency, which, for a film that takes nearly three hours to unspool, is both funny and irritating.","The film is a great example of the power of the director, who has been cast as the man who wrote it, and the director who wrote the original.",He was married to actress Rosemary Clooney in 1953.,False
347,In 1902 Geiger began to study physics and mathematics in Erlangen and later attained a doctorate in 1906.,He graduated from Dartmouth College in 1953 and earned a Bachelor of Arts from Dartmouth in 1953.,"The film is a great example of the power of the director, who has been cast as the man who wrote it, and the director who wrote the original.",False
348,"In between his sea voyages, Kerouac stayed in New York with friends from Fordham.","He was born in St. Germain, New York, in 1876.","The film's best is that it's a family comedy, but it's also a work of art.",False
349,"Some say this was because of a bargain he struck with Henry Clay, which put Clay into office as his Secretary of State once Adams won.",He was a member of the United States House of Representatives from 1887 until his death in the Senate.,The movie is a great example of the power of a movie that never quite captures the essence of human nature.,False
350,"While serving abroad, he met Louisa Catherine Johnson, the daughter of an American merchant living abroad.",He served as the United States Secretary of Defense until January of 1876.,"The movie is a great example of the movie's best when it's a little too much to be funny, but it's also a great one to watch.",False
351,"So young, so smart, such talent, such a wise ***.","The film's a work of art, but it's also a work.","He was raised in the city of St. Clair, and moved to the area of New York City.",False
352,Distinctly sub-par... more likely to drown a viewer in boredom than to send any shivers down his spine.,"The film's a work of art, and it's a wonder why anyone would care.",He graduated from the University of Pennsylvania in 1953 and earned a Juris Doctor in 1953.,False
353,"... creates a visceral sense of its characters' lives and conflicted emotions that carries it far above... what could have been a melodramatic, Lifetime Channel-style anthology.",The movie is a bit too far into the movie's plot and the characters are a bit beyond the point of interest.,He was a member of the founding of the American Revolutionary War and was a singer with the band.,False
354,"Hodgkin and Huxley shared the prize that year with John Carew Eccles, who was cited for research on synapses.",He was a member of the founding of the American Revolutionary War and was a singer with the band.,The movie is a work of a movie that's a little too far into the movie's plot and characterization.,False
355,"His grandfather, also named William Seward Burroughs, founded the Burroughs Adding Machine company, which evolved into the Burroughs Corporation.","In 1876, he was elected to the House of Representatives as a Democrat and served until 1974 until 1975.",The movie is a work of a movie that's a bit too far into the present.,False
356,He was then hired by the legal department of CBS subsidiary Columbia Records.,He graduated from Dartmouth College in 1876 and was ordained in 1887.,"The film's a work of art, and it's a wonder why anyone would care.",False
357,"During this period, he personally drove his Quadricycle to victory in a race against Alexander Winton, a well-known driver and the heavy favorite on October 10, 1901.","In 1876, he was born in New York City to William and Mary Kennedy, and was a member of the House of Representatives.","The movie's a bit too far beyond the point of interest, but it's also a compelling one.",False
358,"Robert Henry Dee (born May 18, 1933 in Quincy, Massachusetts) is a former three-sport letterman at Holy Cross College who was one of the first players signed by the Boston Patriots in 1960.","He was born in St. Germain, France, in 1835, and is the son of the famous St. Louis, France.","In the meantime, his interest in the film continued to grow.",False
359,He was the founder and first president of the Naval War College between 1884 and 1886.,"In the meantime, his interest in the film continued to grow.","The film's a bit too far into the subject of the film's best performances, but it's a compelling one.",False
360,"He attended secondary school (Volksschule), and learned the trade of a joiner.","In 1876, he founded the New York City Opera.","John Fitzgerald Kennedy (May 23, 18, 1887 - December 12, 1989) was an American politician, and a Democrat.",False
361,It's anchored by splendid performances from an honored screen veteran and a sparkling newcomer who instantly transform themselves into a believable mother/daughter pair.,"The movie is a little too long, but it's a good one, with a lot of emotion.","In 1876, he was elected to the House of Representatives as a Democrat and served until 1974 until 1975.",False
362,His ancestor Johann Valentin Pressler emigrated to North America in 1710.,He graduated from the University of Pennsylvania in 1953 and earned a Juris Doctor in 1953.,He was a member of the United States Senate from New York from 1974 until 1979 until his resignation in the Senate.,False
363,"The Emperor's Club is one of those films that possesses all the good intentions in the world, but...",The movie is a work of a movie that's a bit too far into the present.,It's a work of art.,False
364,"His grandfather, also named William Seward Burroughs, founded the Burroughs Adding Machine company, which evolved into the Burroughs Corporation.","In 1876, he founded the New York City-based New York firm of Standard Oil Company.",The movie is a great example of the power of the human being's inability to figure out what's going on.,False
365,What a great shame that such a talented director as Chen Kaige has chosen to make his English-language debut with a film so poorly plotted and scripted.,The movie is a work of a movie that's a little too far into the movie's plot and characterization.,He is also a member of the founding of the American Century.,False
366,"A loud, ugly, irritating movie without any of its satirical salvos hitting a discernible target.","It's a work of art, and a work that's a wonder.","The movie is a little too long, but it's a good one, with a lot of emotion.",False
367,Bad and baffling from the get-go.,It's a work of art.,"In 1876, he founded the New York City-based New York firm of Standard Oil Company.",False
368,"His employment by the General Electric company further enhanced his political image; he travelled widely as a GE spokesman, and was noted for his anti-Communist speeches.",He was educated at the University of Pennsylvania and earned a Bachelor of Arts from Dartmouth College.,He graduated from Dartmouth College in 1953.,False
369,"Beautifully crafted, engaging filmmaking that should attract upscale audiences hungry for quality and a nostalgic, twisty yarn that will keep them guessing.","The film's a bit too far into the subject of the film's best performances, but it's a compelling one.",He was born in New York City in 1876 and is a member of the House of Representatives.,False
370,He was one of the founder members of the Lunar Society.,He is also a member of the founding of the American Century.,He graduated from Dartmouth College in 1876 and was ordained in 1887.,False
371,His ancestor Johann Valentin Pressler emigrated to North America in 1710.,He was a member of the House of Representatives from New York.,He graduated from the University of Pennsylvania in 1876 and then joined the University.,False
372,He began to learn mathematics around age twelve.,He graduated from Dartmouth College in 1953.,"It's a work of art, and a work that's a wonder.",False
373,"In 1983, Miguel was given a small part as a waiter in the movie The Man Who Wasn't There.","In 1876, he was born in St. Germain, France, and was a member of the St. Louis.","The movie is a little too long, but it's a lot more than that.",False
374,"A first-class, thoroughly involving B movie that effectively combines two surefire, beloved genres -- the prison flick and the fight film.","The movie is a little too long, but it's a lot more than that.",The movie is a bit too far into the movie's plot and the characters are a bit beyond the point of interest.,False
375,"Bill ""Billy"" Boucher (b. November 10, 1899 in Ottawa, Ontario, Canada, died November 10, 1958) was a Canadian professional ice hockey rightwinger who played in the National Hockey League for the Montreal Canadiens, Boston Bruins and New York Americans.","John Fitzgerald Kennedy (May 30, 18, 1887 - January 3, 2000) was an American film actor, and the son of the late John Fitzgerald Kennedy, the longest serving United States president.","He was born in St. Germain, France, in 1835, and is the son of the famous St. Louis, France.",False
376,The second coming of Harry Potter is a film far superior to its predecessor.,"The movie's a bit too far beyond the point of interest, but it's also a compelling one.",He was a member of the House of Representatives from New York.,False
377,"Some say this was because of a bargain he struck with Henry Clay, which put Clay into office as his Secretary of State once Adams won.","He was born in St. Germain, Ohio, and was educated at the University of Chicago, where he was a member of the Yale Law School.","The movie is a good example of how the film is made, but it's not as good as it's entertaining.",False
378,"The movie's plot is almost entirely witless and inane, carrying every gag two or three times beyond its limit to sustain a laugh.",The movie is a great example of the power of the human being's inability to figure out what's going on.,"In 1876, he was born in St. Germain, France, and was a member of the St. Louis.",False
379,Then he went on to a public grammar school for three years.,"John Fitzgerald Kennedy (May 23, 18, 1887 - December 12, 1989) was an American politician, and a Democrat.","In 1876, he was born in New York City to William and Mary Kennedy, and was a member of the House of Representatives.",False
380,"Dole has worked part-time for a Washington, DC, law firm, and engaged in a career of writing, consulting, public speaking, and television appearances.",He was a member of the United States Senate from New York from 1974 until 1979 until his resignation in the Senate.,He was educated at the University of Pennsylvania and earned a Bachelor of Arts from Dartmouth College.,False
381,"In XXX, Diesel is that rare creature -- an action hero with table manners, and one who proves that elegance is more than tattoo deep.","The movie is a good example of how the film is made, but it's not as good as it's entertaining.","John Fitzgerald Kennedy (May 30, 18, 1887 - January 3, 2000) was an American film actor, and the son of the late John Fitzgerald Kennedy, the longest serving United States president.",False
382,"His employment by the General Electric company further enhanced his political image; he travelled widely as a GE spokesman, and was noted for his anti-Communist speeches.",He graduated from the University of Pennsylvania in 1876 and then joined the University.,"He was born in St. Germain, Ohio, and was educated at the University of Chicago, where he was a member of the Yale Law School.",False
383,"In between his sea voyages, Kerouac stayed in New York with friends from Fordham.",He was born in New York City in 1876 and is a member of the House of Representatives.,"In 1876, he founded the New York City Opera.",False
384,He also starred in the mini series The Stand.,He was a member of the House of Representatives from 1876 until his death.,"He was elected to the House of Representatives as a Democrat from New York state in the House representing New York, and served until 1974 until his death in the Senate.",False
385,This led to his being hired by Westinghouse company to service their steam engines.,"In the film, the Academy Award for Best Actress, was awarded the Academy in Physics.",He was a member of the founding of the University of Illinois in the University's School of Management.,False
386,"During this period, he personally drove his Quadricycle to victory in a race against Alexander Winton, a well-known driver and the heavy favorite on October 10, 1901.","In 1894, he was born in the town of Manners, where he was the founder of the family, and was the first of the ""Gene Autry"" series on The Simpsons.",He married to actress Laura D.,False
387,"While serving abroad, he met Louisa Catherine Johnson, the daughter of an American merchant living abroad.","He was born in St. Andrews, Maryland, and graduated from Dartmouth College in 1953.",He was awarded the Presidential Medal of Freedom in 1998.,False
388,"He was elected the Natrona County High School senior class president, represented the school at Boys State, and played halfback on the football team.","He graduated from the University of California, Berkeley in 1876 and earned a Bachelor of Arts from Dartmouth College in 1953.","In 1876, he joined the Army as a second lieutenant, and then joined the rank of captain in the Army until 1843 until becoming a captain in",False
389,"Beautifully crafted, engaging filmmaking that should attract upscale audiences hungry for quality and a nostalgic, twisty yarn that will keep them guessing.","The film's best performances are those that were made by the original, which starred Michael Curtiz and George Clooney.","He was born in St. Andrews, Maryland, and graduated from Dartmouth College in 1953.",False
390,"While serving abroad, he met Louisa Catherine Johnson, the daughter of an American merchant living abroad.",He was awarded the Distinguished Service Medal by the University of Pennsylvania in 2003.,He graduated from the University of Pennsylvania with a Bachelor of Arts in economics in economics from Dartmouth College in 1953.,False
391,"A first-class, thoroughly involving B movie that effectively combines two surefire, beloved genres -- the prison flick and the fight film.",The movie is a work of a movie that's a little too far into the story.,He was awarded the Distinguished Service Medal by the University of Pennsylvania in 2003.,False
392,"Adams was born in Braintree, Massachusetts in a part of town which eventually became the separate town of Quincy.","He was a member of the House of Representatives from 1974 until his death, and was a prominent member of both the House.","In 1876, he founded the United Nations Commission on Human Rights in the United States.",False
393,"Edric Frederick Gifford, 3rd Baron Gifford, VC (5 July 1849 - 5 June 1911) was an English recipient of the Victoria Cross, the highest and most prestigious award for gallantry in the face of the enemy that can be awarded to British and Commonwealth forces.",He was awarded the Presidential Medal of Freedom in Physics in 1998 in Physics for his work in 1950.,"In the film, the Academy Award for Best Actress, was awarded the Academy in Physics.",False
394,"During this period, he personally drove his Quadricycle to victory in a race against Alexander Winton, a well-known driver and the heavy favorite on October 10, 1901.","In 1894, he was sent to the United States Army as a second lieutenant in the Continental Army until the rank of captain in the Army until his death in 1819.","In 1894, he was born in the town of Manners, where he was the founder of the family, and was the first of the ""Gene Autry"" series on The Simpsons.",False
395,"After this initial success, Ford left Edison Illuminating and, with other investors, formed the Detroit Automobile Company.","In 1876, he founded the United Nations Commission on Human Rights in the United States.","John Fitzgerald Kennedy (born August 12, 18, in San Juan, California) is an American film and television actor.",False
396,In 1902 Geiger began to study physics and mathematics in Erlangen and later attained a doctorate in 1906.,He graduated from the University of Pennsylvania with a Bachelor of Arts in economics in economics from Dartmouth College in 1953.,"The movie is a little too long for me, but it's a lot more than that.",False
397,"Eventually, the band settled on Chad Channing, with whom the band recorded the album Bleach, released on Sub Pop Records in 1989.",He was a member of the founding of the University of Illinois in the University's School of Management.,"The film's a marvel of the original, and one that, in a way, both maintain and maintain, is a marvel to behold.",False
398,She was the fifth of nine children.,He was awarded the Distinguished Service Medal from the University of Pennsylvania in 1953.,The movie is a marvel of the artifice of a movie that conceals the most compelling characters and their talents.,False
399,"Parker should be commended for taking a fresh approach to familiar material, but his determination to remain true to the original text leads him to adopt a somewhat mannered tone... that ultimately dulls the human tragedy at the story's core.","The film's a bit too far into the subject matter, but it's a compelling one, one that has a certain charm about a man who has been through it all.",He was a member of the United States House of Representatives from 1977 until 1979.,False
400,He was one of the founder members of the Lunar Society.,"In 1876, he founded the American Enterprise Institute, and was a founding member of the American Conservative Party.","He was a member of the House of Representatives from 1974 until his death, and was a prominent member of both the House.",False
401,"The family was Jewish (non-observant); Albert attended a Catholic elementary school and, at the insistence of his mother, was given violin lessons.",He graduated from Dartmouth College in 1953 and earned a Bachelor of Arts from Dartmouth in 1953.,He was awarded the Distinguished Service Medal from the University of Pennsylvania in 1953.,False
402,"While it regards 1967 as the key turning point of the 20th century, and returns again and again to images of dissidents in the streets, it's alarmingly current.",The movie is a marvel of the artifice of a movie that conceals the most compelling characters and their talents.,"The film's a bit too far into the subject matter, but it's a compelling one, one that has a certain charm about a man who has been through it all.",False
403,He was the first American to win a Nobel Prize in any category.,He was awarded the Presidential Medal of Freedom in 1998.,He graduated from Dartmouth College in 1953 and earned a Bachelor of Arts from Dartmouth in 1953.,False
404,Anemic chronicle of money grubbing New Yorkers and their serial loveless hook ups.,The film is a work of a young artist who has grown bored with the subject.,The movie is a great example of the power of a family film that's both gripping and heartfelt.,False
405,"The couple have four children: daughters Katherine and Christina, and sons Patrick and Christopher.","He married to actress Laura Daina Harris in 1948, and they had three children.","In 1876, he founded the American Enterprise Institute, and was a founding member of the American Conservative Party.",False
406,"Beautifully crafted, engaging filmmaking that should attract upscale audiences hungry for quality and a nostalgic, twisty yarn that will keep them guessing.",The movie is a great example of the power of a family film that's both gripping and heartfelt.,The film is a work of a young artist who has grown bored with the subject.,False
407,He had an elder brother named Emmet Olson.,He was a member of the United States House of Representatives from 1977 until 1979.,"He graduated from the University of California, Berkeley in 1876 and earned a Bachelor of Arts from Dartmouth College in 1953.",False
408,"Marvin graduated from Woodberry Forest School in 1975, and spent most summers and holidays at the sprawling family estate, the Bush Compound.","In 1876, he joined the Army as a second lieutenant, and then joined the rank of captain in the Army until 1843 until becoming a captain in","He married to actress Laura Daina Harris in 1948, and they had three children.",False
409,The film serves as a valuable time capsule to remind us of the devastating horror suffered by an entire people.,"A movie with a great cast and a great story, it's a little too much for me.",He was awarded the Presidential Medal of Freedom in Physics in 1998 in Physics for his work in 1950.,False
410,"John Drew Barrymore, also known as John Barrymore, Jr., (June 4, 1929 - November 29, 2004) was an actor, one of The Barrymores, a family of actors that included his father, John Barrymore, and his father's siblings, his uncle Lionel and his aunt Ethel.","He was elected to the House of Representatives as a Democrat from New York state in the House representing New York, and served until 1974 until his death in the Senate.","A movie with a great cast and a great story, it's a little too much for me.",False
411,"The movie's plot is almost entirely witless and inane, carrying every gag two or three times beyond its limit to sustain a laugh.","The movie is a little too long for me, but it's a lot more than that.",He was a member of the House of Representatives from 1876 until his death.,False
412,"Lawford became an American citizen in 1960, in time to vote for his brother-in-law John F. Kennedy.","John Fitzgerald Kennedy (born August 12, 18, in San Juan, California) is an American film and television actor.","The film's best performances are those that were made by the original, which starred Michael Curtiz and George Clooney.",False
413,What a great shame that such a talented director as Chen Kaige has chosen to make his English-language debut with a film so poorly plotted and scripted.,"The film's a marvel of the original, and one that, in a way, both maintain and maintain, is a marvel to behold.",The movie is a work of a movie that's a little too far into the story.,False
414,These events soon led to the American Civil War.,He married to actress Laura D.,"A work of a movie, but it's a work of art.",False
415,Exceptionally well acted by Diane Lane and Richard Gere.,"A work of a movie, but it's a work of art.","In 1894, he was sent to the United States Army as a second lieutenant in the Continental Army until the rank of captain in the Army until his death in 1819.",False
416,The film is so bad it doesn't improve upon the experience of staring at a blank screen.,The movie is a work of a movie that's a lot likeable characters.,The movie is a great example of the power of a movie that is both gripping and poignant.,False
417,"While it regards 1967 as the key turning point of the 20th century, and returns again and again to images of dissidents in the streets, it's alarmingly current.",The movie is a great example of the power of a movie that is both gripping and poignant.,It's a work of art.,False
418,He was the first American to win a Nobel Prize in any category.,"In 1998, she was awarded the Oscar for Best Actress for her role in The Godfather.","He was awarded the Presidential Medal of Freedom in recognition of his work in the United Nations, and was also the first United Nations Secretary-General of Human Rights.",False
419,"He attended secondary school (Volksschule), and learned the trade of a joiner.",He was also a founding member of the founding of the American Civil Rights movement.,He was married to actress Laura Prep.,False
420,"Bill ""Billy"" Boucher (b. November 10, 1899 in Ottawa, Ontario, Canada, died November 10, 1958) was a Canadian professional ice hockey rightwinger who played in the National Hockey League for the Montreal Canadiens, Boston Bruins and New York Americans.","John Fitzgerald Kennedy (May 30, 18, 1876 - January 3, 2000) was an American film actor, and author, director, and actor, comedian, and television actor.",He married to actress Married to actress.,False
421,Anemic chronicle of money grubbing New Yorkers and their serial loveless hook ups.,"A work of art, and a little too much, is a work of satire.","John Fitzgerald Kennedy (born August 12, 18, in San Francisco) is an American film and television actor, known for his role in the 1960s and 1970s as the ""Cisco"" or ""Jack"" or the ""Jack"".",False
422,"A lousy movie that's not merely unwatchable, but also unlistenable.","It's a work of satire, but it's not funny.",He was a member of the House of Representatives from 1887 until his death in the Senate.,False
423,"... creates a visceral sense of its characters' lives and conflicted emotions that carries it far above... what could have been a melodramatic, Lifetime Channel-style anthology.","The film's a work of the kind of movie that's both gripping and poignant, and it's also a bit of a disappointment to watch.","A work of art, and a little too much, is a work of satire.",False
424,"During this period, he personally drove his Quadricycle to victory in a race against Alexander Winton, a well-known driver and the heavy favorite on October 10, 1901.","He was born in St. Germain, New York, in 1876 to the late William Cecil, and was a prominent New York City.","He was born in St. Germain, New York, in 1876 to the late William Cecil, and was a prominent New York City.",True
425,"Fans of the TV series will be disappointed, and everyone else will be slightly bored.","A work of a movie that's a little too far into the story, it's a bit too simplistic.","John Fitzgerald Kennedy (born February 18, 18, 1943) is a Republican politician.",False
426,"In XXX, Diesel is that rare creature -- an action hero with table manners, and one who proves that elegance is more than tattoo deep.",The film's a great example of the power of the human being's ability to entertain us with its quirky characters.,"The film's a work of the kind of movie that's both gripping and poignant, and it's also a bit of a disappointment to watch.",False
427,"While serving abroad, he met Louisa Catherine Johnson, the daughter of an American merchant living abroad.",He was born in New York City to parents of two daughters.,"The film's a work of art, but it's a bit too much.",False
428,"Although Adams lost in both the popular and electoral votes in the Presidential election of 1824, none of the candidates were able to secure a majority of the electoral vote, thereby putting the outcome in the hands of the House of Representatives, which to the surprise of many elected Adams over rival Andrew Jackson.","He was one of the first members of the House of Representatives in the House, and was one the first of President Dwight D. Eisenhower and was President of the Senate.","After attending the University of California, in Eureka, he enrolled at the University, where he attended the University's Law School, and then enrolled at Dartmouth College.",False
429,He was the first American to win a Nobel Prize in any category.,"In 1894, he was awarded the Academy Award for Physics by the University of Pennsylvania in Physics, and received a Bachelor of Arts from the University.","In 1894, he was commissioned by the United States Rubber Company as a general contractor, and was instrumental in the creation of the company.",False
430,He also starred in the mini series The Stand.,He was married to actress Laura Prep.,The movie is a bit too far into the movie's plot and the characters are a bit beyond the point.,False
431,"What makes How I Killed My Father compelling, besides its terrific performances, is Fontaine's willingness to wander into the dark areas of parent-child relationships without flinching.","The movie is a work of a movie that's so much like the original, but it's a movie with a lot more depth.","The movie's a little too long, but it's a good one that it's at its best.",False
432,"Rosemary, Betty, and brother, Nick, as well as her nephew, George Clooney (Nick's son), all became entertainers.","He was born in St. Germain, New York, in 1876 to the Rev. Martin Luther King, Jr.","He was one of the first members of the House of Representatives in the House, and was one the first of President Dwight D. Eisenhower and was President of the Senate.",False
433,These events soon led to the American Civil War.,He married to actress Married to actress.,"It's a work of satire, but it's not funny.",False
434,In 1902 Geiger began to study physics and mathematics in Erlangen and later attained a doctorate in 1906.,"After attending the University of California, in Eureka, he enrolled at the University, where he attended the University's Law School, and then enrolled at Dartmouth College.","In 1998, she was awarded the Oscar for Best Actress for her role in The Godfather.",False
435,"What makes How I Killed My Father compelling, besides its terrific performances, is Fontaine's willingness to wander into the dark areas of parent-child relationships without flinching.",The movie is a bit too far into the movie's plot and the characters are a bit beyond the point.,He was also a founding member of the founding of the American Civil Rights movement.,False
436,"Despite his father's opposition to him having a foreign-born wife, Adams wed Louisa Johnson in 1797.",He was educated at the University of South Carolina and then joined the United States Marines.,He was born in New York City to parents of two daughters.,False
437,"If you already like this sort of thing, this is that sort of thing all over again.","The film's a work of art, but it's a bit too much.","He was born in St. Germain, New York, in 1876 to the Rev. Martin Luther King, Jr.",False
438,"Albert Einstein (March 14, 1879 - April 18, 1955) was a German-born Jewish theoretical physicist of German, Swiss and American citizenship, who is widely regarded as the greatest scientist of the 20th century or even of all time, ranking alongside the luminaries Newton and Gauss.","John Fitzgerald Kennedy (born August 12, 18, in San Francisco) is an American film and television actor, known for his role in the 1960s and 1970s as the ""Cisco"" or ""Jack"" or the ""Jack"".","John Fitzgerald Kennedy (May 30, 18, 1876 - January 3, 2000) was an American film actor, and author, director, and actor, comedian, and television actor.",False
439,"Dole was twice decorated for heroic achievement, receiving two Purple Hearts for his injuries, and the Bronze Star Medal for his attempt to assist a downed radio man.","He was awarded the Presidential Medal of Freedom in recognition of his work in the United Nations, and was also the first United Nations Secretary-General of Human Rights.",He was elected to the United States House of Representatives as a Democrat and was the first Republican to serve in the House of Commons from 1877 until the Senate in the Senate from the House.,False
440,"While serving abroad, he met Louisa Catherine Johnson, the daughter of an American merchant living abroad.",He was a member of the House of Representatives from 1887 until his death in the Senate.,He was educated at the University of South Carolina and then joined the United States Marines.,False
441,"During this period, he personally drove his Quadricycle to victory in a race against Alexander Winton, a well-known driver and the heavy favorite on October 10, 1901.","In 1894, he was commissioned by the United States Rubber Company as a general contractor, and was instrumental in the creation of the company.","The movie is a work of a movie that's so much like the original, but it's a movie with a lot more depth.",False
442,... something appears to have been lost in the translation this time.,It's a work of art.,The movie is a work of a movie that's a lot likeable characters.,False
443,He was then hired by the legal department of CBS subsidiary Columbia Records.,He was a member of the House of Representatives from 1974 until 1979.,"A work of a movie that's a little too far into the story, it's a bit too simplistic.",False
444,"Arnold Alois Schwarzenegger (born July 30, 1947 in Thal, Styria, Austria) is an Austrian-American actor, Republican politician, and bodybuilder, currently serving as the 38th Governor of California.","John Fitzgerald Kennedy (born February 18, 18, 1943) is a Republican politician.",He married to actress Laura D. Lieberman.,False
445,"On April 8, 1995 he married actress Patricia Arquette.",He married to actress Laura D. Lieberman.,"In 1894, he was awarded the Academy Award for Physics by the University of Pennsylvania in Physics, and received a Bachelor of Arts from the University.",False
446,"During this time he worked on developing a federal system of roads, canals, bridges, lighthouses, and universities until Jackson, who defeated Adams in the latter's quest for re-election, was sworn in to replace him.",He was elected to the United States House of Representatives as a Democrat and was the first Republican to serve in the House of Commons from 1877 until the Senate in the Senate from the House.,The film's a great example of the power of the human being's ability to entertain us with its quirky characters.,False
447,The quirky drama touches the heart and the funnybone thanks to the energetic and always surprising performance by Rachel Griffiths.,"The movie's a little too long, but it's a good one that it's at its best.",He was a member of the House of Representatives from 1974 until 1979.,False
448,The sort of movie that gives tastelessness a bad rap.,It's a work of a great film.,"The movie is a little too far into the movie's plot holes, but it's still a compelling one.",False
449,"Some say this was because of a bargain he struck with Henry Clay, which put Clay into office as his Secretary of State once Adams won.","In 1894, he was elected to the House of Representatives and was elected the first Governor of Connecticut.","He was born in New York City, and is a former United States Secretary of the United States.",False
450,"You come away wishing, though, that the movie spent a lot less time trying to make a credible case for reports from the afterlife and a lot more time on the romantic urgency that's at the center of the story.","The movie is a little too far into the movie, but it's a good one, one that has a lot of potential to be funny.","In 1876, he founded the founding of the New York City-based New York Stock Company.",False
451,"John William Coltrane (September 23, 1926 - July 17, 1967) was an American jazz saxophonist and composer.","John Fitzgerald Kennedy (May 23, 18, 1887 - April 5, 1923) was an American novelist, poet, and educator.","In 1894, he was elected to the House of Representatives and was elected the first Governor of Connecticut.",False
452,"A loud, ugly, irritating movie without any of its satirical salvos hitting a discernible target.",The movie is a work of a movie that is both gripping and heartfelt.,"In 1876, he was elected to the United States House of Representatives.",False
453,"John William Coltrane (September 23, 1926 - July 17, 1967) was an American jazz saxophonist and composer.","John Fitzgerald Kennedy (May 18, 18, in San Francisco, California) was an American film actor.","In 1839, he married his wife, Elizabeth, and they had three children. Elizabeth was married until her death.",False
454,"Bray is completely at sea; with nothing but a Savage Garden music video on his resume, he has no clue about making a movie.","The movie is a little too far into the movie's plot holes, but it's still a compelling one.","The film's best is a comedy, but it's not as good as it's made.",False
455,"Cheney grew up in Casper, Wyoming, and met his high-school sweetheart and future wife, Lynne Vincent, at age fourteen.","In 1839, he married his wife, Elizabeth, and they had three children. Elizabeth was married until her death.",He was elected to the United States House of Representatives in the Democratic Party.,False
456,"If you already like this sort of thing, this is that sort of thing all over again.","The film's a work of art, but it's also a bit too far.","The film's a work of art, but it's also a bit dated.",False
457,"She later moved yet further from her Boston-based persecutors, to what is now The Bronx in northern New York City.","In 1876, he was born in St. Germain, France, and was a child of actress Rosemary Clooney.",The movie is a bit too far into the subject of the movie's plot and the characters are a bit beyond the point of interest.,False
458,"While it regards 1967 as the key turning point of the 20th century, and returns again and again to images of dissidents in the streets, it's alarmingly current.","The movie is a little too long, but it's a good one with a lot of depth and a lot more substance.",He was awarded the Oscar for Best Supporting Actress in the Best Supporting Actor in the Oscar-winning role.,False
459,"A first-class, thoroughly involving B movie that effectively combines two surefire, beloved genres -- the prison flick and the fight film.",The movie is a work of a movie that's a little too far into the present.,"He is a Democrat from New York, and is a former United States House of Representatives.",False
460,... something appears to have been lost in the translation this time.,"The film's best is a comedy, but it's not as good as it's made.","A work of art, but it's a work of a film.",False
461,The second coming of Harry Potter is a film far superior to its predecessor.,"A work of art, but it's a work of a film.",He was elected to the House of Representatives in the House for the Democratic Party and served until January of 1970.,False
462,The second coming of Harry Potter is a film far superior to its predecessor.,It's a work of a film that's a lot likeable characters.,It's a work of a film that's a lot likeable characters.,True
463,"Alain Choquart's camera barely stops moving, portraying both the turmoil of the time and giving Conduct a perpetual sense of urgency, which, for a film that takes nearly three hours to unspool, is both funny and irritating.",The movie is a good example of the way to a movie that is both gripping and compelling.,"John Fitzgerald Kennedy (May 23, 18, 1887 - April 5, 1923) was an American novelist, poet, and educator.",False
464,"He attended secondary school (Volksschule), and learned the trade of a joiner.","In 1876, he founded the New York City company, and in 1876 he founded Standard Oil.","The movie is a little too far into the movie's plotline, but it's a good one.",False
465,He was the first American to win a Nobel Prize in any category.,He was awarded the Oscar for Best Supporting Actress in the Best Supporting Actor in the Oscar-winning role.,"John Fitzgerald Kennedy (May 18, 18, in San Francisco, California) was an American film actor.",False
466,He began to learn mathematics around age twelve.,He was educated at Marlborough College.,It's a work of a great film.,False
467,"His employment by the General Electric company further enhanced his political image; he travelled widely as a GE spokesman, and was noted for his anti-Communist speeches.","He was born in New York City, and is a former United States Secretary of the United States.",He was educated at Marlborough College.,False
468,His gift of $5 million dollars helped found the Great Smoky Mountains National Park.,"In 1876, he founded the founding of the New York City-based New York Stock Company.",The movie is a work of a movie that's a little too far into the present.,False
469,"Alain Choquart's camera barely stops moving, portraying both the turmoil of the time and giving Conduct a perpetual sense of urgency, which, for a film that takes nearly three hours to unspool, is both funny and irritating.",The movie is a bit too far into the subject of the movie's plot and the characters are a bit beyond the point of interest.,"In 1876, he founded the New York City company, and in 1876 he founded Standard Oil.",False
470,"Miguel Ferrer (born February 7, 1955 in Santa Monica, California) is a Puerto Rican-American actor who is often cast in movies as a villain.","In 1887, the son of the founder of the American Century, George H. W. Bush, was the first United States Secretary of Defense.","The movie is a little too long, but it's a good one with a lot of depth and a lot more substance.",False
471,"He graduated from Princeton University in 1952, and attended Harvard University in 1954-55.",He graduated from Dartmouth College in New York in 1953.,The movie is a good example of the way to a movie that is both gripping and compelling.,False
472,The quirky drama touches the heart and the funnybone thanks to the energetic and always surprising performance by Rachel Griffiths.,"The movie is a little too far into the movie's plotline, but it's a good one.","In 1876, he was born in St. Germain, France, and was a child of actress Rosemary Clooney.",False
473,"He attended secondary school (Volksschule), and learned the trade of a joiner.","In 1876, he was elected to the United States House of Representatives.","The movie is a little too far into the movie, but it's a good one, one that has a lot of potential to be funny.",False
474,Then he went on to a public grammar school for three years.,He was elected to the United States House of Representatives in the Democratic Party.,"The film's a work of art, but it's also a work.",False
475,Adams received one electoral vote in the presidential election of 1820.,He was elected to the House of Representatives in 1887.,He graduated from Dartmouth College in New York in 1953.,False
476,A strangely compelling and brilliantly acted psychological drama.,"The film's a work of art, but it's also a work.",The movie is a work of a movie that is both gripping and heartfelt.,False
477,"Rather than retire, Adams would go on to win election as a Democratic-Republican to the House of Representatives beginning with the 22nd Congress, serving from March 4, 1831, until his death.","He is a Democrat from New York, and is a former United States House of Representatives.","In 1887, the son of the founder of the American Century, George H. W. Bush, was the first United States Secretary of Defense.",False
478,"``My god, I'm behaving like an idiot!''","The film's a work of art, but it's also a bit dated.",He was elected to the House of Representatives in 1887.,False
479,"He remained in Hollywood for the duration of the war, attaining the rank of captain.",He was elected to the House of Representatives in the House for the Democratic Party and served until January of 1970.,"The film's a work of art, but it's also a bit too far.",False
480,"A loud, ugly, irritating movie without any of its satirical salvos hitting a discernible target.","The film's best, if it's not a comedy, is a compelling one that will leave you wanting more.",It's a work of a movie that never is.,False
481,His ancestor Johann Valentin Pressler emigrated to North America in 1710.,He was a member of the House of Representatives from 1974 until 1989.,"The movie is a work of a good film, but it's a work that's a bit too far.",False
482,"He attended secondary school (Volksschule), and learned the trade of a joiner.","In 1876, he founded the New York City Opera and founded the Standard Oil Company.","The film's best, if it's not a cult classic, is a work of pure entertainment.",False
483,"Like the best of Godard's movies... it is visually ravishing, penetrating, impenetrable.","It's a strange way to spend a movie, but it's a good one.",He was awarded the Presidential Medal of Freedom in recognition of his services to the United States.,False
484,"Even as I valiantly struggled to remain interested, or at least conscious, I could feel my eyelids... getting... very... heavy...","The movie is a work of a movie that's a little too long, but it's a movie with a lot more.",He is a member of the United States Senate from New York.,False
485,"You come away wishing, though, that the movie spent a lot less time trying to make a credible case for reports from the afterlife and a lot more time on the romantic urgency that's at the center of the story.","The movie is a marvel of the original's ability to capture the original, but it's a movie that has a way of conceals its purpose.","John Fitzgerald Kennedy (born February 12, 18, in St. Louis, Missouri) was an American film actor.",False
486,"Fans of the TV series will be disappointed, and everyone else will be slightly bored.",He is also a strong supporter of the American civil rights movement.,He was educated at the University of Pennsylvania and then joined the Army until 1975.,False
487,"What makes How I Killed My Father compelling, besides its terrific performances, is Fontaine's willingness to wander into the dark areas of parent-child relationships without flinching.","The movie is a work of the best film, but it's a bit beyond its scope.","John Fitzgerald Kennedy (August 30, 1876 - January 3, 2003) was a British writer, poet, and television actress.",False
488,President Clinton awarded him the Presidential Medal of Freedom in early 1997 for his service in the military and his political career.,He was awarded the Presidential Medal of Freedom in recognition of his services to the United States.,"He was born in St. George, Missouri, and was educated at the University of Pennsylvania.",False
489,"John William Coltrane (September 23, 1926 - July 17, 1967) was an American jazz saxophonist and composer.",He is a member of the United States Senate from New York.,"The film's a work of art, but it's a bit too much.",False
490,"A lousy movie that's not merely unwatchable, but also unlistenable.","It's a work of art, but it's not as good.",He was nominated for the Academy Award for the Best Supporting Actress in the Best Actress in a Supporting Actress for The Godfather Part II) for his role in The Godmother Part II.,False
491,"In 1983, Miguel was given a small part as a waiter in the movie The Man Who Wasn't There.","In 1894, he was cast in the role of the famous ""F.B."" series The Silence of the Lambs.",He attended the University of Pennsylvania and earned a Bachelor of Arts in economics from Dartmouth College in 1953.,False
492,"Rosemary, Betty, and brother, Nick, as well as her nephew, George Clooney (Nick's son), all became entertainers.","In 1876, he was born in St. Germain, Missouri, and was a singer with the band.","In 1876, he founded the New York City Opera and founded the Standard Oil Company.",False
493,In comparison to his earlier films it seems a disappointingly thin slice of lower-class London life; despite the title... amounts to surprisingly little.,The movie is a work of a movie that is a little too far into the characters and the acting.,"It's a strange way to spend a movie, but it's a good one.",False
494,"John William Coltrane (September 23, 1926 - July 17, 1967) was an American jazz saxophonist and composer.","John Fitzgerald Kennedy (August 30, 1876 - January 3, 2003) was a British writer, poet, and television actress.",The movie is a good example of the power of a movie that has nothing left to the imagination of a viewer who has been forced to watch a movie.,False
495,A strangely compelling and brilliantly acted psychological drama.,"The film's a work of art, but it's a bit too much.","The film's best, most affecting, and most affecting is its conclusion, but it's also a work of art.",False
496,"He attended secondary school (Volksschule), and learned the trade of a joiner.",He was educated at the University of Pennsylvania and earned a Bachelor of Arts from Dartmouth College.,"It's a work of art, but it's not as good.",False
497,"John Drew Barrymore, also known as John Barrymore, Jr., (June 4, 1929 - November 29, 2004) was an actor, one of The Barrymores, a family of actors that included his father, John Barrymore, and his father's siblings, his uncle Lionel and his aunt Ethel.","John Fitzgerald Kennedy (January 23, 18, 1876 - January 23, 1963) was a United States Secretary of Defense, and a Republican politician who was the Governor of the state of Connecticut.","The movie is a work of a movie that's a little too long, but it's a movie with a lot more.",False
498,"Fans of the TV series will be disappointed, and everyone else will be slightly bored.","The film's best, if it's not a cult classic, is a work of pure entertainment.",He is also a strong supporter of the American civil rights movement.,False
499,Distinctly sub-par... more likely to drown a viewer in boredom than to send any shivers down his spine.,"The film's best, most affecting, and most affecting is its conclusion, but it's also a work of art.","John Fitzgerald Kennedy (January 23, 18, 1876 - January 23, 1963) was a United States Secretary of Defense, and a Republican politician who was the Governor of the state of Connecticut.",False
500,What a great shame that such a talented director as Chen Kaige has chosen to make his English-language debut with a film so poorly plotted and scripted.,"A work of art, and a bit too far, is a work of a movie that just doesn't work.","The movie is a work of the best film, but it's a bit beyond its scope.",False
501,He was the first American to win a Nobel Prize in any category.,"In recognition of his services to the United Nations, he was awarded the Presidential Medal of Freedom in 1990.","In 1876, he was born in St. Germain, Missouri, and was a singer with the band.",False
502,In comparison to his earlier films it seems a disappointingly thin slice of lower-class London life; despite the title... amounts to surprisingly little.,"The movie is a work of a good film, but it's a work that's a bit too far.","The movie is a work of a movie that's a little too far into the story, but it's a good one.",False
503,"The family was Jewish (non-observant); Albert attended a Catholic elementary school and, at the insistence of his mother, was given violin lessons.",He attended the University of Pennsylvania and earned a Bachelor of Arts in economics from Dartmouth College in 1953.,The movie is a work of a movie that is a little too far into the characters and the acting.,False
504,He had an elder brother named Emmet Olson.,He was raised in a small town in South Carolina.,"In recognition of his services to the United Nations, he was awarded the Presidential Medal of Freedom in 1990.",False
505,It's anchored by splendid performances from an honored screen veteran and a sparkling newcomer who instantly transform themselves into a believable mother/daughter pair.,"The movie is a work of a movie that's a little too far into the story, but it's a good one.",He was raised in a small town in South Carolina.,False
506,"Edric Frederick Gifford, 3rd Baron Gifford, VC (5 July 1849 - 5 June 1911) was an English recipient of the Victoria Cross, the highest and most prestigious award for gallantry in the face of the enemy that can be awarded to British and Commonwealth forces.",He was nominated for the Academy Award for the Best Supporting Actress in the Best Actress in a Supporting Actress for The Godfather Part II) for his role in The Godmother Part II.,"In 1894, he was cast in the role of the famous ""F.B."" series The Silence of the Lambs.",False
507,"In between his sea voyages, Kerouac stayed in New York with friends from Fordham.",He was educated at the University of Pennsylvania and then joined the Army until 1975.,"The movie is a marvel of the original's ability to capture the original, but it's a movie that has a way of conceals its purpose.",False
508,"John William Coltrane (September 23, 1926 - July 17, 1967) was an American jazz saxophonist and composer.","John Fitzgerald Kennedy (born February 12, 18, in St. Louis, Missouri) was an American film actor.",He was educated at the University of Pennsylvania and earned a Bachelor of Arts from Dartmouth College.,False
509,"In between his sea voyages, Kerouac stayed in New York with friends from Fordham.","He was born in St. George, Missouri, and was educated at the University of Pennsylvania.",He was a member of the House of Representatives from 1974 until 1989.,False
510,"Like the best of Godard's movies... it is visually ravishing, penetrating, impenetrable.",It's a work of a movie that never is.,"The film's best, if it's not a comedy, is a compelling one that will leave you wanting more.",False
511,"You come away wishing, though, that the movie spent a lot less time trying to make a credible case for reports from the afterlife and a lot more time on the romantic urgency that's at the center of the story.",The movie is a good example of the power of a movie that has nothing left to the imagination of a viewer who has been forced to watch a movie.,"A work of art, and a bit too far, is a work of a movie that just doesn't work.",False
512,His ancestor Johann Valentin Pressler emigrated to North America in 1710.,He was awarded the Presidential Medal of Freedom in 2003.,"In 1876, he was elected to the United States House of Representatives as a Democrat and was reelected.",False
513,His work dealt largely with the poor urban black and mulatto communities of Bahia.,He was a member of the United States Senate from New York from 1974 until 1990.,"The movie is a little too long, but it's a good one, with a lot of charm that's a little beyond its scope.",False
514,The film is so bad it doesn't improve upon the experience of staring at a blank screen.,The movie is a work of a movie that's a bit too far into the present.,"John Fitzgerald Kennedy (born May 18, 18, in St. Louis) was a United States Secretary of Defense from 1975 until 1979.",False
515,"Ulysses S. Grant (April 27, 1822 - July 23, 1885) was the 18th President of the United States (1869 - 1877).",He served as the Governor of the state of California from 1975 until January 1990.,The movie is a work of a movie that's a bit too far into the present.,False
516,"Hodgkin and Huxley shared the prize that year with John Carew Eccles, who was cited for research on synapses.","In 1894, he was born in Manners, Massachusetts, and was a member of the House of Representatives.","He was a member of the staff of the University of California, San Francisco, and the University's School of Management.",False
517,"Hutchinson emigrated from England to Massachusetts in 1634, in response to the preacher John Cotton's doing so.","In 1876, he was elected to the United States House of Representatives as a Democrat and was reelected.","In 1876, he was cast in the television series The Silence of the Lambs.",False
518,"His father-in-law, George Herbert Walker, and Walker's partner, Averell Harriman, brought him on as an officer in their investment banking firm, W. A. Harriman and Company in 1926.","He was educated at the University of Pennsylvania, and was a member of the House of Representatives from New York City) and the United States Senate from New","The film's a bit too far into the story, but it's a compelling one.",False
519,"Eventually, the band settled on Chad Channing, with whom the band recorded the album Bleach, released on Sub Pop Records in 1989.","In 1894, he joined the Army as a special-department head of intelligence at the Army until 1975 until 1979. He then joined the management of the Army.","He was born in St. Louis, Missouri, in 1876.",False
520,"Adams was born in Braintree, Massachusetts in a part of town which eventually became the separate town of Quincy.","He was born in St. Germain, France, in 1876.","In 1894, he was commissioned to study law at the University of Pennsylvania and was awarded the Sigma Phi Beta Kappa.",False
521,"Parker should be commended for taking a fresh approach to familiar material, but his determination to remain true to the original text leads him to adopt a somewhat mannered tone... that ultimately dulls the human tragedy at the story's core.","The movie is a bit too far into the subject of the subject, but it's a good case where the film's plot is a little too far in its infancy.","The film's a little too far into the characters and the way they're portrayed in the movies, it's a bit too much for the audience to care.",False
522,"This picture is murder by numbers, and as easy to be bored by as your ABC's, despite a few whopping shootouts.","It's a strange way to be a part of a film, one that's a lot likeable.","In 1894, he joined the Army as a special-department head of intelligence at the Army until 1975 until 1979. He then joined the management of the Army.",False
523,"Dole was twice decorated for heroic achievement, receiving two Purple Hearts for his injuries, and the Bronze Star Medal for his attempt to assist a downed radio man.","He received the Presidential Medal of Freedom in Physics from the University of California, Berkeley in 1998.","He graduated from the University of California, San Francisco in 1876 and earned a Bachelor of Arts from Dartmouth College.",False
524,"Albert Einstein (March 14, 1879 - April 18, 1955) was a German-born Jewish theoretical physicist of German, Swiss and American citizenship, who is widely regarded as the greatest scientist of the 20th century or even of all time, ranking alongside the luminaries Newton and Gauss.","John Fitzgerald Kennedy (born August 5, 18, in San Juan, California) was an American film and television actor, and a popular American film director, and television personality, who is best known as the Beat Generation, was an English educator, and the longest serving",He was a member of the United States Marines from 1953 until 1959.,False
525,"Abram Joffe, a Soviet physicist who knew Einstein, in an obituary of Einstein, wrote, ""The author of [the papers of 1905] was ... a bureaucrat at the Patent Office in Bern, Einstein-Maria"" and this has recently been taken as evidence of a collaborative relationship.","He was born in St. Germain, France, in 1894, and was a member of the Continental Army until his death in 1876, and later served as the first of the United States Army during World War II.",He was a member of the United States Senate from New York from 1974 until 1990.,False
526,His gift of $5 million dollars helped found the Great Smoky Mountains National Park.,"In 1876, he founded the Rockefeller Foundation, and was the founding of the Rockefeller Institute.","... a work of art, but it's not pretty.",False
527,He was one of the founder members of the Lunar Society.,"He was born in St. Louis, Missouri, in 1876.","John Fitzgerald Kennedy (May 18, 18, 1787 - January 3, 2000) was an American film and television actor.",False
528,"Eventually, the band settled on Chad Channing, with whom the band recorded the album Bleach, released on Sub Pop Records in 1989.",He was a member of the United States Marines from 1953 until 1959.,"John Fitzgerald Kennedy (born August 5, 18, in San Juan, California) was an American film and television actor, and a popular American film director, and television personality, who is best known as the Beat Generation, was an English educator, and the longest serving",False
529,Then he went on to a public grammar school for three years.,He was elected to the House of Representatives in the House.,"The film's a great example of the power of a family film, and it's a wonder why anyone would care.",False
530,"Marvin graduated from Woodberry Forest School in 1975, and spent most summers and holidays at the sprawling family estate, the Bush Compound.",He was born in New York City in 1876 and moved to the area in 1894.,"The movie is a bit too far into the subject of the subject, but it's a good case where the film's plot is a little too far in its infancy.",False
531,"The movie's plot is almost entirely witless and inane, carrying every gag two or three times beyond its limit to sustain a laugh.","The film's a great example of the power of a family film, and it's a wonder why anyone would care.","It's a strange way to be a part of a film, one that's a lot likeable.",False
532,"... creates a visceral sense of its characters' lives and conflicted emotions that carries it far above... what could have been a melodramatic, Lifetime Channel-style anthology.","The film's a little too far into the characters and the way they're portrayed in the movies, it's a bit too much for the audience to care.","In 1876, he founded the Rockefeller Foundation, and was the founding of the Rockefeller Institute.",False
533,A strangely compelling and brilliantly acted psychological drama.,"It's a work of art, but it's a bit too far.","He was born in St. Germain, France, in 1876.",False
534,A strangely compelling and brilliantly acted psychological drama.,"... a work of art, but it's not pretty.","He received the Presidential Medal of Freedom in Physics from the University of California, Berkeley in 1998.",False
535,On 28 February 1934 he and Anthony Fokker each received an excessive half a million dollars for selling fifty military planes to the Soviet government.,"In 1894, he was commissioned to study law at the University of Pennsylvania and was awarded the Sigma Phi Beta Kappa.","He was born in St. Germain, France, in 1894, and was a member of the Continental Army until his death in 1876, and later served as the first of the United States Army during World War II.",False
536,In 1902 Geiger began to study physics and mathematics in Erlangen and later attained a doctorate in 1906.,"He graduated from the University of California, San Francisco in 1876 and earned a Bachelor of Arts from Dartmouth College.",He was born in New York City in 1876 and moved to the area in 1894.,False
537,"Rosemary, Betty, and brother, Nick, as well as her nephew, George Clooney (Nick's son), all became entertainers.","In 1876, he was cast in the television series The Silence of the Lambs.","It's a work of art, but it's a bit too far.",False
538,"His employment by the General Electric company further enhanced his political image; he travelled widely as a GE spokesman, and was noted for his anti-Communist speeches.","He graduated from the University of California, San Juan in 1975 and then from the New York City) and then a teaching position at the University.","He graduated from the University of California, San Juan in 1975 and then from the New York City) and then a teaching position at the University.",True
539,"His father-in-law, George Herbert Walker, and Walker's partner, Averell Harriman, brought him on as an officer in their investment banking firm, W. A. Harriman and Company in 1926.","He was a member of the staff of the University of California, San Francisco, and the University's School of Management.","He was educated at the University of Pennsylvania, and was a member of the House of Representatives from New York City) and the United States Senate from New",False
540,"Bill ""Billy"" Boucher (b. November 10, 1899 in Ottawa, Ontario, Canada, died November 10, 1958) was a Canadian professional ice hockey rightwinger who played in the National Hockey League for the Montreal Canadiens, Boston Bruins and New York Americans.","John Fitzgerald Kennedy (May 18, 18, 1787 - January 3, 2000) was an American film and television actor.","In 1894, he was born in Manners, Massachusetts, and was a member of the House of Representatives.",False
541,"As a girl-meets-girl romantic comedy, Kissing Jessica Steinis quirky, charming and often hilarious.","The film's a bit too far into the story, but it's a compelling one.",He was elected to the House of Representatives in the House.,False
542,"... creates a visceral sense of its characters' lives and conflicted emotions that carries it far above... what could have been a melodramatic, Lifetime Channel-style anthology.","The movie is a little too long, but it's a good one, with a lot of charm that's a little beyond its scope.",He was awarded the Presidential Medal of Freedom in 2003.,False
543,"Arnold Alois Schwarzenegger (born July 30, 1947 in Thal, Styria, Austria) is an Austrian-American actor, Republican politician, and bodybuilder, currently serving as the 38th Governor of California.","John Fitzgerald Kennedy (born May 18, 18, in St. Louis) was a United States Secretary of Defense from 1975 until 1979.",He served as the Governor of the state of California from 1975 until January 1990.,False
544,"During this time he worked on developing a federal system of roads, canals, bridges, lighthouses, and universities until Jackson, who defeated Adams in the latter's quest for re-election, was sworn in to replace him.","He was born in St. Germain, France, in 1835 and was educated at the University of Pennsylvania, where he was a student of the University.","A work of a good film, and one that, in some respects, is a work of art.",False
545,"Bray is completely at sea; with nothing but a Savage Garden music video on his resume, he has no clue about making a movie.","The film's a work of a compelling story, and it's a compelling one that, while it's not particularly compelling, is a work.","In 1876, he founded the United States Rubber Company, and in 1876 he founded Standard Oil.",False
546,"If you already like this sort of thing, this is that sort of thing all over again.","The film's a bit too long, but it's a masterpiece.","In 1894, he joined the Washington University Law School and then joined the University of Chicago.",False
547,"Like the best of Godard's movies... it is visually ravishing, penetrating, impenetrable.",The movie is a work of the best American comedy since The Rock.,"A work of a movie that's a little too far into the story, but it's a good one.",False
548,His gift of $5 million dollars helped found the Great Smoky Mountains National Park.,"In 1876, he was elected to the United States House of Representatives as a Democrat, and was elected the House of Commons.",He graduated from the University of Pennsylvania in 1876 and was educated at the University.,False
549,"Even as I valiantly struggled to remain interested, or at least conscious, I could feel my eyelids... getting... very... heavy...",The film's a work of a movie that's a little too long for the audience to care.,"It's a work of art, but it's not as good.",False
550,"John William Coltrane (September 23, 1926 - July 17, 1967) was an American jazz saxophonist and composer.","He was born in St. Germain, New York, in 1876.",The film's a work of a movie that's a little too long for the audience to care.,False
551,"A lousy movie that's not merely unwatchable, but also unlistenable.",The movie is a comedy about a family.,He was elected to the House of Representatives as a Democrat and served until January of 1876.,False
552,Burroughs graduated from Harvard University in 1936.,He graduated from the University of Pennsylvania in 1876 and was educated at the University.,"The film is a good example of the power of the human being, and it's a good one that has a lot to offer.",False
553,"Despite his father's opposition to him having a foreign-born wife, Adams wed Louisa Johnson in 1797.",He was educated at the University of Pennsylvania and then a lecturer at the Yale University.,"He was born in St. Germain, France, in 1835 and was educated at the University of Pennsylvania, where he was a student of the University.",False
554,"Fans of the TV series will be disappointed, and everyone else will be slightly bored.","A work of a movie that's a little too far into the story, but it's a good one.","The film's a great example of the power of the director, who has a great interest in the subject matter, is a marvel of the filmmaking process.",False
555,"... creates a visceral sense of its characters' lives and conflicted emotions that carries it far above... what could have been a melodramatic, Lifetime Channel-style anthology.","The movie is a bit too far into the story, but it's a good one, one that has a lot to offer.",The movie is a work of a movie that never really ends in a satisfying conclusion.,False
556,"The couple have four children: daughters Katherine and Christina, and sons Patrick and Christopher.",He married to actress Married to actress Rose Kennedy in 1953.,"He was born in St. Germain, New York, in 1876.",False
557,"A lousy movie that's not merely unwatchable, but also unlistenable.","It's a work of art, but it's not as good.","The movie is a bit too far into the story, but it's a good one, one that has a lot to offer.",False
558,"In 1983, Miguel was given a small part as a waiter in the movie The Man Who Wasn't There.","He was born in St. Germain, France, in 1876.",He was elected to the United States House of Representatives in 1876 and served until 1892.,False
559,"Eventually, the band settled on Chad Channing, with whom the band recorded the album Bleach, released on Sub Pop Records in 1989.","In 1894, he joined the Washington University Law School and then joined the University of Chicago.","The film's best, if it's not a masterpiece, is a portrait of a man who has been cast as a man.",False
560,"The family was Jewish (non-observant); Albert attended a Catholic elementary school and, at the insistence of his mother, was given violin lessons.","He was born in St. George, Missouri, and died in Stonyhurst, New York.","The film's a work of a compelling story, and it's a compelling one that, while it's not particularly compelling, is a work.",False
561,"What makes How I Killed My Father compelling, besides its terrific performances, is Fontaine's willingness to wander into the dark areas of parent-child relationships without flinching.",The movie is a bit too far into the subject of the movie's best performances to be funny or poignant.,He married to actress Married to actress Rose Kennedy in 1953.,False
562,"What makes How I Killed My Father compelling, besides its terrific performances, is Fontaine's willingness to wander into the dark areas of parent-child relationships without flinching.","The movie is a bit too far into the making of a movie, but it's a good one for critics who have been watching it since the beginning.",He was educated at the University of Pennsylvania and then a lecturer at the Yale University.,False
563,"Beautifully crafted, engaging filmmaking that should attract upscale audiences hungry for quality and a nostalgic, twisty yarn that will keep them guessing.","The film is a good example of the power of the human being, and it's a good one that has a lot to offer.","The movie's a little too far, and it's a bit too far beyond me, but it's still a compelling one.",False
564,In comparison to his earlier films it seems a disappointingly thin slice of lower-class London life; despite the title... amounts to surprisingly little.,"A work of a good film, and one that, in some respects, is a work of art.",The movie is a bit too far into the subject of the movie's best performances to be funny or poignant.,False
565,His gift of $5 million dollars helped found the Great Smoky Mountains National Park.,"In 1876, he founded the United States Rubber Company, and in 1876 he founded Standard Oil.","He was born in St. Germain, France, in 1876.",False
566,"A loud, ugly, irritating movie without any of its satirical salvos hitting a discernible target.",The movie is a work of a movie that never really ends in a satisfying conclusion.,"The film's a bit too long, but it's a masterpiece.",False
567,Benjamin Everett Jordan (8 September 1896 - 15 March 1974) was a Democratic U.S. senator from the state of North Carolina between 1958 and 1973.,"John Fitzgerald Kennedy (born January 18, 18, in San Juan, California) was a Republican politician who served as the Governor of California from 1974 to 1978.","John Fitzgerald Kennedy (born February 12, 18, in San Juan, California) was an American novelist, journalist, and television actor.",False
568,"Alain Choquart's camera barely stops moving, portraying both the turmoil of the time and giving Conduct a perpetual sense of urgency, which, for a film that takes nearly three hours to unspool, is both funny and irritating.","The film's a great example of the power of the director, who has a great interest in the subject matter, is a marvel of the filmmaking process.","John Fitzgerald Kennedy (born January 18, 18, in San Juan, California) was a Republican politician who served as the Governor of California from 1974 to 1978.",False
569,The film serves as a valuable time capsule to remind us of the devastating horror suffered by an entire people.,"The movie is a great example of the power of a family comedy, and it's a great film that's both gripping and heartfelt.",The movie is a work of the best American comedy since The Rock.,False
570,"Some say this was because of a bargain he struck with Henry Clay, which put Clay into office as his Secretary of State once Adams won.",He was elected to the House of Representatives as a Democrat and served until January of 1876.,The movie is a comedy about a family.,False
571,Then he went on to a public grammar school for three years.,"John Fitzgerald Kennedy (born February 12, 18, in San Juan, California) was an American novelist, journalist, and television actor.",The film's a work of a movie that's a little too far into the present.,False
572,"While serving abroad, he met Louisa Catherine Johnson, the daughter of an American merchant living abroad.",He was elected to the United States House of Representatives in 1876 and served until 1892.,"He was born in St. George, Missouri, and died in Stonyhurst, New York.",False
573,"If you already like this sort of thing, this is that sort of thing all over again.","The film's best, if it's not a masterpiece, is a portrait of a man who has been cast as a man.","The movie is a bit too far into the making of a movie, but it's a good one for critics who have been watching it since the beginning.",False
574,The second coming of Harry Potter is a film far superior to its predecessor.,The film's a work of a movie that's a little too far into the present.,"The movie is a great example of the power of a family comedy, and it's a great film that's both gripping and heartfelt.",False
575,"If you already like this sort of thing, this is that sort of thing all over again.","The movie's a little too far, and it's a bit too far beyond me, but it's still a compelling one.","In 1876, he was elected to the United States House of Representatives as a Democrat, and was elected the House of Commons.",False
576,His gift of $5 million dollars helped found the Great Smoky Mountains National Park.,He was elected to the United States House of Representatives in the House of Commons in the Democratic Party.,He was elected to the United States House of Representatives in the House of Commons in the Democratic Party.,True
577,Distinctly sub-par... more likely to drown a viewer in boredom than to send any shivers down his spine.,"The film's a work of art, and it's a film that's a masterpiece.","He served as the Governor of the United States from 1876 until January 18, 1989.",False
578,"Bill ""Billy"" Boucher (b. November 10, 1899 in Ottawa, Ontario, Canada, died November 10, 1958) was a Canadian professional ice hockey rightwinger who played in the National Hockey League for the Montreal Canadiens, Boston Bruins and New York Americans.","John Fitzgerald Kennedy (born April 18, 18, in St. Louis) was an American film actor.","John Fitzgerald Kennedy (born August 5, 1953) is an American film actor, television actress, and actress.",False
579,"He attended secondary school (Volksschule), and learned the trade of a joiner.",He is a member of the founding of the American Century.,"John Fitzgerald Kennedy (born May 23, 18, in St. John, New York) was an American politician, and the longest serving Governor of the state of New York, and of the United States from 1973 to 1977.",False
580,"Despite his father's opposition to him having a foreign-born wife, Adams wed Louisa Johnson in 1797.",He was also a member of the United Nations Commission on Human Rights and was a member in the House of Representatives.,He was elected to the House of Representatives as a Democrat and served until January of 1876.,False
581,"A loud, ugly, irritating movie without any of its satirical salvos hitting a discernible target.","A work of art, and a compelling performance, is a work of stunning, beautifully realized.",The movie is a comedy about a family comedy in a small town in South Carolina.,False
582,"Shamelessly resorting to pee-related sight gags that might even cause Tom Green a grimace; still, Myer's energy and the silliness of it all eventually prevail.",The movie is a work of a movie that's a little too far into the story.,He graduated from the University of Pennsylvania with a Bachelor of Arts in economics in economics from Dartmouth College in 1953.,False
583,"Adams was born in Braintree, Massachusetts in a part of town which eventually became the separate town of Quincy.",He was elected to the House of Representatives as a Democrat and served until January of 1876.,"The film's a work of art, and it's a film that's a masterpiece.",False
584,"He remained in Hollywood for the duration of the war, attaining the rank of captain.",He was born in New York City in 1876 to Irish descent.,"A movie that's a little too far from the original's original, but it's a movie that has a certain charm that's missing from it.",False
585,"During this period, he personally drove his Quadricycle to victory in a race against Alexander Winton, a well-known driver and the heavy favorite on October 10, 1901.","In 1894, he was sent to the United States Marines as a second lieutenant in the Continental Army until the war ended.","John Fitzgerald Kennedy (born April 18, 18, in St. Louis) was an American film actor.",False
586,"Edric Frederick Gifford, 3rd Baron Gifford, VC (5 July 1849 - 5 June 1911) was an English recipient of the Victoria Cross, the highest and most prestigious award for gallantry in the face of the enemy that can be awarded to British and Commonwealth forces.",He was nominated for the Academy Award for the Best Supporting Actress in the United States in the 1950s for his work in the field of economics at the University of Chicago) and received a Bachelor of Arts in,"John Fitzgerald Kennedy (born February 12, 1953) is an American politician most known for his time as a Republican politician.",False
587,The film serves as a valuable time capsule to remind us of the devastating horror suffered by an entire people.,The movie is a good example of the power of a movie that never settles.,He was nominated for the Academy Award for the Best Supporting Actress in the United States in the 1950s for his work in the field of economics at the University of Chicago) and received a Bachelor of Arts in,False
588,"Rather than retire, Adams would go on to win election as a Democratic-Republican to the House of Representatives beginning with the 22nd Congress, serving from March 4, 1831, until his death.","He is a member of the United States Senate from New York, and is a former American politician who served as the Republican Party.","... a work of art, and a workaday comedy.",False
589,"The family was Jewish (non-observant); Albert attended a Catholic elementary school and, at the insistence of his mother, was given violin lessons.",He graduated from the University of Pennsylvania with a Bachelor of Arts in economics in economics from Dartmouth College in 1953.,"The film's best, if it's not a masterpiece, is a portrait of the film's most enduring characters.",False
590,"Arnold Alois Schwarzenegger (born July 30, 1947 in Thal, Styria, Austria) is an Austrian-American actor, Republican politician, and bodybuilder, currently serving as the 38th Governor of California.","John Fitzgerald Kennedy (born February 12, 1953) is an American politician most known for his time as a Republican politician.","The movie's a bit of a blur, but it's a good one, one that's a little too much for the eyes to see, in a way it's both a wonder and a wonder.",False
591,He was one of the founder members of the Lunar Society.,"In 1876, he founded the New York City Opera.","In 1894, he was sent to the United States Marines as a second lieutenant in the Continental Army until the war ended.",False
592,"So young, so smart, such talent, such a wise ***.",The movie is a comedy about a family comedy in a small town in South Carolina.,He was also a member of the United Nations Commission on Human Rights and was a member in the House of Representatives.,False
593,"Parker should be commended for taking a fresh approach to familiar material, but his determination to remain true to the original text leads him to adopt a somewhat mannered tone... that ultimately dulls the human tragedy at the story's core.","The movie's a bit of a blur, but it's a good one, one that's a little too much for the eyes to see, in a way it's both a wonder and a wonder.","John Fitzgerald Kennedy (born January 18, 18, in San Juan, California) was a Republican politician who served as the state of California from 1974 until 1990.",False
594,"He remained in Hollywood for the duration of the war, attaining the rank of captain.","He served as the Governor of the United States from 1876 until January 18, 1989.",He was educated at the University of Pennsylvania and earned a Bachelor of Arts from the University.,False
595,"As a girl-meets-girl romantic comedy, Kissing Jessica Steinis quirky, charming and often hilarious.","A movie that's a little too far from the original's original, but it's a movie that has a certain charm that's missing from it.",He was elected to the House of Representatives as a Democrat and served until 1974 until his death in the Senate.,False
596,He was then hired by the legal department of CBS subsidiary Columbia Records.,He was educated at the University of Pennsylvania and earned a Bachelor of Arts from the University.,"He is a member of the United States Senate from New York, and is a former American politician who served as the Republican Party.",False
597,Bad and baffling from the get-go.,"... a work of art, and a workaday comedy.",He is a member of the founding of the American Century.,False
598,"His employment by the General Electric company further enhanced his political image; he travelled widely as a GE spokesman, and was noted for his anti-Communist speeches.",He served as a member of the United States House of Representatives from 1974 until 1990.,"In 1876, he founded the company, and in 1891, founded the Standard Oil Company.",False
599,"During this time he worked on developing a federal system of roads, canals, bridges, lighthouses, and universities until Jackson, who defeated Adams in the latter's quest for re-election, was sworn in to replace him.",He was elected to the House of Representatives as a Democrat and served until 1974 until his death in the Senate.,"A work of art, and a compelling performance, is a work of stunning, beautifully realized.",False
600,The quirky drama touches the heart and the funnybone thanks to the energetic and always surprising performance by Rachel Griffiths.,"The movie is a good example of how a movie is made, but it's a movie that's a little too much.","In 1876, he founded the New York City Opera.",False
601,"Lawford became an American citizen in 1960, in time to vote for his brother-in-law John F. Kennedy.","John Fitzgerald Kennedy (born August 5, 1953) is an American film actor, television actress, and actress.",The movie is a good example of the power of a movie that never settles.,False
602,"Bill ""Billy"" Boucher (b. November 10, 1899 in Ottawa, Ontario, Canada, died November 10, 1958) was a Canadian professional ice hockey rightwinger who played in the National Hockey League for the Montreal Canadiens, Boston Bruins and New York Americans.","He served as the United States Secretary of the United Nations (January 23, 1876 - January 23, 2003) was a Republican politician.",He served as a member of the United States House of Representatives from 1974 until 1990.,False
603,"In XXX, Diesel is that rare creature -- an action hero with table manners, and one who proves that elegance is more than tattoo deep.","The film's best, if it's not a masterpiece, is a portrait of the film's most enduring characters.",The movie is a work of a movie that's a little too far into the story.,False
604,"After this initial success, Ford left Edison Illuminating and, with other investors, formed the Detroit Automobile Company.","In 1876, he founded the company, and in 1891, founded the Standard Oil Company.","He served as the United States Secretary of the United Nations (January 23, 1876 - January 23, 2003) was a Republican politician.",False
605,"Beautifully crafted, engaging filmmaking that should attract upscale audiences hungry for quality and a nostalgic, twisty yarn that will keep them guessing.","The film's best, if it's not a masterpiece, is a work of the best American comedy.","The film's best, if it's not a masterpiece, is a work of the best American comedy.",True
606,"Frank Durward White (June 4, 1933 - May 21, 2003) was the Republican governor of the U.S. state of Arkansas from 1981 to 1983.","John Fitzgerald Kennedy (born January 18, 18, in San Juan, California) was a Republican politician who served as the state of California from 1974 until 1990.","The movie is a good example of how a movie is made, but it's a movie that's a little too much.",False
607,"Bill ""Billy"" Boucher (b. November 10, 1899 in Ottawa, Ontario, Canada, died November 10, 1958) was a Canadian professional ice hockey rightwinger who played in the National Hockey League for the Montreal Canadiens, Boston Bruins and New York Americans.","John Fitzgerald Kennedy (born May 23, 18, in St. John, New York) was an American politician, and the longest serving Governor of the state of New York, and of the United States from 1973 to 1977.",He was born in New York City in 1876 to Irish descent.,False
608,"Rosemary, Betty, and brother, Nick, as well as her nephew, George Clooney (Nick's son), all became entertainers.","In 1876, he was a member of the founding of the New York City Opera.","In 1876, he founded the New York City company, and in 1876 founded the Standard Oil Company.",False
609,"He was elected the Natrona County High School senior class president, represented the school at Boys State, and played halfback on the football team.","He graduated from the University of California, Berkeley in 1953 and earned a Bachelor of Arts from the Dartmouth College in 1953.",He was born in New York City to parents of two daughters.,False
610,"In XXX, Diesel is that rare creature -- an action hero with table manners, and one who proves that elegance is more than tattoo deep.",The movie is a great example of the movie's best when it's a little too far into the characters and the characters that populate it.,"He was born in St. Germain, Missouri, and died in Stonyhurst, New York.",False
611,"Fans of the TV series will be disappointed, and everyone else will be slightly bored.",It's a work of a film that never really ends.,"The movie is a work of a movie that never quite gets made, but it's a movie with a lot more.",False
612,"Adams was born in Braintree, Massachusetts in a part of town which eventually became the separate town of Quincy.","He was born in St. Germain, Missouri, and was educated at the University of Missouri.","He was born in St. Germain, Missouri, and was educated at the University of Missouri.",True
613,It's anchored by splendid performances from an honored screen veteran and a sparkling newcomer who instantly transform themselves into a believable mother/daughter pair.,The movie is a great example of the power of a movie that is both gripping and heartfelt.,"He was also nominated for the Academy Award for Best Supporting Actress in a Drama for his role in the ""Unsolved"" series.",False
614,"John Drew Barrymore, also known as John Barrymore, Jr., (June 4, 1929 - November 29, 2004) was an actor, one of The Barrymores, a family of actors that included his father, John Barrymore, and his father's siblings, his uncle Lionel and his aunt Ethel.","John Fitzgerald Kennedy (January 30, 18, 1876 - January 30, 1970) was an American politician, and was the longest serving Governor of the United States from 1876 to 18, and of the Senate from the Democratic Party.","He was born in New York City in 1876 to William and Mary Kennedy, and was educated at the University of Pennsylvania.",False
615,He also starred in the mini series The Stand.,"He was born in St. Germain, France, in 1876.",He was born in New York City to a Jewish family and was educated at the age of 16.,False
616,"She later moved yet further from her Boston-based persecutors, to what is now The Bronx in northern New York City.","He was born in St. Germain, Missouri, and was educated at the University of Missouri.",He was awarded the Presidential Medal of Freedom in recognition of his services to the United States Army during World War II.,False
617,"Lift, the mother of Danny DeVito's character in her Academy Award nominated performance in Throw Momma from the Train.","He was also nominated for the Academy Award for Best Supporting Actress in a Drama for his role in the ""Unsolved"" series.",He graduated from the University of Pennsylvania with a Bachelor of Arts in economics from the Dartmouth College in 1953 and earned a Bachelor's degree from Dartmouth College.,False
618,"``My god, I'm behaving like an idiot!''",The film's best is that it's a comedy.,He married to actress Married to actress who is divorced in 2003.,False
619,The film serves as a valuable time capsule to remind us of the devastating horror suffered by an entire people.,The movie is a work of a movie that will appeal to a young audience.,"John Fitzgerald Kennedy (born May 18, 18, in St. Louis) was an American novelist and actress.",False
620,"In between his sea voyages, Kerouac stayed in New York with friends from Fordham.","John Fitzgerald Kennedy (born May 18, 18, in St. Louis) was an American novelist and actress.","He was awarded the United States Medal of Freedom in 1988, and was a member of the United Nations.",False
621,President Clinton awarded him the Presidential Medal of Freedom in early 1997 for his service in the military and his political career.,He was awarded the Presidential Medal of Freedom in recognition of his services to the United States Army during World War II.,"In 1876, he was a member of the founding of the New York City Opera.",False
622,"Even as I valiantly struggled to remain interested, or at least conscious, I could feel my eyelids... getting... very... heavy...","The movie is a work of a movie that never quite gets made, but it's a movie with a lot more.","He was born in St. Germain, Missouri, and was educated at the University of Missouri.",False
623,"Marvin graduated from Woodberry Forest School in 1975, and spent most summers and holidays at the sprawling family estate, the Bush Compound.",He graduated from Dartmouth College in 1887 and enrolled at the University of Pennsylvania in 1892.,"... a work of art, but it's a workaday comedy.",False
624,"So young, so smart, such talent, such a wise ***.","The film's a work of art, but it's also a bit too far.","He was born in St. Germain, France, in 1876.",False
625,"In between his sea voyages, Kerouac stayed in New York with friends from Fordham.",He was born in New York City to parents of two daughters.,He was a member of the House of Representatives from 1887 until his death in the Senate.,False
626,"Cheney grew up in Casper, Wyoming, and met his high-school sweetheart and future wife, Lynne Vincent, at age fourteen.","He was born in New York City in 1876 to William and Mary Kennedy, and was educated at the University of Pennsylvania.",The movie is a great example of the movie's best when it's a little too far into the characters and the characters that populate it.,False
627,"``My god, I'm behaving like an idiot!''","... a work of art, but it's a workaday comedy.","In 1876, he was born in St. Germain, France, and was a member of the American Revolution.",False
628,"Miguel Ferrer (born February 7, 1955 in Santa Monica, California) is a Puerto Rican-American actor who is often cast in movies as a villain.","In 1876, the Reverend Martin Luther King, Jr. was born in St. George, and was a member of the Christian theologians.","John Fitzgerald Kennedy (January 30, 18, 1876 - January 30, 1970) was an American politician, and was the longest serving Governor of the United States from 1876 to 18, and of the Senate from the Democratic Party.",False
629,"He attended secondary school (Volksschule), and learned the trade of a joiner.","In 1876, he founded the New York City company, and in 1876 founded the Standard Oil Company.",The film's best is that it's a comedy.,False
630,Benjamin Everett Jordan (8 September 1896 - 15 March 1974) was a Democratic U.S. senator from the state of North Carolina between 1958 and 1973.,He was a member of the House of Representatives from 1887 until his death in the Senate.,The movie is a work of a movie that will appeal to a young audience.,False
631,"Parker should be commended for taking a fresh approach to familiar material, but his determination to remain true to the original text leads him to adopt a somewhat mannered tone... that ultimately dulls the human tragedy at the story's core.","The film is a great example of the way the film is told, and it's a great story that has so much potential.",He graduated from Dartmouth College in 1887 and enrolled at the University of Pennsylvania in 1892.,False
632,"He was elected the Natrona County High School senior class president, represented the school at Boys State, and played halfback on the football team.","He graduated from the University of California, Berkeley in 1876 and was a member of the United States Army.","In 1876, he was elected to the United States House of Representatives as a Democrat and served as the first Republican to the House of Commons.",False
633,"He graduated from Princeton University in 1952, and attended Harvard University in 1954-55.","He was awarded the United States Medal of Freedom in 1988, and was a member of the United Nations.",The movie is a great example of the power of a movie that is both gripping and heartfelt.,False
634,"Cheney grew up in Casper, Wyoming, and met his high-school sweetheart and future wife, Lynne Vincent, at age fourteen.",He married to actress Married to actress who is divorced in 2003.,"The film's a work of art, but it's also a bit too far.",False
635,"In between his sea voyages, Kerouac stayed in New York with friends from Fordham.",He was born in New York City to a Jewish family and was educated at the age of 16.,"He graduated from the University of California, Berkeley in 1953 and earned a Bachelor of Arts from the Dartmouth College in 1953.",False
636,"The family was Jewish (non-observant); Albert attended a Catholic elementary school and, at the insistence of his mother, was given violin lessons.","In 1876, he was born in St. Germain, France, and was a member of the American Revolution.","He graduated from the University of California, Berkeley in 1876 and was a member of the United States Army.",False
637,"His father-in-law, George Herbert Walker, and Walker's partner, Averell Harriman, brought him on as an officer in their investment banking firm, W. A. Harriman and Company in 1926.","In 1876, he was elected to the United States House of Representatives as a Democrat and served as the first Republican to the House of Commons.","The film is a great example of the way the film is told, and it's a great story that has so much potential.",False
638,He was then hired by the legal department of CBS subsidiary Columbia Records.,"He was born in St. Germain, Missouri, and died in Stonyhurst, New York.",It's a work of a film that never really ends.,False
639,"Marvin graduated from Woodberry Forest School in 1975, and spent most summers and holidays at the sprawling family estate, the Bush Compound.",He graduated from the University of Pennsylvania with a Bachelor of Arts in economics from the Dartmouth College in 1953 and earned a Bachelor's degree from Dartmouth College.,"In 1876, the Reverend Martin Luther King, Jr. was born in St. George, and was a member of the Christian theologians.",False
640,"He remained in Hollywood for the duration of the war, attaining the rank of captain.","John Fitzgerald Kennedy (born April 18, 18, in San Juan, California) was a United States politician.","The film's best, if it's not a masterpiece, is that it's a work of art.",False
641,"Shamelessly resorting to pee-related sight gags that might even cause Tom Green a grimace; still, Myer's energy and the silliness of it all eventually prevail.","The film's a work of the original, and it's a wonder if it's even worth seeing in the context of a movie.",He was married to actress Laura D. Kennedy in 1948.,False
642,He began to learn mathematics around age twelve.,He was educated at Marlborough College.,He was educated at the University of South Carolina and graduated from Yale Law School.,False
643,Benjamin Everett Jordan (8 September 1896 - 15 March 1974) was a Democratic U.S. senator from the state of North Carolina between 1958 and 1973.,He is a member of the Democratic Party from the Democratic Leadership Council in the House of Representatives.,The film's best is that it's a comedy about a man who has been cast as a villain.,False
644,"He was born near at Elston Hall near Nottingham, and educated at Chesterfield School then later at St. John's College, Cambridge.","He was born in St. Germain, Missouri, and was a member of the United States House of Representatives from 1973 until 1977.","John Fitzgerald Kennedy (born April 18, 18, in San Juan, California) was a United States politician.",False
645,"John William Coltrane (September 23, 1926 - July 17, 1967) was an American jazz saxophonist and composer.","John Fitzgerald Kennedy (born February 12, 1953) is an American film actor.","John Fitzgerald Kennedy (born February 12, 1953) is an American film actor.",True
646,"This picture is murder by numbers, and as easy to be bored by as your ABC's, despite a few whopping shootouts.","The film's most haunting and affecting, and it's also one of the most affecting.","In 1876, he was married to actress Rosemary Clooney.",False
647,Adams received one electoral vote in the presidential election of 1820.,He graduated from Dartmouth College in 1887 and was a member of the House of Representatives.,"In the 1950 film, The Godfather was nominated for the Academy Award for Best Supporting Actress for The Conversation, which also won the Golden Globe for Best Actress.",False
648,"The movie's plot is almost entirely witless and inane, carrying every gag two or three times beyond its limit to sustain a laugh.",The film's best is that it's a comedy about a man who has been cast as a villain.,The movie is a little too far into the subject of the movie's plot and the characters and the way it's a lot likeable characters that have been made.,False
649,"Lift, the mother of Danny DeVito's character in her Academy Award nominated performance in Throw Momma from the Train.","In the 1950 film, The Godfather was nominated for the Academy Award for Best Supporting Actress for The Conversation, which also won the Golden Globe for Best Actress.","It's a work of a film, but it's a little too much.",False
650,"You come away wishing, though, that the movie spent a lot less time trying to make a credible case for reports from the afterlife and a lot more time on the romantic urgency that's at the center of the story.",The movie is a little too far into the subject of the movie's plot and the characters and the way it's a lot likeable characters that have been made.,"He was born in St. Germain, Missouri, and was educated at the University of Missouri.",False
651,The quirky drama touches the heart and the funnybone thanks to the energetic and always surprising performance by Rachel Griffiths.,The movie is a great example of the power of a compelling character and a compelling story.,"The film's a work of a compelling, if not a masterpiece, it's also a bit of a disappointment.",False
652,"This picture is murder by numbers, and as easy to be bored by as your ABC's, despite a few whopping shootouts.","It's a work of a film, but it's a little too much.","John Fitzgerald Kennedy (May 23, 1887 - April 3, 2003) was an American novelist, poet, and television actress.",False
653,"The couple have four children: daughters Katherine and Christina, and sons Patrick and Christopher.",He was married to actress Laura D. Kennedy in 1948.,"In 1876, he graduated from the University of Pennsylvania with a Bachelor of Arts from Dartmouth College.",False
654,"Lift, the mother of Danny DeVito's character in her Academy Award nominated performance in Throw Momma from the Train.","He was awarded the Presidential Medal of Freedom in the United States in the Presidential Library, and was a member of the Presidential Physics Society.",The movie is a great example of the power of a compelling character and a compelling story.,False
655,Distinctly sub-par... more likely to drown a viewer in boredom than to send any shivers down his spine.,"The film's best, if it's not a masterpiece, is that it's a work of art.","The film's best, if it's not a masterpiece, is a compelling one that will appeal to a viewer who has been forced to watch a movie.",False
656,"Cheney grew up in Casper, Wyoming, and met his high-school sweetheart and future wife, Lynne Vincent, at age fourteen.","He was married to actress Rosemary Clooney in 1835, and they had three children.",He is a member of the Democratic Party from the Democratic Leadership Council in the House of Representatives.,False
657,"He was born near at Elston Hall near Nottingham, and educated at Chesterfield School then later at St. John's College, Cambridge.","He was born in St. Clare, and died in Stonyhurst, New York, in 1953.","In 1894, he moved to the city of St. Louis, Missouri, where he became a civil servant.",False
658,"Frank Durward White (June 4, 1933 - May 21, 2003) was the Republican governor of the U.S. state of Arkansas from 1981 to 1983.",He is a member of the Republican Party and is a former United States Secretary of the House of Representatives.,"He was born in St. Germain, Missouri, and was a member of the United States House of Representatives from 1973 until 1977.",False
659,Adams received one electoral vote in the presidential election of 1820.,He was educated at the University of South Carolina and graduated from Yale Law School.,He graduated from Dartmouth College in 1887 and was a member of the House of Representatives.,False
660,Steers has an unexpectedly adamant streak of warm-blooded empathy for all his disparate Manhattan denizens -- especially the a**holes.,"The film's best, if it's not a masterpiece, is a compelling one that will appeal to a viewer who has been forced to watch a movie.","He was married to actress Rosemary Clooney in 1835, and they had three children.",False
661,"Marvin graduated from Woodberry Forest School in 1975, and spent most summers and holidays at the sprawling family estate, the Bush Compound.",He graduated from the University of Notre Dame in economics in economics from the New York University.,"He was awarded the Presidential Medal of Freedom in the United States in the Presidential Library, and was a member of the Presidential Physics Society.",False
662,"As a girl-meets-girl romantic comedy, Kissing Jessica Steinis quirky, charming and often hilarious.","The film's a work of a compelling, if not a masterpiece, it's also a bit of a disappointment.",He graduated from the University of Notre Dame in economics in economics from the New York University.,False
663,"The family was Jewish (non-observant); Albert attended a Catholic elementary school and, at the insistence of his mother, was given violin lessons.","He was born in St. Germain, Missouri, and was educated at the University of Missouri.","The film's a work of the original, and it's a wonder if it's even worth seeing in the context of a movie.",False
664,"Rosemary, Betty, and brother, Nick, as well as her nephew, George Clooney (Nick's son), all became entertainers.","In 1876, he was married to actress Rosemary Clooney.",He was educated at Marlborough College.,False
665,"Shamelessly resorting to pee-related sight gags that might even cause Tom Green a grimace; still, Myer's energy and the silliness of it all eventually prevail.",The movie's a bit too far into the subject of the film's most compelling characters and the way it's presented is a bit beyond its scope.,The movie's a little too far into the movie's plot and the characters are a bit too much for me.,False
666,"Despite his father's opposition to him having a foreign-born wife, Adams wed Louisa Johnson in 1797.","In 1894, he moved to the city of St. Louis, Missouri, where he became a civil servant.",He is a member of the Republican Party and is a former United States Secretary of the House of Representatives.,False
667,Distinctly sub-par... more likely to drown a viewer in boredom than to send any shivers down his spine.,The movie is a work of a movie that is so much more than a movie about a man who has been through it.,"He was elected to the House of Representatives as a Democrat and served until becoming a Republican, and was a member of the House from 1974 until 1979.",False
668,"During this time he worked on developing a federal system of roads, canals, bridges, lighthouses, and universities until Jackson, who defeated Adams in the latter's quest for re-election, was sworn in to replace him.","He was elected to the House of Representatives as a Democrat and served until becoming a Republican, and was a member of the House from 1974 until 1979.","He was born in St. Clare, and died in Stonyhurst, New York, in 1953.",False
669,"The family was Jewish (non-observant); Albert attended a Catholic elementary school and, at the insistence of his mother, was given violin lessons.","In 1876, he graduated from the University of Pennsylvania with a Bachelor of Arts from Dartmouth College.","The film's most haunting and affecting, and it's also one of the most affecting.",False
670,"The family was Jewish (non-observant); Albert attended a Catholic elementary school and, at the insistence of his mother, was given violin lessons.","John Fitzgerald Kennedy (May 23, 1887 - April 3, 2003) was an American novelist, poet, and television actress.",The movie's a bit too far into the subject of the film's most compelling characters and the way it's presented is a bit beyond its scope.,False
671,"The movie's plot is almost entirely witless and inane, carrying every gag two or three times beyond its limit to sustain a laugh.",The movie's a little too far into the movie's plot and the characters are a bit too much for me.,The movie is a work of a movie that is so much more than a movie about a man who has been through it.,False
672,On 28 February 1934 he and Anthony Fokker each received an excessive half a million dollars for selling fifty military planes to the Soviet government.,He was a member of the United States Senate from 1887 until the Senate in the House of Representatives.,"In 1876, he was commissioned to study law at the University of Chicago in the fall of 1876.",False
673,The quirky drama touches the heart and the funnybone thanks to the energetic and always surprising performance by Rachel Griffiths.,The movie is a work of a movie that's a little too far into the movie's plot.,The movie is a great example of the power of a movie that has a compelling story and a compelling character.,False
674,"His grandfather, also named William Seward Burroughs, founded the Burroughs Adding Machine company, which evolved into the Burroughs Corporation.","In 1876, he founded the family of the family, and in 1876 he became Standard Oil.","A work of a movie, but one that may find its title implies, is a work of art.",False
675,"As a girl-meets-girl romantic comedy, Kissing Jessica Steinis quirky, charming and often hilarious.","A work of a movie, but one that may find its title implies, is a work of art.","He was born in St. Germain, Missouri, and was educated at the University of Missouri.",False
676,"During this period, he personally drove his Quadricycle to victory in a race against Alexander Winton, a well-known driver and the heavy favorite on October 10, 1901.","In 1876, he was a member of the founding of the United States Army Air Forces, and was a prominent voice in the Continental Army.",He was a member of the United States Senate from New York from 1974 until 1990.,False
677,These events soon led to the American Civil War.,He married Margot Forsyth in 1876.,"After a stint in the United States, he moved to New York City, where he became a manager of the city's gas station.",False
678,"Dole was twice decorated for heroic achievement, receiving two Purple Hearts for his injuries, and the Bronze Star Medal for his attempt to assist a downed radio man.","He was awarded the Presidential Medal of Freedom in Physics for Physics for his work in Physics, and was also nominated for the Physics Physics Physics Prize in Physics Physics for the latter.","A stunning, if unimpressive, portrait of a man who has been made in the most appalling way imaginable is a work of art.",False
679,"Ulysses S. Grant (April 27, 1822 - July 23, 1885) was the 18th President of the United States (1869 - 1877).","He served from January 18, 18, and was a member of the House of Representatives from 1974 until 1988.",He married Margot Forsyth in 1876.,False
680,His work dealt largely with the poor urban black and mulatto communities of Bahia.,"In 1876, he was commissioned to study law at the University of Chicago in the fall of 1876.","The movie, if it's a good one, is a work of art that never fails to impress.",False
681,What a great shame that such a talented director as Chen Kaige has chosen to make his English-language debut with a film so poorly plotted and scripted.,"The film's a bit too far into the story, but it's a good one, and it's also a good film.",He was elected to the House of Representatives in the House representing New York and served until the Senate before becoming a member of the House.,False
682,"Dole has worked part-time for a Washington, DC, law firm, and engaged in a career of writing, consulting, public speaking, and television appearances.",He was born in New York City to Irish and English descent until 1835.,He was awarded the Distinguished Fellow of the Royal Society in 1953.,False
683,He had an elder brother named Emmet Olson.,"In 18, he moved to New York City.","In 1946, he was awarded the Presidential Medal of Freedom.",False
684,"Miguel Ferrer (born February 7, 1955 in Santa Monica, California) is a Puerto Rican-American actor who is often cast in movies as a villain.","He was born in St. Germain, Missouri, and was educated at the University of Missouri.","John Fitzgerald Kennedy (May 18, 1887 - April 5, 1923) was an American politician who was the longest serving Governor of the United States.",False
685,"Marvin graduated from Woodberry Forest School in 1975, and spent most summers and holidays at the sprawling family estate, the Bush Compound.","He was born in New York City in 1835 and moved to the city of Long Island, New York, where he became a U.S. Army officer.","The movie is a bit too long, but it's a good one.",False
686,"His father-in-law, George Herbert Walker, and Walker's partner, Averell Harriman, brought him on as an officer in their investment banking firm, W. A. Harriman and Company in 1926.","In 1894, he joined the staff of the University of California, Los Angeles, as a lecturer in economics.","He was married to actress and actress who was married for three years, and had two daughters.",False
687,His work dealt largely with the poor urban black and mulatto communities of Bahia.,"After a stint in the United States, he moved to New York City, where he became a manager of the city's gas station.","In 1894, he joined the staff of the University of California, Los Angeles, as a lecturer in economics.",False
688,The second coming of Harry Potter is a film far superior to its predecessor.,"The film's a work of stunning, if it's not a masterpiece.",The movie is a work of a movie that's a little too far into the movie's plot.,False
689,"Bray is completely at sea; with nothing but a Savage Garden music video on his resume, he has no clue about making a movie.","A stunning, if unimpressive, portrait of a man who has been made in the most appalling way imaginable is a work of art.","In 1876, he was a member of the founding of the United States Army Air Forces, and was a prominent voice in the Continental Army.",False
690,He was the founder and first president of the Naval War College between 1884 and 1886.,He was a member of the United States Senate from New York from 1974 until 1990.,He was sent to the United States Army until he was sent back to the Army until the rank of captain.,False
691,"Arnold Alois Schwarzenegger (born July 30, 1947 in Thal, Styria, Austria) is an Austrian-American actor, Republican politician, and bodybuilder, currently serving as the 38th Governor of California.",He is a member of the Republican Party and is a former Conservative politician.,"The film's a bit too far into the story, but it's a good one, and it's also a good film.",False
692,"Cheney grew up in Casper, Wyoming, and met his high-school sweetheart and future wife, Lynne Vincent, at age fourteen.","He was married to actress and actress who was married for three years, and had two daughters.","He was born in New York City to Irish and English descent, and moved to the area of New York.",False
693,"He was born near at Elston Hall near Nottingham, and educated at Chesterfield School then later at St. John's College, Cambridge.","John Fitzgerald Kennedy (May 18, 1887 - April 5, 1923) was an American politician who was the longest serving Governor of the United States.","In 18, he moved to New York City.",False
694,"Like the best of Godard's movies... it is visually ravishing, penetrating, impenetrable.","The movie, if it's a good one, is a work of art that never fails to impress.",He was a member of the United States Senate from 1887 until the Senate in the House of Representatives.,False
695,"His father-in-law, George Herbert Walker, and Walker's partner, Averell Harriman, brought him on as an officer in their investment banking firm, W. A. Harriman and Company in 1926.",He was elected to the House of Representatives in the House representing New York and served until the Senate before becoming a member of the House.,"He attended the University of Notre Dame in Eureka, where he earned a Bachelor of Arts in economics from Dartmouth College in 1953, and then attended the Yale Divinity School in 1959.",False
696,"Cheney grew up in Casper, Wyoming, and met his high-school sweetheart and future wife, Lynne Vincent, at age fourteen.",He was sent to the United States Army until he was sent back to the Army until the rank of captain.,"The film's a work of stunning, if it's not a masterpiece.",False
697,"Marvin graduated from Woodberry Forest School in 1975, and spent most summers and holidays at the sprawling family estate, the Bush Compound.","He attended the University of Notre Dame in Eureka, where he earned a Bachelor of Arts in economics from Dartmouth College in 1953, and then attended the Yale Divinity School in 1959.","The movie is a bit too long, and a bit unimpressive for its audience.",False
698,"Even as I valiantly struggled to remain interested, or at least conscious, I could feel my eyelids... getting... very... heavy...","The movie is a bit too long, and a bit unimpressive for its audience.","In 1876, he founded the family of the family, and in 1876 he became Standard Oil.",False
699,It's anchored by splendid performances from an honored screen veteran and a sparkling newcomer who instantly transform themselves into a believable mother/daughter pair.,The movie is a great example of the power of a movie that has a compelling story and a compelling character.,"He was awarded the Presidential Medal of Freedom in Physics for Physics for his work in Physics, and was also nominated for the Physics Physics Physics Prize in Physics Physics for the latter.",False
700,He began to learn mathematics around age twelve.,He was awarded the Distinguished Fellow of the Royal Society in 1953.,He is a member of the Republican Party and is a former Conservative politician.,False
701,His work dealt largely with the poor urban black and mulatto communities of Bahia.,"He was born in New York City to Irish and English descent, and moved to the area of New York.","He was born in New York City in 1835 and moved to the city of Long Island, New York, where he became a U.S. Army officer.",False
702,The film is so bad it doesn't improve upon the experience of staring at a blank screen.,"The movie is a bit too long, but it's a good one.",He was born in New York City to Irish and English descent until 1835.,False
703,He was the first American to win a Nobel Prize in any category.,"In 1946, he was awarded the Presidential Medal of Freedom.","He served from January 18, 18, and was a member of the House of Representatives from 1974 until 1988.",False
704,"So young, so smart, such talent, such a wise ***.",It's a strange way to be made.,He was educated at the University of Pennsylvania and then joined the University.,False
705,His work dealt largely with the poor urban black and mulatto communities of Bahia.,He was educated at the University of Pennsylvania and then joined the Army until 1839. He then joined a staff of the Army.,"The movie's a bit too far, but it's a compelling story, one that's a little too much.",False
706,"Albert Einstein (March 14, 1879 - April 18, 1955) was a German-born Jewish theoretical physicist of German, Swiss and American citizenship, who is widely regarded as the greatest scientist of the 20th century or even of all time, ranking alongside the luminaries Newton and Gauss.","He was born in Mays, near Dublin, in 1839, in the city of Dublin, Ireland, the son of the famous St. Clare of Dublin) was the first of the British mathematician, who was the son, and the grandson of the same author","Elvis Presley is the founder of the Rockefellers, a New York City, New York, and the Rococo conglomerate.",False
707,Steers has an unexpectedly adamant streak of warm-blooded empathy for all his disparate Manhattan denizens -- especially the a**holes.,"The movie's best, if it's not a masterpiece of the genre, is a work of art that's both gripping and compelling.",He graduated from St. Clare in 1887 and moved to New York City.,False
708,"His father-in-law, George Herbert Walker, and Walker's partner, Averell Harriman, brought him on as an officer in their investment banking firm, W. A. Harriman and Company in 1926.","In 1876, he was commissioned by the United States Marine Corps to become a captain in the Army Air Forces.",He was educated at the University of Pennsylvania and then joined the Army until 1839. He then joined a staff of the Army.,False
709,"Lawford became an American citizen in 1960, in time to vote for his brother-in-law John F. Kennedy.","John Fitzgerald Kennedy (May 30, 18, 1876 - January 3, 2000) was an American novelist, journalist, and publisher.",It's a strange way to be made.,False
710,"Albert Einstein (March 14, 1879 - April 18, 1955) was a German-born Jewish theoretical physicist of German, Swiss and American citizenship, who is widely regarded as the greatest scientist of the 20th century or even of all time, ranking alongside the luminaries Newton and Gauss.","John Fitzgerald Kennedy (May 30, 18, 1876 - January 3, 2000) was an American film actor, and author, musician, and television actor.","John Fitzgerald Kennedy (born May 18, 18, in St. John, Massachusetts) was a Republican politician.",False
711,On 28 February 1934 he and Anthony Fokker each received an excessive half a million dollars for selling fifty military planes to the Soviet government.,"In 1876, he was elected to the House of Representatives and was a member of the House Ways and Means Committee.","He was awarded the Presidential Medal of Freedom in Physics, Physics, and Chemistry from the University of Chicago in Physics in Physics and Chemistry in Physics Physics, respectively, in the same year of Physics, the same Physics, in Physics"".",False
712,He had an elder brother named Emmet Olson.,He was educated at the University of Pennsylvania and then joined the University.,It's a strange way to spend your life.,False
713,His gift of $5 million dollars helped found the Great Smoky Mountains National Park.,"In 1876, he founded the New York City company, and in 1876 he founded Standard Oil.",He was educated at the University of Pennsylvania.,False
714,"Although Adams lost in both the popular and electoral votes in the Presidential election of 1824, none of the candidates were able to secure a majority of the electoral vote, thereby putting the outcome in the hands of the House of Representatives, which to the surprise of many elected Adams over rival Andrew Jackson.","He was born in St. Germain, France, and was educated at the University of Pennsylvania, where he was a member of the faculty of Economics.","John Fitzgerald Kennedy (May 30, 18, 1887 - April 5, 2000) was an American politician, and a Republican politician.",False
715,"He was born near at Elston Hall near Nottingham, and educated at Chesterfield School then later at St. John's College, Cambridge.","He was born in St. Germain, New York, in 1876, and was a member of the House of Representatives from 1848 until his death.","He was born in Mays, near Dublin, in 1839, in the city of Dublin, Ireland, the son of the famous St. Clare of Dublin) was the first of the British mathematician, who was the son, and the grandson of the same author",False
716,"He was born near at Elston Hall near Nottingham, and educated at Chesterfield School then later at St. John's College, Cambridge.","In 1876, he moved to the University of California, where he graduated from Yale Divinity School.","In 1876, he moved to the University of California, where he graduated from Yale Divinity School.",True
717,Then he went on to a public grammar school for three years.,"John Fitzgerald Kennedy (May 30, 18, 1887 - April 5, 2000) was an American politician, and a Republican politician.","A work of art, but it's a work of a movie.",False
718,"Parker should be commended for taking a fresh approach to familiar material, but his determination to remain true to the original text leads him to adopt a somewhat mannered tone... that ultimately dulls the human tragedy at the story's core.","The film's a work of art, but it's a bit of a letdown, one that's a lot to say about a film's worth seeing.","John Fitzgerald Kennedy (May 30, 18, 1876 - January 3, 2000) was an American novelist, journalist, and publisher.",False
719,"Bray is completely at sea; with nothing but a Savage Garden music video on his resume, he has no clue about making a movie.","The movie's a bit too far, but it's a compelling story, one that's a little too much.","In 1876, he was commissioned by the United States Marine Corps to become a captain in the Army Air Forces.",False
720,Exceptionally well acted by Diane Lane and Richard Gere.,"A work of art, but it's a work of a movie.","He was born in St. Germain, New York, in 1876, and was a member of the House of Representatives from 1848 until his death.",False
721,He was the founder and first president of the Naval War College between 1884 and 1886.,"Elvis Presley is the founder of the Rockefellers, a New York City, New York, and the Rococo conglomerate.","The movie's best, if it's not a masterpiece of the genre, is a work of art that's both gripping and compelling.",False
722,"Viewed as a comedy, a romance, a fairy tale, or a drama, there's nothing remotely triumphant about this motion picture.","The film's a work of a compelling story, and it's a compelling one that, in a sense, is a work.","The film's a work of a compelling story, and it's a compelling one that, in a sense, is a work.",True
723,"The delicious trimmings... arrive early and stay late, filling nearly every minute... with a lighthearted glow, some impudent snickers, and a glorious dose of humankind's liberating ability to triumph over a Scrooge or two.","The movie is a great example of the way the film should be viewed, and it's a great film that's so well realized.","The film's a bit too far into the story, but it's a good one, and it's an engaging one, one that's both gripping and one that has a way of being.",False
724,"Arnold Alois Schwarzenegger (born July 30, 1947 in Thal, Styria, Austria) is an Austrian-American actor, Republican politician, and bodybuilder, currently serving as the 38th Governor of California.","John Fitzgerald Kennedy (born May 18, 18, in St. John, Massachusetts) was a Republican politician.","The movie is a great example of the way the film should be viewed, and it's a great film that's so well realized.",False
725,He had an elder brother named Emmet Olson.,He was educated at the University of Pennsylvania.,"John Fitzgerald Kennedy (born August 12, 18, 1876) is a Republican politician who is the longest serving Conservative politician.",False
726,On 28 February 1934 he and Anthony Fokker each received an excessive half a million dollars for selling fifty military planes to the Soviet government.,"He was born in St. Germain, New York, and was educated at the University of Pennsylvania, where he was a student of William Benton.","In 1879, he was born in St. Germain, France, and was the son of the famous St. Louis, France's first wife of the renowned physicist, and the daughter of the same famous physicist, William Darwin, who was the first of the",False
727,"Arnold Alois Schwarzenegger (born July 30, 1947 in Thal, Styria, Austria) is an Austrian-American actor, Republican politician, and bodybuilder, currently serving as the 38th Governor of California.","John Fitzgerald Kennedy (born August 12, 18, 1876) is a Republican politician who is the longest serving Conservative politician.","He was born in St. Germain, New York, and was educated at the University of Pennsylvania, where he was a student of William Benton.",False
728,"Abram Joffe, a Soviet physicist who knew Einstein, in an obituary of Einstein, wrote, ""The author of [the papers of 1905] was ... a bureaucrat at the Patent Office in Bern, Einstein-Maria"" and this has recently been taken as evidence of a collaborative relationship.","In 1879, he was born in St. Germain, France, and was the son of the famous St. Louis, France's first wife of the renowned physicist, and the daughter of the same famous physicist, William Darwin, who was the first of the","The movie is a little too long, but it's a good one that has a lot more substance.",False
729,"Rather than retire, Adams would go on to win election as a Democratic-Republican to the House of Representatives beginning with the 22nd Congress, serving from March 4, 1831, until his death.","In 1894, he was born in New York City to parents of two daughters, and was educated at the University of Chicago, where he was a student of Charles Darwin.","The film's a work of art, but it's a bit of a letdown, one that's a lot to say about a film's worth seeing.",False
730,Steers has an unexpectedly adamant streak of warm-blooded empathy for all his disparate Manhattan denizens -- especially the a**holes.,The movie is a work of a movie that's a little too far into the present day to be funny.,"John Fitzgerald Kennedy (May 30, 18, 1876 - January 3, 2000) was an American film actor, and author, musician, and television actor.",False
731,He was then hired by the legal department of CBS subsidiary Columbia Records.,He graduated from St. Clare in 1887 and moved to New York City.,"In 1876, he was elected to the House of Representatives and was a member of the House Ways and Means Committee.",False
732,"Like the best of Godard's movies... it is visually ravishing, penetrating, impenetrable.",It's a strange way to spend your life.,The movie is a work of a movie that's a little too far into the present day to be funny.,False
733,"In XXX, Diesel is that rare creature -- an action hero with table manners, and one who proves that elegance is more than tattoo deep.","The movie is a little too long, but it's a good one that has a lot more substance.","In 1876, he founded the New York City company, and in 1876 he founded Standard Oil.",False
734,"Edric Frederick Gifford, 3rd Baron Gifford, VC (5 July 1849 - 5 June 1911) was an English recipient of the Victoria Cross, the highest and most prestigious award for gallantry in the face of the enemy that can be awarded to British and Commonwealth forces.","He was awarded the Presidential Medal of Freedom in Physics, Physics, and Chemistry from the University of Chicago in Physics in Physics and Chemistry in Physics Physics, respectively, in the same year of Physics, the same Physics, in Physics"".","In 1894, he was born in New York City to parents of two daughters, and was educated at the University of Chicago, where he was a student of Charles Darwin.",False
735,"Parker should be commended for taking a fresh approach to familiar material, but his determination to remain true to the original text leads him to adopt a somewhat mannered tone... that ultimately dulls the human tragedy at the story's core.","The film's a bit too far into the story, but it's a good one, and it's an engaging one, one that's both gripping and one that has a way of being.","He was born in St. Germain, France, and was educated at the University of Pennsylvania, where he was a member of the faculty of Economics.",False
736,"If you already like this sort of thing, this is that sort of thing all over again.",The movie is a work of a movie that's a bit too far into the subject.,"He was born in St. Germain, France, in 1876 to the Rev. Martin Luther King, Jr.",False
737,What a great shame that such a talented director as Chen Kaige has chosen to make his English-language debut with a film so poorly plotted and scripted.,"The movie is a great example of the power of a movie, but it's a bit too far beyond the point.",He was awarded the Presidential Medal of Freedom in the Presidential Prize in Physics in 1998.,False
738,"A loud, ugly, irritating movie without any of its satirical salvos hitting a discernible target.","The movie is a work of art, but it's a bit too far in.",He was a member of the United States Senate from 1993 until 1995.,False
739,He was then hired by the legal department of CBS subsidiary Columbia Records.,He was a member of the United States Senate from 1993 until 1995.,"The film's a masterpiece of the best American comedy, it's a movie that's both gripping and poignant.",False
740,"He attended secondary school (Volksschule), and learned the trade of a joiner.",He was elected to the United States House of Representatives in the House of Commons in 1974.,"The movie is a work of art, but it's a bit too far in.",False
741,"Frank Durward White (June 4, 1933 - May 21, 2003) was the Republican governor of the U.S. state of Arkansas from 1981 to 1983.","John Davison (born May 18, 18, in New York) was a United States Secretary of the House of Representatives from New York.","He was elected to the House of Representatives as a Democrat and was elected the first Governor of the state of Massachusetts, where he served until becoming President of the United States.",False
742,"Some say this was because of a bargain he struck with Henry Clay, which put Clay into office as his Secretary of State once Adams won.",He was elected to the House of Representatives as a Democrat and was a member of the House from 1877 until his death.,"The movie is a bit too far into the subject of the film's title, but it's a good one.",False
743,"A lousy movie that's not merely unwatchable, but also unlistenable.","It's a work of art, but it's a bit too far.",The movie is a work of a movie that's a bit too far into the subject.,False
744,"Rather than retire, Adams would go on to win election as a Democratic-Republican to the House of Representatives beginning with the 22nd Congress, serving from March 4, 1831, until his death.","He was elected to the House of Representatives as a Democrat and was elected the first Governor of the state of Massachusetts, where he served until becoming President of the United States.",He is a member of the Democratic Party and is a former United States House of Representatives from New York.,False
745,"Shamelessly resorting to pee-related sight gags that might even cause Tom Green a grimace; still, Myer's energy and the silliness of it all eventually prevail.","The film's best is the way it's presented, and it's a stunning fusion of both sides.","The movie is a great example of the power of a movie, but it's a bit too far beyond the point.",False
746,"While it regards 1967 as the key turning point of the 20th century, and returns again and again to images of dissidents in the streets, it's alarmingly current.","The movie is a little too far into the movie, but it's a good one, one that has a lot more potential.","He was born in St. Louis, Missouri, and was educated at the University of Missouri.",False
747,"Beautifully crafted, engaging filmmaking that should attract upscale audiences hungry for quality and a nostalgic, twisty yarn that will keep them guessing.","The movie is a bit too far into the subject of the film's title, but it's a good one.","He graduated from the University of California, Berkeley in 1953 and earned a Bachelor of Arts from Dartmouth College in 1953.",False
748,"Parker should be commended for taking a fresh approach to familiar material, but his determination to remain true to the original text leads him to adopt a somewhat mannered tone... that ultimately dulls the human tragedy at the story's core.","The movie's a bit too far into the subject matter, but it's a good one, one that, if it's not a little too much to say, is a wonder.","The film's a work of art, but it's a depressing one.",False
749,Bad and baffling from the get-go.,"The film's a work of art, but it's a depressing one.",He graduated from Dartmouth College in 1953.,False
750,"She later moved yet further from her Boston-based persecutors, to what is now The Bronx in northern New York City.","He was born in St. Germain, France, in 1876 to the Rev. Martin Luther King, Jr.","The movie's a bit too far into the subject of the subject matter, but it's a good one that, while it's not a particularly good one, is a decent one.",False
751,"While it regards 1967 as the key turning point of the 20th century, and returns again and again to images of dissidents in the streets, it's alarmingly current.",The movie is a great example of the power of a movie that has a lot more than its audience.,"In 1894, he was commissioned to study law at the University of California, Los Angeles, and was admitted to Yale Law School.",False
752,"What makes How I Killed My Father compelling, besides its terrific performances, is Fontaine's willingness to wander into the dark areas of parent-child relationships without flinching.","The movie is a bit too far into the movie, but it's a good one, one that has a lot more depth.","It's a work of art, but it's a bit too far.",False
753,"Marvin graduated from Woodberry Forest School in 1975, and spent most summers and holidays at the sprawling family estate, the Bush Compound.","In 1894, he was commissioned to study law at the University of California, Los Angeles, and was admitted to Yale Law School.",The movie is a work of a movie that's a bit like a movie in a way.,False
754,"The family was Jewish (non-observant); Albert attended a Catholic elementary school and, at the insistence of his mother, was given violin lessons.","He graduated from the University of California, Berkeley in 1953 and earned a Bachelor of Arts from Dartmouth College in 1953.","He was born in St. George, Missouri, and was educated at the University of Missouri, where he was a student of William Benton, and later a member of the",False
755,"In between his sea voyages, Kerouac stayed in New York with friends from Fordham.","He was born in St. Louis, Missouri, and was educated at the University of Missouri.",He was elected to the United States House of Representatives in the House of Commons in 1974.,False
756,"She later moved yet further from her Boston-based persecutors, to what is now The Bronx in northern New York City.","In 1876, he was born in St. Germain, New York City) in the city of St. Louis.",The movie is a great example of the power of a movie that has a lot more than its audience.,False
757,"... creates a visceral sense of its characters' lives and conflicted emotions that carries it far above... what could have been a melodramatic, Lifetime Channel-style anthology.","The movie is a little too long, but it's a good one.","The movie is a little too long, but it's a good one.",True
758,This led to his being hired by Westinghouse company to service their steam engines.,He was awarded the Presidential Medal of Freedom in the Presidential Prize in Physics in 1998.,He was awarded the Presidential Medal of Freedom in 1953.,False
759,"The Emperor's Club is one of those films that possesses all the good intentions in the world, but...","The film's a masterpiece of the best American comedy, it's a movie that's both gripping and poignant.","The movie is a little too far into the movie, but it's a good one, one that has a lot more potential.",False
760,"His father-in-law, George Herbert Walker, and Walker's partner, Averell Harriman, brought him on as an officer in their investment banking firm, W. A. Harriman and Company in 1926.","He was born in St. George, Missouri, and was educated at the University of Missouri, where he was a student of William Benton, and later a member of the","The movie is a bit too far into the movie, but it's a good one, one that has a lot more depth.",False
761,This led to his being hired by Westinghouse company to service their steam engines.,He was awarded the Presidential Medal of Freedom in 1953.,"The movie's a bit too far into the subject matter, but it's a good one, one that, if it's not a little too much to say, is a wonder.",False
762,Burroughs graduated from Harvard University in 1936.,He graduated from Dartmouth College in 1953.,"John Davison (born May 18, 18, in New York) was a United States Secretary of the House of Representatives from New York.",False
763,"The Emperor's Club is one of those films that possesses all the good intentions in the world, but...",The movie is a work of a movie that's a bit like a movie in a way.,He graduated from Dartmouth College in 1953.,False
764,Benjamin Everett Jordan (8 September 1896 - 15 March 1974) was a Democratic U.S. senator from the state of North Carolina between 1958 and 1973.,He is a member of the Democratic Party and is a former United States House of Representatives from New York.,"In 1876, he was born in St. Germain, New York City) in the city of St. Louis.",False
765,Burroughs graduated from Harvard University in 1936.,He graduated from Dartmouth College in 1953.,"The film's best is the way it's presented, and it's a stunning fusion of both sides.",False
766,"The delicious trimmings... arrive early and stay late, filling nearly every minute... with a lighthearted glow, some impudent snickers, and a glorious dose of humankind's liberating ability to triumph over a Scrooge or two.",The film is a work of a man who has grown up in a way that is both a work in progress.,The film is a work of a man who has grown up in a way that is both a work in progress.,True
767,"The delicious trimmings... arrive early and stay late, filling nearly every minute... with a lighthearted glow, some impudent snickers, and a glorious dose of humankind's liberating ability to triumph over a Scrooge or two.","The movie's a bit too far into the subject of the subject matter, but it's a good one that, while it's not a particularly good one, is a decent one.",He was elected to the House of Representatives as a Democrat and was a member of the House from 1877 until his death.,False
768,"Like the best of Godard's movies... it is visually ravishing, penetrating, impenetrable.","It's a work of art, but it's a bit too far.",He was a member of the House of Representatives from 2003 until his death.,False
769,"Lawford became an American citizen in 1960, in time to vote for his brother-in-law John F. Kennedy.","John Fitzgerald Kennedy (May 18, 18, Boston, Massachusetts) was an American politician, and was the longest serving United States Secretary of the Army.","John Davison (born January 23, 18, in San Francisco) is an American film and television actor, most known for his role in the 1960s, and for his work in the film, television, and television drama The Fugitive"", which also has been",False
770,It's anchored by splendid performances from an honored screen veteran and a sparkling newcomer who instantly transform themselves into a believable mother/daughter pair.,The movie is a great example of the power of a movie that both sides of a human being can get from one another.,The movie is a work of a movie that's a little too far into the subject.,False
771,"He was born near at Elston Hall near Nottingham, and educated at Chesterfield School then later at St. John's College, Cambridge.","He was born in St. Germain, Missouri, and was educated at the University of Missouri.",He was awarded the Presidential Medal of Freedom in 1998.,False
772,"John William Coltrane (September 23, 1926 - July 17, 1967) was an American jazz saxophonist and composer.","John Fitzgerald Kennedy (May 18, 18, in San Juan, California) was an American film actor.",The movie is a great example of the power of a movie that both sides of a human being can get from one another.,False
773,It's anchored by splendid performances from an honored screen veteran and a sparkling newcomer who instantly transform themselves into a believable mother/daughter pair.,"The movie is a great example of the power of a movie that's both gripping and compelling, both in and out of the characters.","He was awarded the Presidential Medal of Freedom in recognition of his services to the United Nations, and was the first of the American Nobel Laureate.",False
774,The sort of movie that gives tastelessness a bad rap.,"A work of a film, and a genuinely entertaining one, is a work of art.","It's a good film, but it's a bit too far.",False
775,"Shamelessly resorting to pee-related sight gags that might even cause Tom Green a grimace; still, Myer's energy and the silliness of it all eventually prevail.","The film's best, if it's not a masterpiece, is a work of art, and it's a wonder how people keep coming to it.","He was born in St. Germain, Missouri, and was educated at the University of Missouri.",False
776,Burroughs graduated from Harvard University in 1936.,He was awarded the Presidential Medal of Freedom in 1998.,"A work of a film that's a work of art, but one that's both a little too much.",False
777,"During this time he worked on developing a federal system of roads, canals, bridges, lighthouses, and universities until Jackson, who defeated Adams in the latter's quest for re-election, was sworn in to replace him.","He was elected to the House of Representatives as a Democrat from New York, and served as the first Governor of the state of New York from 1877 to 1879.","A work of a film, but it's a work of art.",False
778,Steers has an unexpectedly adamant streak of warm-blooded empathy for all his disparate Manhattan denizens -- especially the a**holes.,"The film's best performances, as it's often credited, are those that highlight the subject matter.","The movie's a bit too far into the story, but it's a compelling one that's a lot more.",False
779,"Albert Einstein (March 14, 1879 - April 18, 1955) was a German-born Jewish theoretical physicist of German, Swiss and American citizenship, who is widely regarded as the greatest scientist of the 20th century or even of all time, ranking alongside the luminaries Newton and Gauss.","John Davison (born January 23, 18, in San Francisco) is an American film and television actor, most known for his role in the 1960s, and for his work in the film, television, and television drama The Fugitive"", which also has been","In 1876, he founded the New York City firm of Standard Oil, and in 1876 founded the Standard Oil Company.",False
780,"The delicious trimmings... arrive early and stay late, filling nearly every minute... with a lighthearted glow, some impudent snickers, and a glorious dose of humankind's liberating ability to triumph over a Scrooge or two.","The movie's a bit of a rambling affair, but it's a good one, if it's not a masterpiece of a movie's worth seeing.","John Fitzgerald Kennedy (May 23, 1876 - January 3, 1970) was an American politician, and the first Republican elected to the House of Representatives from New York, and was the first Governor of the United States from 1898 to 1898.",False
781,"Bill ""Billy"" Boucher (b. November 10, 1899 in Ottawa, Ontario, Canada, died November 10, 1958) was a Canadian professional ice hockey rightwinger who played in the National Hockey League for the Montreal Canadiens, Boston Bruins and New York Americans.","He was awarded the Presidential Medal of Freedom in recognition of his services to the United Nations, and was the first of the American Nobel Laureate.","John Fitzgerald Kennedy (May 18, 18, 1929 - January 3, 2003) was an American politician who was a Republican politician from New York.",False
782,Steers has an unexpectedly adamant streak of warm-blooded empathy for all his disparate Manhattan denizens -- especially the a**holes.,"The movie's a bit too far into the story, but it's a compelling one that's a lot more.","The film's best, if it's not a masterpiece, is a work of art, and it's a wonder how people keep coming to it.",False
783,"Albert Einstein (March 14, 1879 - April 18, 1955) was a German-born Jewish theoretical physicist of German, Swiss and American citizenship, who is widely regarded as the greatest scientist of the 20th century or even of all time, ranking alongside the luminaries Newton and Gauss.","He was born in St. Mary, in Stonyhurst, New York, in 1876) in the city of Boston, and was the first of the Beat Generation in the United States.","The movie's a bit of a rambling affair, but it's a good one, if it's not a masterpiece of a movie's worth seeing.",False
784,"While serving abroad, he met Louisa Catherine Johnson, the daughter of an American merchant living abroad.","John Fitzgerald Kennedy (February 18, 1887 - January 23, 1993) was an American politician who served as the United States Secretary of Defense.","It's a work of art, but it's a bit too far.",False
785,"His father-in-law, George Herbert Walker, and Walker's partner, Averell Harriman, brought him on as an officer in their investment banking firm, W. A. Harriman and Company in 1926.","In 1876, he was commissioned by the U.S. Army as a general, and was a member of the Army's Strategic Command.","John Fitzgerald Kennedy (May 18, 18, Boston, Massachusetts) was an American politician, and was the longest serving United States Secretary of the Army.",False
786,"Bill ""Billy"" Boucher (b. November 10, 1899 in Ottawa, Ontario, Canada, died November 10, 1958) was a Canadian professional ice hockey rightwinger who played in the National Hockey League for the Montreal Canadiens, Boston Bruins and New York Americans.","John Fitzgerald Kennedy (born April 12, 1953) is an American film actor.","He was elected to the House of Representatives as a Democrat from New York, and served as the first Governor of the state of New York from 1877 to 1879.",False
787,"Cheney grew up in Casper, Wyoming, and met his high-school sweetheart and future wife, Lynne Vincent, at age fourteen.",He was raised in a small town in the area.,"A work of a film, and a genuinely entertaining one, is a work of art.",False
788,"Rather than retire, Adams would go on to win election as a Democratic-Republican to the House of Representatives beginning with the 22nd Congress, serving from March 4, 1831, until his death.","John Fitzgerald Kennedy (May 18, 18, 1929 - January 3, 2003) was an American politician who was a Republican politician from New York.","In 1876, he was elected to the United States House of Representatives as a Democrat and served until 1970.",False
789,"Albert Einstein (March 14, 1879 - April 18, 1955) was a German-born Jewish theoretical physicist of German, Swiss and American citizenship, who is widely regarded as the greatest scientist of the 20th century or even of all time, ranking alongside the luminaries Newton and Gauss.","In 1894, the film was nominated for the Academy Award for Best Supporting Actress for The Godfather, The Silence of the Lambs, and was nominated by the Academy for The Singularity.",He was raised in a small town in the area.,False
790,He was then hired by the legal department of CBS subsidiary Columbia Records.,He was a member of the House of Representatives from 2003 until his death.,"The film's best performances, as it's often credited, are those that highlight the subject matter.",False
791,"Albert Einstein (March 14, 1879 - April 18, 1955) was a German-born Jewish theoretical physicist of German, Swiss and American citizenship, who is widely regarded as the greatest scientist of the 20th century or even of all time, ranking alongside the luminaries Newton and Gauss.","John Fitzgerald Kennedy (May 23, 1876 - January 3, 1970) was an American politician, and the first Republican elected to the House of Representatives from New York, and was the first Governor of the United States from 1898 to 1898.","In 1876, he was commissioned by the U.S. Army as a general, and was a member of the Army's Strategic Command.",False
792,"After this initial success, Ford left Edison Illuminating and, with other investors, formed the Detroit Automobile Company.","In 1876, he founded the New York City firm of Standard Oil, and in 1876 founded the Standard Oil Company.","John Fitzgerald Kennedy (May 18, 18, in San Juan, California) was an American film actor.",False
793,"You come away wishing, though, that the movie spent a lot less time trying to make a credible case for reports from the afterlife and a lot more time on the romantic urgency that's at the center of the story.","The movie is a good example of the way to tell its story, but it's a movie that has a lot more potential to be a movie than it is.","He was born in Manners, Massachusetts, in 1835, and was educated at the University of Chicago, where he was the first of the Continental Army during World War II, and later served as the first Secretary of Defense.",False
794,"``My god, I'm behaving like an idiot!''","A work of a film, but it's a work of art.","The movie is a great example of the power of a movie that's both gripping and compelling, both in and out of the characters.",False
795,"Bray is completely at sea; with nothing but a Savage Garden music video on his resume, he has no clue about making a movie.","A work of a film that's a work of art, but one that's both a little too much.","In 1894, the film was nominated for the Academy Award for Best Supporting Actress for The Godfather, The Silence of the Lambs, and was nominated by the Academy for The Singularity.",False
796,"Although Adams lost in both the popular and electoral votes in the Presidential election of 1824, none of the candidates were able to secure a majority of the electoral vote, thereby putting the outcome in the hands of the House of Representatives, which to the surprise of many elected Adams over rival Andrew Jackson.","He was born in Manners, Massachusetts, in 1835, and was educated at the University of Chicago, where he was the first of the Continental Army during World War II, and later served as the first Secretary of Defense.","John Fitzgerald Kennedy (February 18, 1887 - January 23, 1993) was an American politician who served as the United States Secretary of Defense.",False
797,The sort of movie that gives tastelessness a bad rap.,"It's a good film, but it's a bit too far.","John Fitzgerald Kennedy (born April 12, 1953) is an American film actor.",False
798,"His grandfather, also named William Seward Burroughs, founded the Burroughs Adding Machine company, which evolved into the Burroughs Corporation.","In 1876, he was elected to the United States House of Representatives as a Democrat and served until 1970.","He was born in St. Mary, in Stonyhurst, New York, in 1876) in the city of Boston, and was the first of the Beat Generation in the United States.",False
799,"If you already like this sort of thing, this is that sort of thing all over again.",The movie is a work of a movie that's a little too far into the subject.,"The movie is a good example of the way to tell its story, but it's a movie that has a lot more potential to be a movie than it is.",False
800,Anemic chronicle of money grubbing New Yorkers and their serial loveless hook ups.,"The movie is a comedy, but it's a bit too far, and it's also a bit predictable.","John Fitzgerald Kennedy (July 18, 1887 - April 5, 1953) was an American film director, and was the founder of the popular American sitcom The Simpsons.",False
801,"Lift, the mother of Danny DeVito's character in her Academy Award nominated performance in Throw Momma from the Train.","In the 1950 film, The Godfather, was nominated for the Academy Award for Best Supporting Actress in the Best Supporting Actor.","He was born in St. Germain, New York, and was educated at the University of Pennsylvania, where he was a member of the faculty of the Yale School.",False
802,"Rather than retire, Adams would go on to win election as a Democratic-Republican to the House of Representatives beginning with the 22nd Congress, serving from March 4, 1831, until his death.","John Fitzgerald Kennedy (January 30, 18, 1876 - January 30, 1974) was a Republican politician who was the Governor of the state of California from 1974 to 1978.","He was born in New York City, where he was educated until 1835.",False
803,She was the fifth of nine children.,He was educated at Marbury School.,"John Fitzgerald Kennedy (February 12, 18, 1932) was an American film actor.",False
804,A strangely compelling and brilliantly acted psychological drama.,"The film's best, if it's not a great one, is a work of art.","He was born in St. Germain, New York, in 1876.",False
805,Distinctly sub-par... more likely to drown a viewer in boredom than to send any shivers down his spine.,The film's most enduring and most affecting is its title.,"In the 1950 film, The Godfather, was nominated for the Academy Award for Best Supporting Actress in the Best Supporting Actor.",False
806,These events soon led to the American Civil War.,He is married to actress Kristina Lloyd-Joyner.,"He was born in St. Germain, New York, in 1887.",False
807,"Marvin graduated from Woodberry Forest School in 1975, and spent most summers and holidays at the sprawling family estate, the Bush Compound.","After attending the University of California, Los Angeles, he attended the University's Law School, where he graduated in 1953.","He was elected to the House of Representatives as a Democrat and served until January of 1876 until January 18, 1877.",False
808,"In between his sea voyages, Kerouac stayed in New York with friends from Fordham.","He was born in New York City, where he was educated until 1835.","In 1876, the United Nations Commission on Human Rights was established in New York City.",False
809,What a great shame that such a talented director as Chen Kaige has chosen to make his English-language debut with a film so poorly plotted and scripted.,The movie is a good example of the power of a movie that has a certain charm and a certain level of sophistication to it.,The film's most enduring and most affecting is its title.,False
810,"Miguel Ferrer (born February 7, 1955 in Santa Monica, California) is a Puerto Rican-American actor who is often cast in movies as a villain.","John Fitzgerald Kennedy (July 18, 1887 - April 5, 1953) was an American film director, and was the founder of the popular American sitcom The Simpsons.","The film's best, if it's not a great one, is a work of art.",False
811,... something appears to have been lost in the translation this time.,"A work of art, and a work of stunning, is a work.","A work of art, and a work of stunning, is a work.",True
812,"Rather than retire, Adams would go on to win election as a Democratic-Republican to the House of Representatives beginning with the 22nd Congress, serving from March 4, 1831, until his death.","He was born in St. Germain, Missouri, and was a member of the United States Army until 1876, and served until 1877 until the United Nations.","He was born in New York City, and was educated at the University of Pennsylvania.",False
813,"Although Adams lost in both the popular and electoral votes in the Presidential election of 1824, none of the candidates were able to secure a majority of the electoral vote, thereby putting the outcome in the hands of the House of Representatives, which to the surprise of many elected Adams over rival Andrew Jackson.","He was born in St. Germain, New York, and was educated at the University of Pennsylvania, where he was a member of the faculty of the Yale School.","The movie is a bit too long, but it's a good one, one that has a lot to offer its audience.",False
814,"Even as I valiantly struggled to remain interested, or at least conscious, I could feel my eyelids... getting... very... heavy...",The film is a work of a great director who has a great sense of the characters and the story.,"He was born in St. Germain, Missouri, and was a member of the United States Army until 1876, and served until 1877 until the United Nations.",False
815,His work dealt largely with the poor urban black and mulatto communities of Bahia.,"He was born in New York City to a small farm in the city of Long Island, where he was educated until 1838.","He was born in St. Germain, Missouri, and was educated at the University of Missouri.",False
816,"Cheney grew up in Casper, Wyoming, and met his high-school sweetheart and future wife, Lynne Vincent, at age fourteen.",He was married to actress Marlene Harris for five years.,"He was born in New York City to a small farm in the city of Long Island, where he was educated until 1838.",False
817,His ancestor Johann Valentin Pressler emigrated to North America in 1710.,"He was born in New York City, and was educated at the University of Pennsylvania.",The movie is a good example of the power of a movie that has a certain charm and a certain level of sophistication to it.,False
818,He was one of the founder members of the Lunar Society.,He graduated from Dartmouth College in 1876 and was a member of the Yale Divinity School.,"The movie, if it's a little too long, is a masterpiece of a movie that will appeal to a younger audience.",False
819,"Robert Henry Dee (born May 18, 1933 in Quincy, Massachusetts) is a former three-sport letterman at Holy Cross College who was one of the first players signed by the Boston Patriots in 1960.","He was elected to the House of Representatives as a Democrat and served until January of 1876 until January 18, 1877.",He was married to actress Marlene Harris for five years.,False
820,He was the first American to win a Nobel Prize in any category.,He was awarded the Presidential Medal of Freedom in 1998.,He was a member of the New York City staff of the University of Pennsylvania from 1975 until 1979.,False
821,"Rather than retire, Adams would go on to win election as a Democratic-Republican to the House of Representatives beginning with the 22nd Congress, serving from March 4, 1831, until his death.",He was elected to the House of Representatives in the Democratic Party in the House from New York.,He was elected to the House of Representatives in the Democratic Party in the House from New York.,True
822,"Robert Henry Dee (born May 18, 1933 in Quincy, Massachusetts) is a former three-sport letterman at Holy Cross College who was one of the first players signed by the Boston Patriots in 1960.","He was born in St. Germain, New York, in 1876 to the United States Marines as a second lieutenant in the Army.","In 1876, he joined the University of Pennsylvania and earned a Juris Doctor.",False
823,"Despite his father's opposition to him having a foreign-born wife, Adams wed Louisa Johnson in 1797.",He was a member of the New York City staff of the University of Pennsylvania from 1975 until 1979.,He is married to actress Kristina Lloyd-Joyner.,False
824,"John William Coltrane (September 23, 1926 - July 17, 1967) was an American jazz saxophonist and composer.","John Fitzgerald Kennedy (February 12, 18, 1932) was an American film actor.",He graduated from Dartmouth College in 1876 and was a member of the Yale Divinity School.,False
825,Then he went on to a public grammar school for three years.,"He was born in St. Germain, New York, in 1887.",The film is a work of a great director who has a great sense of the characters and the story.,False
826,Adams received one electoral vote in the presidential election of 1820.,"He was born in St. Germain, Missouri, and was educated at the University of Missouri.",He was educated at Marbury School.,False
827,"John Drew Barrymore, also known as John Barrymore, Jr., (June 4, 1929 - November 29, 2004) was an actor, one of The Barrymores, a family of actors that included his father, John Barrymore, and his father's siblings, his uncle Lionel and his aunt Ethel.","He was born in St. Germain, New York, in 1876.",He was awarded the Presidential Medal of Freedom in 1998.,False
828,"After this initial success, Ford left Edison Illuminating and, with other investors, formed the Detroit Automobile Company.","In 1876, the United Nations Commission on Human Rights was established in New York City.","He was born in St. Germain, New York, in 1876 to the United States Marines as a second lieutenant in the Army.",False
829,The film serves as a valuable time capsule to remind us of the devastating horror suffered by an entire people.,"The movie, if it's a little too long, is a masterpiece of a movie that will appeal to a younger audience.","After attending the University of California, Los Angeles, he attended the University's Law School, where he graduated in 1953.",False
830,"Despite his father's opposition to him having a foreign-born wife, Adams wed Louisa Johnson in 1797.","In 1876, he joined the University of Pennsylvania and earned a Juris Doctor.","John Fitzgerald Kennedy (January 30, 18, 1876 - January 30, 1974) was a Republican politician who was the Governor of the state of California from 1974 to 1978.",False
831,"In XXX, Diesel is that rare creature -- an action hero with table manners, and one who proves that elegance is more than tattoo deep.","The movie is a bit too long, but it's a good one, one that has a lot to offer its audience.","The movie is a comedy, but it's a bit too far, and it's also a bit predictable.",False
832,"You come away wishing, though, that the movie spent a lot less time trying to make a credible case for reports from the afterlife and a lot more time on the romantic urgency that's at the center of the story.","The movie is a great example of the way the film is made, and the way it's presented, and it's a wonder why it's so popular.","In 1876, he was elected to the United States House of Representatives as a Democrat.",False
833,"So young, so smart, such talent, such a wise ***.","The film's a work of the usual suspects, but it's also a bit dated.","The movie is a little too far into the movie, but it's a good one with a lot more depth.",False
834,He had an elder brother named Emmet Olson.,"He was born in St. George, New York, and was educated at the University of Pennsylvania.","In the meantime, the American version of The Conversation is a popular American comedy series.",False
835,"Bill ""Billy"" Boucher (b. November 10, 1899 in Ottawa, Ontario, Canada, died November 10, 1958) was a Canadian professional ice hockey rightwinger who played in the National Hockey League for the Montreal Canadiens, Boston Bruins and New York Americans.",He is currently the chairman of the American Enterprise Institute (now the University of California) and is a former United States Secretary of Defense.,"The movie is a great example of the way the film is made, and the way it's presented, and it's a wonder why it's so popular.",False
836,"As a girl-meets-girl romantic comedy, Kissing Jessica Steinis quirky, charming and often hilarious.","The film's a bit too far, and it's a little too far from its original.",He is a member of the Democratic Party and is a former United States Secretary of the House of Representatives.,False
837,"Parker should be commended for taking a fresh approach to familiar material, but his determination to remain true to the original text leads him to adopt a somewhat mannered tone... that ultimately dulls the human tragedy at the story's core.",It's a work of art.,He was educated at the University of Pennsylvania and then joined the Army until 1835.,False
838,"During this period, he personally drove his Quadricycle to victory in a race against Alexander Winton, a well-known driver and the heavy favorite on October 10, 1901.","In 1894, he was a member of the founding of the Continental Army, and was one of the first members of the Army.","He was born in St. Germain, Missouri, and was educated at the University of Missouri.",False
839,"Like the best of Godard's movies... it is visually ravishing, penetrating, impenetrable.","It's a good film, but it's not as good as it's made.","He was born in St. Germain, France, in 1876 to the Rev. Martin Luther King, Jr.",False
840,"He remained in Hollywood for the duration of the war, attaining the rank of captain.","John Fitzgerald Kennedy (born February 18, 18, in Boston) was a United States House of Representatives from New York.","He married to actress Married to actress Rosemary Clooney in 1975, and they had three children.",False
841,"He remained in Hollywood for the duration of the war, attaining the rank of captain.","In 1876, he was elected to the United States House of Representatives as a Democrat.","It's a good film, but it's not as good as it's made.",False
842,"Lift, the mother of Danny DeVito's character in her Academy Award nominated performance in Throw Momma from the Train.","In 1894, he was awarded the Academy Award for Physics for Physics, for Physics and for Physics in Physics, Physics, and Physics"".","John Fitzgerald Kennedy (born February 18, 18, in Boston) was a United States House of Representatives from New York.",False
843,The quirky drama touches the heart and the funnybone thanks to the energetic and always surprising performance by Rachel Griffiths.,"The movie is a little too far into the movie, but it's a good one with a lot more depth.","The film's a bit too far, and it's a little too far from its original.",False
844,"He was born near at Elston Hall near Nottingham, and educated at Chesterfield School then later at St. John's College, Cambridge.","He graduated from the University of California, San Francisco in 1876 and was ordained in 1887.","In 1894, he was a member of the founding of the Continental Army, and was one of the first members of the Army.",False
845,"John William Coltrane (September 23, 1926 - July 17, 1967) was an American jazz saxophonist and composer.","John Fitzgerald Kennedy (born April 12, 18, 1887) was a British mathematician, journalist, and author.",He was awarded the Presidential Medal of Freedom in recognition of his services to the United States in the United Nations in the 1940s.,False
846,President Clinton awarded him the Presidential Medal of Freedom in early 1997 for his service in the military and his political career.,He was awarded the Presidential Medal of Freedom in recognition of his services to the United States in the United Nations in the 1940s.,"He married to his second wife, Barbara, in 1948.",False
847,These events soon led to the American Civil War.,"He married to his second wife, Barbara, in 1948.",He graduated from Dartmouth College in 1953 and earned a Bachelor of Arts from Dartmouth.,False
848,"In 1983, Miguel was given a small part as a waiter in the movie The Man Who Wasn't There.","He was born in St. Germain, France, in 1876 to the Rev. Martin Luther King, Jr.",He is currently the chairman of the American Enterprise Institute (now the University of California) and is a former United States Secretary of Defense.,False
849,"He graduated from Princeton University in 1952, and attended Harvard University in 1954-55.",He graduated from Dartmouth College in 1953 and earned a Bachelor of Arts from Dartmouth.,The movie is a work of a movie that's a work.,False
850,These events soon led to the American Civil War.,"He married to his second wife, Barbara, in 1827.","The film's a little too far into the story, but it's a good one that's a lot more than that.",False
851,"Rosemary, Betty, and brother, Nick, as well as her nephew, George Clooney (Nick's son), all became entertainers.","In 18, he was a member of the founding of the United States Rubber Company.","In 1894, he was awarded the Academy Award for Physics for Physics, for Physics and for Physics in Physics, Physics, and Physics"".",False
852,"Hutchinson emigrated from England to Massachusetts in 1634, in response to the preacher John Cotton's doing so.","He was born in St. Germain, Missouri, and was educated at the University of Missouri.","He married to his second wife, Barbara, in 1827.",False
853,"What makes How I Killed My Father compelling, besides its terrific performances, is Fontaine's willingness to wander into the dark areas of parent-child relationships without flinching.","The film's a little too far into the story, but it's a good one that's a lot more than that.","The movie is a work of art, and it's a masterpiece.",False
854,"Hutchinson emigrated from England to Massachusetts in 1634, in response to the preacher John Cotton's doing so.","In the meantime, the American version of The Conversation is a popular American comedy series.","He graduated from the University of California, San Francisco in 1876 and was ordained in 1887.",False
855,... something appears to have been lost in the translation this time.,"The movie is a work of art, and it's a masterpiece.","He was born in St. George, New York, and was educated at the University of Pennsylvania.",False
856,"Cheney grew up in Casper, Wyoming, and met his high-school sweetheart and future wife, Lynne Vincent, at age fourteen.","He married to actress Married to actress Rosemary Clooney in 1975, and they had three children.","He graduated from the University of California, Berkeley in 1876, and was a member of the United States House of Representatives.",False
857,Benjamin Everett Jordan (8 September 1896 - 15 March 1974) was a Democratic U.S. senator from the state of North Carolina between 1958 and 1973.,He is a member of the Democratic Party and is a former United States Secretary of the House of Representatives.,"He was born in New York City in 1839 and moved to the city of St. Louis, Missouri, in 1848.",False
858,"Frank Durward White (June 4, 1933 - May 21, 2003) was the Republican governor of the U.S. state of Arkansas from 1981 to 1983.","He graduated from the University of California, Berkeley in 1876, and was a member of the United States House of Representatives.","In 18, he was a member of the founding of the United States Rubber Company.",False
859,"The family was Jewish (non-observant); Albert attended a Catholic elementary school and, at the insistence of his mother, was given violin lessons.","He was born in St. Germain, Missouri, and graduated from the University of Missouri in 1876.","John Fitzgerald Kennedy (born April 12, 18, 1887) was a British mathematician, journalist, and author.",False
860,"Dole has worked part-time for a Washington, DC, law firm, and engaged in a career of writing, consulting, public speaking, and television appearances.","He was born in New York City in 1839 and moved to the city of St. Louis, Missouri, in 1848.","The film's a work of the usual suspects, but it's also a bit dated.",False
861,"Marvin graduated from Woodberry Forest School in 1975, and spent most summers and holidays at the sprawling family estate, the Bush Compound.",He was educated at the University of Pennsylvania and then joined the Army until 1835.,"He was born in St. Germain, France, in 1876 and was educated at the University of California, Berkeley, where he was a student.",False
862,... something appears to have been lost in the translation this time.,The movie is a work of a movie that's a work.,"He was born in St. Germain, Missouri, and graduated from the University of Missouri in 1876.",False
863,"Miguel Ferrer (born February 7, 1955 in Santa Monica, California) is a Puerto Rican-American actor who is often cast in movies as a villain.","He was born in St. Germain, France, in 1876 and was educated at the University of California, Berkeley, where he was a student.",It's a work of art.,False
864,This led to his being hired by Westinghouse company to service their steam engines.,He was awarded the Presidential Medal of Freedom in Physics in Physics.,"He married to his wife, Barbara, in 1804.",False
865,She was the fifth of nine children.,He graduated from Dartmouth College in 1953 and earned a Bachelor of Arts from Dartmouth in 1953.,"In 1876, he founded the founding of the Standard Oil Company, which later became Standard Oil.",False
866,"He graduated from Princeton University in 1952, and attended Harvard University in 1954-55.",He graduated from Dartmouth College in 1953 and earned a Bachelor of Arts from Dartmouth in 1953.,"A work of art, but it's a work of a film that's a little too long.",False
867,He was then hired by the legal department of CBS subsidiary Columbia Records.,He was a member of the United States Marines from the rank of Captain.,"In 1876, he founded the Henry Ford Co., founded the Ford Motor Company, and was instrumental in founding the Ford Foundation.",False
868,"Cheney grew up in Casper, Wyoming, and met his high-school sweetheart and future wife, Lynne Vincent, at age fourteen.",He was educated at the University of Pennsylvania and then joined the Army until 1839.He was a soldier until 1848.,It's a work of a film that's a little too much.,False
869,"Lawford became an American citizen in 1960, in time to vote for his brother-in-law John F. Kennedy.","John Fitzgerald Kennedy (February 12, 18, 1902) was an American actress.","John Fitzgerald Kennedy (born May 18, 18, in St. John, New York) was an American politician most known for his role in the Democratic Party.",False
870,"After this initial success, Ford left Edison Illuminating and, with other investors, formed the Detroit Automobile Company.","In 1876, he founded the Henry Ford Co., founded the Ford Motor Company, and was instrumental in founding the Ford Foundation.","He graduated from the University of California, in 1876, and earned a Bachelor of Arts from Dartmouth College in 1875.",False
871,Distinctly sub-par... more likely to drown a viewer in boredom than to send any shivers down his spine.,"It's a work of art, but it's not pretty.",He graduated from Dartmouth College in 1953 and earned a Bachelor of Arts from Dartmouth in 1953.,False
872,"His employment by the General Electric company further enhanced his political image; he travelled widely as a GE spokesman, and was noted for his anti-Communist speeches.","He was educated at the University of California, where he graduated from Yale Law School.",The movie is a work of a movie that's a lot likeable characters.,False
873,"The family was Jewish (non-observant); Albert attended a Catholic elementary school and, at the insistence of his mother, was given violin lessons.",He graduated from the University of Pennsylvania in 1876 and earned a Bachelor of Arts in economics from Dartmouth College.,He was a member of the United States Marines from the rank of Captain.,False
874,"His father-in-law, George Herbert Walker, and Walker's partner, Averell Harriman, brought him on as an officer in their investment banking firm, W. A. Harriman and Company in 1926.","He was born in New York City to William and Mary Kennedy, and was educated at the University of Pennsylvania, where he was a member of the Yale Law School.",He was awarded the Presidential Medal of Freedom in Physics in Physics.,False
875,"The family was Jewish (non-observant); Albert attended a Catholic elementary school and, at the insistence of his mother, was given violin lessons.","He graduated from the University of California, in 1876, and earned a Bachelor of Arts from Dartmouth College in 1875.",He was a member of the House of Representatives from 1974 until 1977 until 1979.,False
876,"Bill ""Billy"" Boucher (b. November 10, 1899 in Ottawa, Ontario, Canada, died November 10, 1958) was a Canadian professional ice hockey rightwinger who played in the National Hockey League for the Montreal Canadiens, Boston Bruins and New York Americans.","John Fitzgerald Kennedy (May 23, 1887 - January 5, 2003) was an American politician, and was the Democratic Party and member of the House of Representatives from New York.","In 1876, he was commissioned by the United States Marine Corps, and was a member of the Army Air Forces.",False
877,The quirky drama touches the heart and the funnybone thanks to the energetic and always surprising performance by Rachel Griffiths.,"A work of art, but it's a work of a film that's a little too long.","In 1894, he was elected to the United States House of Representatives and served until the Senate.",False
878,"The delicious trimmings... arrive early and stay late, filling nearly every minute... with a lighthearted glow, some impudent snickers, and a glorious dose of humankind's liberating ability to triumph over a Scrooge or two.","The film's a great example of the power of a man who has been cast as the man who wrote it, is a marvel of the modern era of cinema.",He graduated from the University of Notre Dame in 1953.,False
879,Anemic chronicle of money grubbing New Yorkers and their serial loveless hook ups.,The movie is a work of a movie that's a lot likeable characters.,"The movie is a marvel of the artifice of a movie that, while it's a marvel, is also a work of art.",False
880,"Viewed as a comedy, a romance, a fairy tale, or a drama, there's nothing remotely triumphant about this motion picture.",It's a work of a film that's a little too much.,He graduated from the University of Pennsylvania in 1876 and earned a Bachelor of Arts in economics from Dartmouth College.,False
881,"John William Coltrane (September 23, 1926 - July 17, 1967) was an American jazz saxophonist and composer.","He was born in St. Louis, Missouri, in 1876 to the late William.","John Fitzgerald Kennedy (February 12, 18, 1902) was an American actress.",False
882,He was one of the founder members of the Lunar Society.,He graduated from Dartmouth College in 1892.,"It's a work of art, but it's not pretty.",False
883,"Cheney grew up in Casper, Wyoming, and met his high-school sweetheart and future wife, Lynne Vincent, at age fourteen.","John Fitzgerald Kennedy (born May 18, 18, in St. John, New York) was an American politician most known for his role in the Democratic Party.","It's a strange way to be a movie, but it's a good one.",False
884,"While it regards 1967 as the key turning point of the 20th century, and returns again and again to images of dissidents in the streets, it's alarmingly current.","The movie is a marvel of the artifice of a movie that, while it's a marvel, is also a work of art.",He was awarded the Presidential Medal of Freedom in recognition of his services to the United States.,False
885,"Despite his father's opposition to him having a foreign-born wife, Adams wed Louisa Johnson in 1797.","In 1894, he was elected to the United States House of Representatives and served until the Senate.","He was born in St. Louis, Missouri, in 1876 to the late William.",False
886,On 28 February 1934 he and Anthony Fokker each received an excessive half a million dollars for selling fifty military planes to the Soviet government.,"In 1876, he was commissioned by the United States Marine Corps, and was a member of the Army Air Forces.","He was born in New York City to William and Mary Kennedy, and was educated at the University of Pennsylvania, where he was a member of the Yale Law School.",False
887,He also starred in the mini series The Stand.,"He married to his wife, Barbara, in 1804.",He was educated at the University of Pennsylvania and then joined the Army until 1839.He was a soldier until 1848.,False
888,"While it regards 1967 as the key turning point of the 20th century, and returns again and again to images of dissidents in the streets, it's alarmingly current.","The movie is a little too far into the story, but it's a movie that has a lot more depth to it.","He was educated at the University of California, where he graduated from Yale Law School.",False
889,"So young, so smart, such talent, such a wise ***.","The film's a work of art, but it's a bit too far.",He graduated from Dartmouth College in 1892.,False
890,"Despite his father's opposition to him having a foreign-born wife, Adams wed Louisa Johnson in 1797.",He was a member of the House of Representatives from 1974 until 1977 until 1979.,He graduated from Dartmouth College in 1953 and earned a Bachelor of Arts from Dartmouth in 1953.,False
891,"A lousy movie that's not merely unwatchable, but also unlistenable.","It's a strange way to be a movie, but it's a good one.",He attended the University of Wisconsin-Milwaukee in the spring of 1943 and earned a Bachelor of Arts from the University.,False
892,"He was elected the Natrona County High School senior class president, represented the school at Boys State, and played halfback on the football team.",He attended the University of Wisconsin-Milwaukee in the spring of 1943 and earned a Bachelor of Arts from the University.,"John Fitzgerald Kennedy (May 23, 1887 - January 5, 2003) was an American politician, and was the Democratic Party and member of the House of Representatives from New York.",False
893,"He graduated from Princeton University in 1952, and attended Harvard University in 1954-55.",He graduated from the University of Notre Dame in 1953.,"The film's a great example of the power of a man who has been cast as the man who wrote it, is a marvel of the modern era of cinema.",False
894,"Lift, the mother of Danny DeVito's character in her Academy Award nominated performance in Throw Momma from the Train.",He was awarded the Presidential Medal of Freedom in recognition of his services to the United States.,"The movie is a little too far into the story, but it's a movie that has a lot more depth to it.",False
895,He was the founder and first president of the Naval War College between 1884 and 1886.,"In 1876, he founded the founding of the Standard Oil Company, which later became Standard Oil.","The film's a work of art, but it's a bit too far.",False
896,His ancestor Johann Valentin Pressler emigrated to North America in 1710.,He was a member of the United States House of Representatives from 1993 until 1995.,He was a member of the New York City Opera and a member the New Jersey firm of Brown Brothers Harriman.,False
897,"His father-in-law, George Herbert Walker, and Walker's partner, Averell Harriman, brought him on as an officer in their investment banking firm, W. A. Harriman and Company in 1926.","In 1894, he was sent to the University of California, Los Angeles, where he earned a Bachelor of Arts from the University.","In 1876, he was born in New York City to the late William and Mary.",False
898,The film is so bad it doesn't improve upon the experience of staring at a blank screen.,The movie is a work of a movie that's a lot like The Silence of the Lambs.,"A work of a compelling, if not downright depressing.",False
899,"In between his sea voyages, Kerouac stayed in New York with friends from Fordham.","He was born in St. Louis, Missouri, and was educated at the University of Missouri.","A work of art, and a work of quality, is a work.",False
900,Burroughs graduated from Harvard University in 1936.,He graduated from Dartmouth College in 1953.,He graduated from Dartmouth College in 1876 and earned a Bachelor of Arts from Dartmouth in 1892.,False
901,He was first appointed to fill the Senate seat of Ernest Lundeen who had died in office.,"He served as the United States Secretary of the Army from 1876 until January 18, 1892.","He was born in St. Germain, France, in 1887, and was educated at the University of Paris, France from 1805 until 1828, where he was a pupil of Charles Darwin, and later of Charles Francis, the latter of",False
902,"John William Coltrane (September 23, 1926 - July 17, 1967) was an American jazz saxophonist and composer.","John Fitzgerald Kennedy (May 30, 1887 - April 5, 1989) was a British writer.","In 1894, he was commissioned by the United States Rubber Company as a general contractor and was a founding member of the company.",False
903,"Viewed as a comedy, a romance, a fairy tale, or a drama, there's nothing remotely triumphant about this motion picture.","The movie is a good example of the power of a compelling story in a compelling, if somewhat pretentious, way to tell it.","John Fitzgerald Kennedy (May 30, 1887 - April 5, 1989) was a British writer.",False
904,It's anchored by splendid performances from an honored screen veteran and a sparkling newcomer who instantly transform themselves into a believable mother/daughter pair.,"The film's a stunning fusion of the original and the original, and the best of both are the original's.",He was awarded the Presidential Medal of Freedom in the United States in 1998 for his role in the World War II.,False
905,"Albert Einstein (March 14, 1879 - April 18, 1955) was a German-born Jewish theoretical physicist of German, Swiss and American citizenship, who is widely regarded as the greatest scientist of the 20th century or even of all time, ranking alongside the luminaries Newton and Gauss.","He was born in St. Germain, France, in 1887, and was educated at the University of Paris, France from 1805 until 1828, where he was a pupil of Charles Darwin, and later of Charles Francis, the latter of",He was educated at the University of Pennsylvania and earned a Bachelor of Arts.,False
906,The sort of movie that gives tastelessness a bad rap.,"A work of a compelling, if not downright depressing.","In 1894, he was sent to the University of California, Los Angeles, where he earned a Bachelor of Arts from the University.",False
907,"Ulysses S. Grant (April 27, 1822 - July 23, 1885) was the 18th President of the United States (1869 - 1877).",He served as a United States Secretary of the House of Representatives from 1993 until 1999.,"In 1876, he founded the American Century.",False
908,"In between his sea voyages, Kerouac stayed in New York with friends from Fordham.",He was educated at the University of Pennsylvania in Philadelphia.,"In recognition of her role in the Oscar-winning film, The Godfather, The Fellowship, and for her role as the United Nations, she was awarded the Presidential Medal of Freedom.",False
909,Distinctly sub-par... more likely to drown a viewer in boredom than to send any shivers down his spine.,"The film's so well-acted and well-directed, it's a wonder why anyone would care about it.","The film's so well-acted and well-directed, it's a wonder why anyone would care about it.",True
910,"Lawford became an American citizen in 1960, in time to vote for his brother-in-law John F. Kennedy.","John Fitzgerald Kennedy (born August 12, 18, in San Juan, California) was an American film actor.","He was born in St. Louis, Missouri, and was educated at the University of Missouri.",False
911,"Beautifully crafted, engaging filmmaking that should attract upscale audiences hungry for quality and a nostalgic, twisty yarn that will keep them guessing.",The movie is a good example of the power of a movie that has been made in a way that is both entertaining and heartfelt.,"The film's a stunning fusion of the original and the original, and the best of both are the original's.",False
912,"Rosemary, Betty, and brother, Nick, as well as her nephew, George Clooney (Nick's son), all became entertainers.","In 1876, he was born in New York City to the late William and Mary.",He was a member of the United States House of Representatives from 1993 until 1995.,False
913,"During this period, he personally drove his Quadricycle to victory in a race against Alexander Winton, a well-known driver and the heavy favorite on October 10, 1901.","In 1894, he was commissioned by the United States Rubber Company as a general contractor and was a founding member of the company.","He was born in St. Germain, France, in 1887 to Anne Hutchinson, and died in 1894.",False
914,This led to his being hired by Westinghouse company to service their steam engines.,He was awarded the Presidential Medal of Freedom in the United States in 1998 for his role in the World War II.,"He served as the United States Secretary of the Army from 1876 until January 18, 1892.",False
915,In 1902 Geiger began to study physics and mathematics in Erlangen and later attained a doctorate in 1906.,He graduated from Dartmouth College in 1876 and earned a Bachelor of Arts from Dartmouth in 1887.,"He was born in New York City in 1835 and moved to the city of Long Island, New York.",False
916,"A lousy movie that's not merely unwatchable, but also unlistenable.","A work of art, and a work of quality, is a work.","Sir Henry Ford was the first United States Secretary of Defense, and was the second son of the late George W. Bush, and the third son of George W., and the first wife of the first of the United States.",False
917,Adams received one electoral vote in the presidential election of 1820.,He was educated at the University of Pennsylvania and earned a Bachelor of Arts.,He served as a United States Secretary of the House of Representatives from 1993 until 1999.,False
918,He was then hired by the legal department of CBS subsidiary Columbia Records.,He was educated at the University of Pennsylvania.,He graduated from Dartmouth College in 1953.,False
919,"He graduated from Princeton University in 1952, and attended Harvard University in 1954-55.",He graduated from Dartmouth College in 1876 and earned a Bachelor of Arts from Dartmouth in 1892.,He graduated from Dartmouth College in New York in 1876.,False
920,"He graduated from Princeton University in 1952, and attended Harvard University in 1954-55.",He graduated from Dartmouth College in New York in 1876.,He was educated at the University of Pennsylvania.,False
921,"After this initial success, Ford left Edison Illuminating and, with other investors, formed the Detroit Automobile Company.","In 1876, he was a founding member of the United Nations and was a member of Parliament.","In 1876, he was a founding member of the United Nations and was a member of Parliament.",True
922,"Hodgkin and Huxley shared the prize that year with John Carew Eccles, who was cited for research on synapses.","He was born in St. Germain, France, in 1887 to Anne Hutchinson, and died in 1894.","The movie is a good example of the power of a compelling story in a compelling, if somewhat pretentious, way to tell it.",False
923,President Clinton awarded him the Presidential Medal of Freedom in early 1997 for his service in the military and his political career.,"In recognition of her role in the Oscar-winning film, The Godfather, The Fellowship, and for her role as the United Nations, she was awarded the Presidential Medal of Freedom.",The movie is a work of a movie that's a lot like The Silence of the Lambs.,False
924,"Eventually, the band settled on Chad Channing, with whom the band recorded the album Bleach, released on Sub Pop Records in 1989.",He was a member of the New York City Opera and a member the New Jersey firm of Brown Brothers Harriman.,He was educated at the University of Pennsylvania in Philadelphia.,False
925,"Albert Einstein (March 14, 1879 - April 18, 1955) was a German-born Jewish theoretical physicist of German, Swiss and American citizenship, who is widely regarded as the greatest scientist of the 20th century or even of all time, ranking alongside the luminaries Newton and Gauss.","Sir Henry Ford was the first United States Secretary of Defense, and was the second son of the late George W. Bush, and the third son of George W., and the first wife of the first of the United States.",The movie is a good example of the power of a movie that has been made in a way that is both entertaining and heartfelt.,False
926,"Cheney grew up in Casper, Wyoming, and met his high-school sweetheart and future wife, Lynne Vincent, at age fourteen.","He was born in New York City in 1835 and moved to the city of Long Island, New York.",He graduated from Dartmouth College in 1876 and earned a Bachelor of Arts from Dartmouth in 1887.,False
927,"He attended secondary school (Volksschule), and learned the trade of a joiner.","In 1876, he founded the American Century.","John Fitzgerald Kennedy (born August 12, 18, in San Juan, California) was an American film actor.",False
928,"His employment by the General Electric company further enhanced his political image; he travelled widely as a GE spokesman, and was noted for his anti-Communist speeches.","In 1876, he became a member of the United States House of Representatives as a Democrat and then as a Republican from New York City) as a member and then a member","John Fitzgerald Kennedy (born February 18, 18, in St. Petersburg, Florida) was a United States politician.",False
929,"... creates a visceral sense of its characters' lives and conflicted emotions that carries it far above... what could have been a melodramatic, Lifetime Channel-style anthology.","The movie is a work of a movie that, while it's a little too far into the characters, is a decent one.","In 1876, he became a member of the United States House of Representatives as a Democrat and then as a Republican from New York City) as a member and then a member",False
930,"He was born near at Elston Hall near Nottingham, and educated at Chesterfield School then later at St. John's College, Cambridge.","John Fitzgerald Kennedy (January 18, 1887 - January 18, 1969) was an American film and television actor who starred in the films ""The Godfather"" and ""The Rock"" series.","The film's a good example of the way the film is told, and it's a great film.",False
931,He began to learn mathematics around age twelve.,He graduated from Dartmouth College in 1953.,"In 1894, he joined the Washington Post as a reporter for the Washington bureau, and then joined the New York City Post.",False
932,His gift of $5 million dollars helped found the Great Smoky Mountains National Park.,"John Fitzgerald Kennedy (born February 18, 1953) is an American film and television actor.",He married to actress Married to actress Rose Kennedy.,False
933,"Rather than retire, Adams would go on to win election as a Democratic-Republican to the House of Representatives beginning with the 22nd Congress, serving from March 4, 1831, until his death.",He was elected to the United States House of Representatives as a Democrat and was the first Republican to serve in the House of Commons.,"In 1876, he was awarded the United States Military Academy at West Point in the United Nations.",False
934,"During this time he worked on developing a federal system of roads, canals, bridges, lighthouses, and universities until Jackson, who defeated Adams in the latter's quest for re-election, was sworn in to replace him.","John Fitzgerald Kennedy (born April 18, 18, in St. Louis) was the first United States Secretary of Defense under George W. Bush.",The film's best performances are those that feature prominently in popular American comedy.,False
935,"His father-in-law, George Herbert Walker, and Walker's partner, Averell Harriman, brought him on as an officer in their investment banking firm, W. A. Harriman and Company in 1926.","He was educated at the University of California, San Francisco, and was a member of the United States House of Representatives.","John Fitzgerald Kennedy (May 18, 18, Dublin, 1876) was an American film actor and author.",False
936,He was first appointed to fill the Senate seat of Ernest Lundeen who had died in office.,The film's best performances are those that feature prominently in popular American comedy.,"He was born in Eureka, Illinois, and was educated at the University of Chicago, where he graduated from Eure, and later served as a lecturer.",False
937,His gift of $5 million dollars helped found the Great Smoky Mountains National Park.,"In 1876, he founded the New York City company, and in 1876 founded the Standard Oil Company.","The film's best is a solid, if not equally satisfying.",False
938,"Marvin graduated from Woodberry Forest School in 1975, and spent most summers and holidays at the sprawling family estate, the Bush Compound.",He graduated from the University of Pennsylvania with a Bachelor of Arts in economics in 1953 and a Juris Doctor in economics from Dartmouth College.,"The film's a bit too far into the story, but it's a good one that, while it's not a particularly compelling one, is one that will interest.",False
939,"Robert Henry Dee (born May 18, 1933 in Quincy, Massachusetts) is a former three-sport letterman at Holy Cross College who was one of the first players signed by the Boston Patriots in 1960.","He was born in New York City in 1835 to William and Mary Kennedy, and was educated at the University of Pennsylvania, where he was a general in the Economics and Political Science.","He was educated at the University of California, Berkeley.",False
940,"Marvin graduated from Woodberry Forest School in 1975, and spent most summers and holidays at the sprawling family estate, the Bush Compound.","He attended the University of California, where he earned a Bachelor of Arts in economics from Dartmouth College, and then enrolled at the University in economics.","The movie is a work of a movie that, while it's a little too far into the characters, is a decent one.",False
941,"Rather than retire, Adams would go on to win election as a Democratic-Republican to the House of Representatives beginning with the 22nd Congress, serving from March 4, 1831, until his death.","In 1876, he was elected to the House of Representatives as a Democrat and served until the Senate in the House.",The movie is a work of a movie that's a bit too far into the present.,False
942,Then he went on to a public grammar school for three years.,"John Fitzgerald Kennedy (born February 18, 18, in St. Petersburg, Florida) was a United States politician.","He was educated at the University of California, San Francisco, and was a member of the United States House of Representatives.",False
943,Anemic chronicle of money grubbing New Yorkers and their serial loveless hook ups.,The movie is a work of a movie that's a bit too far into the present.,"He was born in New York City in 1835 to William and Mary Kennedy, and was educated at the University of Pennsylvania, where he was a general in the Economics and Political Science.",False
944,"Marvin graduated from Woodberry Forest School in 1975, and spent most summers and holidays at the sprawling family estate, the Bush Compound.","After working for a few years, he was sent to work for the Army until he was forced to leave and then to the private sector.","In 1876, he was elected to the House of Representatives as a Democrat and served until the Senate in the House.",False
945,"Lawford became an American citizen in 1960, in time to vote for his brother-in-law John F. Kennedy.","John Fitzgerald Kennedy (May 18, 18, Dublin, 1876) was an American film actor and author.",The movie is a good example of the power of a family film.,False
946,"Cheney grew up in Casper, Wyoming, and met his high-school sweetheart and future wife, Lynne Vincent, at age fourteen.",He is currently a member of the management of the family's estate in New York City.,He was elected to the United States House of Representatives as a Democrat and was the first Republican to serve in the House of Commons.,False
947,"He attended secondary school (Volksschule), and learned the trade of a joiner.","In 1876, he founded the company, and in 1891, became the founding of the Standard Oil Company.",He graduated from Dartmouth College in 1953.,False
948,"She later moved yet further from her Boston-based persecutors, to what is now The Bronx in northern New York City.","He was born in St. Germain, France, in 1835 and was educated at the University of Pennsylvania.",He is currently a member of the management of the family's estate in New York City.,False
949,"His father-in-law, George Herbert Walker, and Walker's partner, Averell Harriman, brought him on as an officer in their investment banking firm, W. A. Harriman and Company in 1926.","In 1894, he joined the Washington Post as a reporter for the Washington bureau, and then joined the New York City Post.","John Fitzgerald Kennedy (born April 18, 18, in St. Louis) was the first United States Secretary of Defense under George W. Bush.",False
950,These events soon led to the American Civil War.,He married to actress Married to actress Rose Kennedy.,"He attended the University of California, where he earned a Bachelor of Arts in economics from Dartmouth College, and then enrolled at the University in economics.",False
951,"He was elected the Natrona County High School senior class president, represented the school at Boys State, and played halfback on the football team.",He graduated from Dartmouth College in 1876 and earned a Bachelor of Arts from Dartmouth.,"In 1876, he founded the company, and in 1891, became the founding of the Standard Oil Company.",False
952,"The Emperor's Club is one of those films that possesses all the good intentions in the world, but...","The film's a good example of the way the film is told, and it's a great film.","After working for a few years, he was sent to work for the Army until he was forced to leave and then to the private sector.",False
953,She was the fifth of nine children.,"He was educated at the University of California, Berkeley.","He was born in St. Germain, France, in 1835 and was educated at the University of Pennsylvania.",False
954,The film is so bad it doesn't improve upon the experience of staring at a blank screen.,The movie is a good example of the power of a family film.,"In 1876, he founded the New York City company, and in 1876 founded the Standard Oil Company.",False
955,President Clinton awarded him the Presidential Medal of Freedom in early 1997 for his service in the military and his political career.,"The film's best is a solid, if not equally satisfying.","The movie is a good example of how the film should be made, but it's a movie that's a lot more than that.",False
956,"Abram Joffe, a Soviet physicist who knew Einstein, in an obituary of Einstein, wrote, ""The author of [the papers of 1905] was ... a bureaucrat at the Patent Office in Bern, Einstein-Maria"" and this has recently been taken as evidence of a collaborative relationship.","He was born in Eureka, Illinois, and was educated at the University of Chicago, where he graduated from Eure, and later served as a lecturer.","John Fitzgerald Kennedy (January 18, 1887 - January 18, 1969) was an American film and television actor who starred in the films ""The Godfather"" and ""The Rock"" series.",False
957,"Marvin graduated from Woodberry Forest School in 1975, and spent most summers and holidays at the sprawling family estate, the Bush Compound.","In 1876, he was awarded the United States Military Academy at West Point in the United Nations.",He graduated from Dartmouth College in 1876 and earned a Bachelor of Arts from Dartmouth.,False
958,Steers has an unexpectedly adamant streak of warm-blooded empathy for all his disparate Manhattan denizens -- especially the a**holes.,"The movie is a good example of how the film should be made, but it's a movie that's a lot more than that.",He graduated from the University of Pennsylvania with a Bachelor of Arts in economics in 1953 and a Juris Doctor in economics from Dartmouth College.,False
959,"Bray is completely at sea; with nothing but a Savage Garden music video on his resume, he has no clue about making a movie.","The film's a bit too far into the story, but it's a good one that, while it's not a particularly compelling one, is one that will interest.","John Fitzgerald Kennedy (born February 18, 1953) is an American film and television actor.",False
960,"Shamelessly resorting to pee-related sight gags that might even cause Tom Green a grimace; still, Myer's energy and the silliness of it all eventually prevail.","The film's a stunning, if it's not a masterpiece, it's a movie that's both a wonder and a wonderous one.",He was elected to the House of Representatives as a Democrat and served until 1974.,False
961,"Bill ""Billy"" Boucher (b. November 10, 1899 in Ottawa, Ontario, Canada, died November 10, 1958) was a Canadian professional ice hockey rightwinger who played in the National Hockey League for the Montreal Canadiens, Boston Bruins and New York Americans.","John Fitzgerald Kennedy (May 23, 1887 - January 5, 1983) was an American politician who was the Governor of the state of New York from 1975 until 1979.","The film's a stunning, if it's not a masterpiece, it's a movie that's both a wonder and a wonderous one.",False
962,"Some say this was because of a bargain he struck with Henry Clay, which put Clay into office as his Secretary of State once Adams won.",He was elected to the House of Representatives as a Democrat and served until 1974.,"He was born in St. Germain, New York, and was educated at the University of Pennsylvania.",False
963,He was then hired by the legal department of CBS subsidiary Columbia Records.,He was elected to the House of Representatives in 1887.,"He was awarded the Presidential Medal of Freedom in Physics for Physics, Physics, and Chemistry in Physics, respectively, in Physics and Physics, for Physics.",False
964,"A first-class, thoroughly involving B movie that effectively combines two surefire, beloved genres -- the prison flick and the fight film.",The movie is a work of a movie that's a little too far into the present.,He married to actress Married to actress Laura D.,False
965,The second coming of Harry Potter is a film far superior to its predecessor.,"The film's best, if it's not a masterpiece, is a work of art.",The movie is a work of a movie that's a little too far into the present.,False
966,"Rather than retire, Adams would go on to win election as a Democratic-Republican to the House of Representatives beginning with the 22nd Congress, serving from March 4, 1831, until his death.","He was born in St. Germain, France, and was a member of the House of Representatives in the House and the Senate, and served until the Senate in the Senate of Representatives, and the House, respectively, during the latter's presidency.",He is a member of the House of Representatives from New York from 1974 to 1978.,False
967,He was one of the founder members of the Lunar Society.,"He graduated from the University of California, San Francisco in 1953.","He served as the United States Secretary of Defense under President James A. Wilson, and as a member of the House of Representatives from New York, and the Senate from New",False
968,Benjamin Everett Jordan (8 September 1896 - 15 March 1974) was a Democratic U.S. senator from the state of North Carolina between 1958 and 1973.,He is a member of the House of Representatives from New York from 1974 to 1978.,"He was awarded the Presidential Medal of Freedom in Physics for Physics, and was nominated for the Physics for the Best Supporting Actress in the Best Actress in a Supporting Actress for Best Supporting Actor in",False
969,The film is so bad it doesn't improve upon the experience of staring at a blank screen.,The film's a work of a movie that's a bit too far into the present.,He was born in New York City to parents of two children.,False
970,He began to learn mathematics around age twelve.,He graduated from Dartmouth College in 1876.,"He was born in St. Germain, France, in 1835, and was a member of the House of Representatives from 1848 to 1848.",False
971,"``My god, I'm behaving like an idiot!''",It's a strange way to spend a Saturday night.,A work of a work of art.,False
972,"The couple have four children: daughters Katherine and Christina, and sons Patrick and Christopher.",He married to actress Married to actress Rose Kennedy in 1952.,"In 1876, he was born in New York City to the late Robert A. Heinrich and his wife, Mary.",False
973,"Like the best of Godard's movies... it is visually ravishing, penetrating, impenetrable.","It's a work of art, but it's a bit too much.",He married to actress Laura D. Kennedy in 1953.,False
974,These events soon led to the American Civil War.,He married to actress Laura D. Kennedy in 1953.,"John Fitzgerald Kennedy (born February 18, 18, in San Juan, California) was a United States politician.",False
975,"Dole was twice decorated for heroic achievement, receiving two Purple Hearts for his injuries, and the Bronze Star Medal for his attempt to assist a downed radio man.","He was awarded the Presidential Medal of Freedom in Physics for Physics, Physics, and Chemistry in Physics, respectively, in Physics and Physics, for Physics.","He was born in St. Germain, France, and was a member of the House of Representatives in the House and the Senate, and served until the Senate in the Senate of Representatives, and the House, respectively, during the latter's presidency.",False
976,"Rosemary, Betty, and brother, Nick, as well as her nephew, George Clooney (Nick's son), all became entertainers.","In 1876, he was born in New York City to the late Robert A. Heinrich and his wife, Mary.","The movie's a work of a comedy, but it's also a bit too far.",False
977,"In between his sea voyages, Kerouac stayed in New York with friends from Fordham.",He was born in New York City to parents of two children.,He graduated from Dartmouth College in 1876.,False
978,"Cheney grew up in Casper, Wyoming, and met his high-school sweetheart and future wife, Lynne Vincent, at age fourteen.","He was born in St. Germain, New York, and was educated at the University of Pennsylvania.","John Fitzgerald Kennedy (born February 18, 18, in St. Louis) was a Republican politician.",False
979,He was one of the founder members of the Lunar Society.,"He was born in St. George, Missouri, and was educated at the University of Missouri.",He married to actress Married to actress Rose Kennedy in 1952.,False
980,"Viewed as a comedy, a romance, a fairy tale, or a drama, there's nothing remotely triumphant about this motion picture.","The movie's a work of a comedy, but it's also a bit too far.","John Fitzgerald Kennedy (May 23, 1887 - January 5, 1983) was an American politician who was the Governor of the state of New York from 1975 until 1979.",False
981,"Although Adams lost in both the popular and electoral votes in the Presidential election of 1824, none of the candidates were able to secure a majority of the electoral vote, thereby putting the outcome in the hands of the House of Representatives, which to the surprise of many elected Adams over rival Andrew Jackson.","He was born in St. Germain, France, in 1835, and was a member of the House of Representatives from 1848 to 1848.",He served as the first Governor of the United States from 1876 until his resignation in the United Nations.,False
982,The sort of movie that gives tastelessness a bad rap.,A work of a work of art.,"He graduated from the University of California, San Francisco in 1953.",False
983,"His father-in-law, George Herbert Walker, and Walker's partner, Averell Harriman, brought him on as an officer in their investment banking firm, W. A. Harriman and Company in 1926.","He served as the United States Secretary of Defense under President James A. Wilson, and as a member of the House of Representatives from New York, and the Senate from New",It's a strange way to spend a Saturday night.,False
984,He was one of the founder members of the Lunar Society.,"He was born in St. Louis, Missouri, in 1882.",The film's a work of a movie that's a bit too far into the present.,False
985,"Edric Frederick Gifford, 3rd Baron Gifford, VC (5 July 1849 - 5 June 1911) was an English recipient of the Victoria Cross, the highest and most prestigious award for gallantry in the face of the enemy that can be awarded to British and Commonwealth forces.","In recognition of his work in the field of Physics, and for his role in the creation of the Royal Society, he was awarded the Presidential Medal of Freedom in recognition of Physics"".","The film's best, if it's not a masterpiece, is a work of art.",False
986,"Bill ""Billy"" Boucher (b. November 10, 1899 in Ottawa, Ontario, Canada, died November 10, 1958) was a Canadian professional ice hockey rightwinger who played in the National Hockey League for the Montreal Canadiens, Boston Bruins and New York Americans.","John Fitzgerald Kennedy (May 23, 18, 1887 - January 3, 1970) was an American politician, and the longest serving Governor of the United States from 1975 to 1979), was an unsuccessful politician who served as the longestserving Governor of",He was elected to the House of Representatives in 1887.,False
987,"Dole was twice decorated for heroic achievement, receiving two Purple Hearts for his injuries, and the Bronze Star Medal for his attempt to assist a downed radio man.","He was awarded the Presidential Medal of Freedom in Physics for Physics, and was nominated for the Physics for the Best Supporting Actress in the Best Actress in a Supporting Actress for Best Supporting Actor in","John Fitzgerald Kennedy (May 23, 18, 1887 - January 3, 1970) was an American politician, and the longest serving Governor of the United States from 1975 to 1979), was an unsuccessful politician who served as the longestserving Governor of",False
988,"Frank Durward White (June 4, 1933 - May 21, 2003) was the Republican governor of the U.S. state of Arkansas from 1981 to 1983.","John Fitzgerald Kennedy (born February 18, 18, in St. Louis) was a Republican politician.","It's a work of art, but it's a bit too much.",False
989,Then he went on to a public grammar school for three years.,He served as the first Governor of the United States from 1876 until his resignation in the United Nations.,"He was born in St. Louis, Missouri, in 1882.",False
990,"On April 8, 1995 he married actress Patricia Arquette.",He married to actress Married to actress Laura D.,"He was born in St. George, Missouri, and was educated at the University of Missouri.",False
991,"John William Coltrane (September 23, 1926 - July 17, 1967) was an American jazz saxophonist and composer.","John Fitzgerald Kennedy (born February 18, 18, in San Juan, California) was a United States politician.","In recognition of his work in the field of Physics, and for his role in the creation of the Royal Society, he was awarded the Presidential Medal of Freedom in recognition of Physics"".",False
992,He was the founder and first president of the Naval War College between 1884 and 1886.,"In 1876, he was elected to the House of Representatives.","He was born in Mays, near the town of Stonyhurst, England, in 1835, was the son of the famous St. Clare of Canterbury, England; and was the grandson of the same author, who was the first of the Royal Astronomical",False
993,"Dole has worked part-time for a Washington, DC, law firm, and engaged in a career of writing, consulting, public speaking, and television appearances.","He was born in New York City, and moved to the city of Long Island, New York, in 1835.","He was born in St. Germain, New York, and was educated at the University of Pennsylvania, where he was the first of the faculty of philosophy, and later served as the first Governor of the University.",False
994,"As a girl-meets-girl romantic comedy, Kissing Jessica Steinis quirky, charming and often hilarious.","The film's best is a work of the director, who is also a popular American comedy special.",The film's a bit too far into the subject of the film's plot and the way it's a little too much for the average person to handle.,False
995,Steers has an unexpectedly adamant streak of warm-blooded empathy for all his disparate Manhattan denizens -- especially the a**holes.,"The movie is a work of the best American comedy, and it's a good example of how American comedy should be.","John Fitzgerald Kennedy (May 23, 18, 1887 - January 3, 1970) was an American politician, and was the Republican Party, and the Governor of the United States from 1975 to 1979, and of the Senate from the House of Representatives from the Democratic Party",False
996,"The delicious trimmings... arrive early and stay late, filling nearly every minute... with a lighthearted glow, some impudent snickers, and a glorious dose of humankind's liberating ability to triumph over a Scrooge or two.",The film's a great example of the power of a movie's best when it's a little too far into the story's plot holes.,He was a member of the Senate from New York from 1988 until his death.,False
997,"John William Coltrane (September 23, 1926 - July 17, 1967) was an American jazz saxophonist and composer.","He was elected to the United States House of Representatives as a Democrat from New York, and served until January of the United Nations.","John Fitzgerald Kennedy (May 18, 18, 17, 1876 - January 23, 1983) was an American politician, and a member of the House of Representatives from New York.",False
998,He was first appointed to fill the Senate seat of Ernest Lundeen who had died in office.,"He was born in St. Louis, Missouri.","John Fitzgerald Kennedy (born April 18, 18, in St. Louis) was an American politician who served as the United States Secretary of Defense.",False
999,"While serving abroad, he met Louisa Catherine Johnson, the daughter of an American merchant living abroad.","John Fitzgerald Kennedy (born April 18, 18, in St. Louis) was an American politician who served as the United States Secretary of Defense.","He was born in New York City, New York.",False
1000,"Abram Joffe, a Soviet physicist who knew Einstein, in an obituary of Einstein, wrote, ""The author of [the papers of 1905] was ... a bureaucrat at the Patent Office in Bern, Einstein-Maria"" and this has recently been taken as evidence of a collaborative relationship.","He was born in Mays, near the town of Stonyhurst, England, in 1835, was the son of the famous St. Clare of Canterbury, England; and was the grandson of the same author, who was the first of the Royal Astronomical","In 1876, he was awarded the Presidential Medal of Freedom from the American Mathematical Society in recognition of his work in the same area.",False
1001,His ancestor Johann Valentin Pressler emigrated to North America in 1710.,He was a member of the Senate from New York from 1988 until his death.,The movie is a bit too far into the subject of the original's best actors who have been forced to act.,False
1002,"Dole was twice decorated for heroic achievement, receiving two Purple Hearts for his injuries, and the Bronze Star Medal for his attempt to assist a downed radio man.","In 1876, he was awarded the Presidential Medal of Freedom from the American Mathematical Society in recognition of his work in the same area.",The movie's a work of a movie that's a little too long.,False
1003,"In 1983, Miguel was given a small part as a waiter in the movie The Man Who Wasn't There.","He was born in St. Germain, New York, in 1876.",He graduated from Dartmouth College in 1876.,False
1004,He had an elder brother named Emmet Olson.,"He was born in New York City, New York.","He was elected to the United States House of Representatives as a Democrat from New York, and served until January of the United Nations.",False
1005,"The movie's plot is almost entirely witless and inane, carrying every gag two or three times beyond its limit to sustain a laugh.",The movie is a bit too far into the subject of the original's best actors who have been forced to act.,"In 1839, he was sent to the United States Army until 1843, where he was a soldier until 1845.",False
1006,"John Drew Barrymore, also known as John Barrymore, Jr., (June 4, 1929 - November 29, 2004) was an actor, one of The Barrymores, a family of actors that included his father, John Barrymore, and his father's siblings, his uncle Lionel and his aunt Ethel.",He was elected to the United States House of Representatives as a Democrat from New York City) and served until January of 1876.,"He was born in St. Germain, New York, in 1876.",False
1007,"Eventually, the band settled on Chad Channing, with whom the band recorded the album Bleach, released on Sub Pop Records in 1989.",He was elected to the United States House of Representatives in the House of Commons and served until 1975.,"He was born in New York City, and moved to the city of Long Island, New York, in 1835.",False
1008,"Marvin graduated from Woodberry Forest School in 1975, and spent most summers and holidays at the sprawling family estate, the Bush Compound.",He graduated from Dartmouth College in 1953 and earned a Bachelor of Arts from Dartmouth in 1953.,"The film's best is a work of the director, who is also a popular American comedy special.",False
1009,What a great shame that such a talented director as Chen Kaige has chosen to make his English-language debut with a film so poorly plotted and scripted.,"The movie is a little too far from the original, and it's a little bit too much to be funny.","After a stint with the University of California, Los Angeles, he joined the University's law school, and then joined the Washington University.",False
1010,Burroughs graduated from Harvard University in 1936.,He graduated from Dartmouth College in 1953.,"The movie is a work of the best American comedy, and it's a good example of how American comedy should be.",False
1011,He was then hired by the legal department of CBS subsidiary Columbia Records.,He graduated from Dartmouth College in 1876.,"He was born in St. George, Missouri, and was a United States Senator from New York.",False
1012,He had an elder brother named Emmet Olson.,He was educated at the University of Pennsylvania and earned a Bachelor of Arts degree in economics.,He was elected to the United States House of Representatives in the House of Commons and served until 1975.,False
1013,"Although Adams lost in both the popular and electoral votes in the Presidential election of 1824, none of the candidates were able to secure a majority of the electoral vote, thereby putting the outcome in the hands of the House of Representatives, which to the surprise of many elected Adams over rival Andrew Jackson.","He was born in St. Germain, New York, and was educated at the University of Pennsylvania, where he was the first of the faculty of philosophy, and later served as the first Governor of the University.",He was elected to the United States House of Representatives as a Democrat from New York City) and served until January of 1876.,False
1014,"The Emperor's Club is one of those films that possesses all the good intentions in the world, but...","The film's best is the best it's a comedy, but it's also one of the most underrated.","He was born in St. Louis, Missouri.",False
1015,"Alain Choquart's camera barely stops moving, portraying both the turmoil of the time and giving Conduct a perpetual sense of urgency, which, for a film that takes nearly three hours to unspool, is both funny and irritating.",The film's a bit too far into the subject of the film's plot and the way it's a little too much for the average person to handle.,The film's a great example of the power of a movie's best when it's a little too far into the story's plot holes.,False
1016,"Bill ""Billy"" Boucher (b. November 10, 1899 in Ottawa, Ontario, Canada, died November 10, 1958) was a Canadian professional ice hockey rightwinger who played in the National Hockey League for the Montreal Canadiens, Boston Bruins and New York Americans.","John Fitzgerald Kennedy (May 23, 18, 1887 - January 3, 1970) was an American politician, and was the Republican Party, and the Governor of the United States from 1975 to 1979, and of the Senate from the House of Representatives from the Democratic Party","He was born in St. Germain, France, in 1876.",False
1017,Distinctly sub-par... more likely to drown a viewer in boredom than to send any shivers down his spine.,The movie's a work of a movie that's a little too long.,"The film's best is the best it's a comedy, but it's also one of the most underrated.",False
1018,"In between his sea voyages, Kerouac stayed in New York with friends from Fordham.",He served as the Governor of the state of Massachusetts from 1887 until 1891.,He graduated from Dartmouth College in 1953 and earned a Bachelor of Arts from Dartmouth in 1953.,False
1019,"He remained in Hollywood for the duration of the war, attaining the rank of captain.","John Fitzgerald Kennedy (May 18, 18, 17, 1876 - January 23, 1983) was an American politician, and a member of the House of Representatives from New York.",He was educated at the University of Pennsylvania and earned a Bachelor of Arts degree in economics.,False
1020,"Marvin graduated from Woodberry Forest School in 1975, and spent most summers and holidays at the sprawling family estate, the Bush Compound.","In 1839, he was sent to the United States Army until 1843, where he was a soldier until 1845.",He served as the Governor of the state of Massachusetts from 1887 until 1891.,False
1021,"In 1983, Miguel was given a small part as a waiter in the movie The Man Who Wasn't There.","He was born in St. Germain, France, in 1876.","The movie is a little too far from the original, and it's a little bit too much to be funny.",False
1022,Adams received one electoral vote in the presidential election of 1820.,"He was born in St. George, Missouri, and was a United States Senator from New York.",He graduated from Dartmouth College in 1953.,False
1023,"His employment by the General Electric company further enhanced his political image; he travelled widely as a GE spokesman, and was noted for his anti-Communist speeches.","After a stint with the University of California, Los Angeles, he joined the University's law school, and then joined the Washington University.","In 1876, he was elected to the House of Representatives.",False
1024,"He remained in Hollywood for the duration of the war, attaining the rank of captain.","John Fitzgerald Kennedy (born May 18, 18, in New York City) was a United States Secretary of the Treasury.","John Fitzgerald Kennedy (born May 18, 18, in New York City) was a United States Secretary of the Treasury.",True
1025,His ancestor Johann Valentin Pressler emigrated to North America in 1710.,He is a member of the founding of the Modernist movement.,"John Fitzgerald Kennedy (born August 12, 1953) is an American film actor.",False
1026,He was the founder and first president of the Naval War College between 1884 and 1886.,"In 1876, he founded the New York City Economic Development Corporation.","It's a work of art, but it's a bit too long.",False
1027,... something appears to have been lost in the translation this time.,"The movie is a work of art, but it's a bit too far beyond the point.","In 1876, he founded the New York City Economic Development Corporation.",False
1028,He was the first American to win a Nobel Prize in any category.,"In 1946, he was awarded the Presidential Medal of Freedom.",It's a work of a comedy.,False
1029,He was then hired by the legal department of CBS subsidiary Columbia Records.,"He was born in St. Germain, Missouri, in 1887.",The movie is a great example of the power of a movie that has been made by a man who has been through a lot.,False
1030,"On April 8, 1995 he married actress Patricia Arquette.",He was married to actress Laura D.,"In 1946, he was awarded the Presidential Medal of Freedom.",False
1031,"Shamelessly resorting to pee-related sight gags that might even cause Tom Green a grimace; still, Myer's energy and the silliness of it all eventually prevail.","The movie's a bit too far into the subject of the film's title, but it's a compelling one.",The movie is a great example of the power of a movie that has a great story and a great director who has been a lot like himself.,False
1032,She was the fifth of nine children.,He was awarded the Bachelor of Arts degree from Dartmouth in 1953.,"The movie is a work of art, but it's a bit too far beyond the point.",False
1033,"Abram Joffe, a Soviet physicist who knew Einstein, in an obituary of Einstein, wrote, ""The author of [the papers of 1905] was ... a bureaucrat at the Patent Office in Bern, Einstein-Maria"" and this has recently been taken as evidence of a collaborative relationship.","He was born in St. Germain, France, in 1894, and was educated at the University of Pennsylvania, where he was the first of the famous St. Andrews, and later became the first Beat Generation.",The movie is a work of a movie that's a little too far into the present.,False
1034,He was one of the founder members of the Lunar Society.,He was a member of the founding of the American Mathematical Society.,He graduated from Dartmouth College in 1953.,False
1035,He was then hired by the legal department of CBS subsidiary Columbia Records.,He was a member of the New York City Opera until 1976 until 1979.,He was a member of the founding of the American Mathematical Society.,False
1036,"Bray is completely at sea; with nothing but a Savage Garden music video on his resume, he has no clue about making a movie.","The film's best, if it's not a comedy, is a work of art.",He was married to actress Laura D.,False
1037,"Like the best of Godard's movies... it is visually ravishing, penetrating, impenetrable.","It's a strange way to spend a movie, but it's a work.","He was born in St. Germain, France, in 1887, and was educated at the University of London, England, and later in London, was a British mathematician, poet, and critic.",False
1038,"As a girl-meets-girl romantic comedy, Kissing Jessica Steinis quirky, charming and often hilarious.",It's a work of a comedy.,"The movie's a bit too far into the subject of the film's title, but it's a compelling one.",False
1039,"The family was Jewish (non-observant); Albert attended a Catholic elementary school and, at the insistence of his mother, was given violin lessons.","In 1876, he was born in St. Germain, France, and was a singer with The Voice.","The film's a work of the director, who has a great sense of humor, is a work that's both gripping and poignant.",False
1040,"Albert Einstein (March 14, 1879 - April 18, 1955) was a German-born Jewish theoretical physicist of German, Swiss and American citizenship, who is widely regarded as the greatest scientist of the 20th century or even of all time, ranking alongside the luminaries Newton and Gauss.","John Fitzgerald Kennedy (born February 18, 18, in Boston, Massachusetts) was an American film actor, and television actor.",He was a member of the New York City Opera until 1976 until 1979.,False
1041,The film is so bad it doesn't improve upon the experience of staring at a blank screen.,The movie is a work of a movie that's a little too far into the present.,"In 1876, he was born in St. Germain, France, and was a singer with The Voice.",False
1042,In 1902 Geiger began to study physics and mathematics in Erlangen and later attained a doctorate in 1906.,"He graduated from the University of Pennsylvania with a Bachelor of Arts in economics from the Yale Divinity School in 1956, and received a Juris Doctor from the same course.","He was born in St. Germain, Missouri, and was educated at the University of Missouri.",False
1043,"Hodgkin and Huxley shared the prize that year with John Carew Eccles, who was cited for research on synapses.","He was born in St. Germain, Missouri, and was educated at the University of Missouri.","John Fitzgerald Kennedy (born February 18, 18, in Boston, Massachusetts) was an American film actor, and television actor.",False
1044,"Lawford became an American citizen in 1960, in time to vote for his brother-in-law John F. Kennedy.","John Fitzgerald Kennedy (born August 12, 1953) is an American film actor.","He attended the University of California, Berkeley, and earned a Bachelor of Arts in economics from the University's School of Arts and Sciences in 1953.",False
1045,Exceptionally well acted by Diane Lane and Richard Gere.,"The movie is a work of art, but it's a bit too far.","He was born in St. Germain, Missouri, in 1887.",False
1046,"Albert Einstein (March 14, 1879 - April 18, 1955) was a German-born Jewish theoretical physicist of German, Swiss and American citizenship, who is widely regarded as the greatest scientist of the 20th century or even of all time, ranking alongside the luminaries Newton and Gauss.","He was born in St. Germain, France, in 1887, and was educated at the University of London, England, and later in London, was a British mathematician, poet, and critic.","It's a strange way to spend a movie, but it's a work.",False
1047,"The delicious trimmings... arrive early and stay late, filling nearly every minute... with a lighthearted glow, some impudent snickers, and a glorious dose of humankind's liberating ability to triumph over a Scrooge or two.","The film's a work of the director, who has a great sense of humor, is a work that's both gripping and poignant.","The movie is a work of art, but it's a bit too far.",False
1048,She was the fifth of nine children.,He graduated from Dartmouth College in 1953.,He was awarded the Bachelor of Arts degree from Dartmouth in 1953.,False
1049,"... creates a visceral sense of its characters' lives and conflicted emotions that carries it far above... what could have been a melodramatic, Lifetime Channel-style anthology.",The movie is a great example of the power of a movie that never quite captures the essence of human nature.,"He was born in St. Germain, France, in 1894, and was educated at the University of Pennsylvania, where he was the first of the famous St. Andrews, and later became the first Beat Generation.",False
1050,"A lousy movie that's not merely unwatchable, but also unlistenable.","It's a work of art, but it's a bit too long.",He served as a member of the House of Representatives from 1887 until his resignation.,False
1051,"Parker should be commended for taking a fresh approach to familiar material, but his determination to remain true to the original text leads him to adopt a somewhat mannered tone... that ultimately dulls the human tragedy at the story's core.",The movie is a great example of the power of a movie that has been made by a man who has been through a lot.,The movie is a great example of the power of a movie that never quite captures the essence of human nature.,False
1052,"... creates a visceral sense of its characters' lives and conflicted emotions that carries it far above... what could have been a melodramatic, Lifetime Channel-style anthology.",The movie is a great example of the power of a movie that has a great story and a great director who has been a lot like himself.,"The film's best, if it's not a comedy, is a work of art.",False
1053,President Clinton awarded him the Presidential Medal of Freedom in early 1997 for his service in the military and his political career.,"In 1876, he was awarded the Presidential Medal of Freedom for his work in the United States.",He is a member of the founding of the Modernist movement.,False
1054,"He was elected the Natrona County High School senior class president, represented the school at Boys State, and played halfback on the football team.","He attended the University of California, Berkeley, and earned a Bachelor of Arts in economics from the University's School of Arts and Sciences in 1953.","In 1876, he was awarded the Presidential Medal of Freedom for his work in the United States.",False
1055,He was first appointed to fill the Senate seat of Ernest Lundeen who had died in office.,He served as a member of the House of Representatives from 1887 until his resignation.,"He graduated from the University of Pennsylvania with a Bachelor of Arts in economics from the Yale Divinity School in 1956, and received a Juris Doctor from the same course.",False
1056,"Even as I valiantly struggled to remain interested, or at least conscious, I could feel my eyelids... getting... very... heavy...","The film's a work of the original, but it's a bit too far into the making of a movie.","The film's a work of the best, most compelling and most compelling, is a work that's both gripping and compelling.",False
1057,"Shamelessly resorting to pee-related sight gags that might even cause Tom Green a grimace; still, Myer's energy and the silliness of it all eventually prevail.","The film's a strange way to capture the essence of a movie that's so much like being in a movie, one that's both a little too far into the present.","A work of art, and a work of stunning, is a work.",False
1058,He also starred in the mini series The Stand.,"Mildred Bruce (born April 18, 1953) is an American actress.",A work of a movie that's a little too far into the characters and the characters are a little bit too much.,False
1059,"Dole was twice decorated for heroic achievement, receiving two Purple Hearts for his injuries, and the Bronze Star Medal for his attempt to assist a downed radio man.","He was nominated for the Academy Award for the Best Supporting Actress in the Best Actress in a Supporting Actress for The Godfather trilogy, and for Best Supporting Actor in the same category for Theoretical Physics"".","The film's a bit too far into the subject matter of the subject, but it's a compelling one that has a compelling story in it's title.",False
1060,He was one of the founder members of the Lunar Society.,"In 1876, Rockefeller founded the Rockefeller Foundation, which later became Rockefeller University.","He was a member of the House of Representatives from 1887 until the Senate, and was a Republican from Connecticut.",False
1061,A strangely compelling and brilliantly acted psychological drama.,The movie is a work of a movie that never fails to interest us.,"The film's a work of the original, but it's a bit too far into the making of a movie.",False
1062,"Parker should be commended for taking a fresh approach to familiar material, but his determination to remain true to the original text leads him to adopt a somewhat mannered tone... that ultimately dulls the human tragedy at the story's core.","The film's a bit too far into the subject matter of the subject, but it's a compelling one that has a compelling story in it's title.",He was educated at the University of Pennsylvania.,False
1063,"Albert Einstein (March 14, 1879 - April 18, 1955) was a German-born Jewish theoretical physicist of German, Swiss and American citizenship, who is widely regarded as the greatest scientist of the 20th century or even of all time, ranking alongside the luminaries Newton and Gauss.","John Fitzgerald Kennedy (May 30, 18, Dublin, Ireland) was an American film and television actor, and author, musician, and educator, most known for his role in the American Revolution and the Beat Generation.","The movie, if it's a little too long, is a little bit too much for the audience to care.",False
1064,"Lawford became an American citizen in 1960, in time to vote for his brother-in-law John F. Kennedy.","John Fitzgerald Kennedy (May 18, 18, in San Francisco, California) was an American film actor, singer, and actress.",He married to actress Laura Oundle in 2003.,False
1065,His work dealt largely with the poor urban black and mulatto communities of Bahia.,He was educated at the University of Pennsylvania.,"He was born in St. Germain, New York, in 1876 to John Winthrop, and was a United States Army officer.",False
1066,"Cheney grew up in Casper, Wyoming, and met his high-school sweetheart and future wife, Lynne Vincent, at age fourteen.",He was a member of the United States Senate from 1993 until 1995 until his resignation in 1996.,"John Fitzgerald Kennedy (May 23, 18, 1876 - December 12, 2003) was an American politician.",False
1067,"Despite his father's opposition to him having a foreign-born wife, Adams wed Louisa Johnson in 1797.",He was a member of the United States Senate from 1974 until 1977.,"John Fitzgerald Kennedy (May 30, 18, Dublin, Ireland) was an American film and television actor, and author, musician, and educator, most known for his role in the American Revolution and the Beat Generation.",False
1068,"Viewed as a comedy, a romance, a fairy tale, or a drama, there's nothing remotely triumphant about this motion picture.",A work of a movie that's a little too far into the characters and the characters are a little bit too much.,"The film's a strange way to capture the essence of a movie that's so much like being in a movie, one that's both a little too far into the present.",False
1069,"So young, so smart, such talent, such a wise ***.","A work of art, and a work of stunning, is a work.","In 1876, Rockefeller founded the Rockefeller Foundation, which later became Rockefeller University.",False
1070,He was then hired by the legal department of CBS subsidiary Columbia Records.,"He was born in St. Germain, Missouri, and died in 1953.","He was nominated for the Academy Award for the Best Supporting Actress in the Best Actress in a Supporting Actress for The Godfather trilogy, and for Best Supporting Actor in the same category for Theoretical Physics"".",False
1071,"Marvin graduated from Woodberry Forest School in 1975, and spent most summers and holidays at the sprawling family estate, the Bush Compound.",He was a member of the United States Senate from New York from 1974 until 1977.,He was a member of the United States Senate from 1993 until 1995 until his resignation in 1996.,False
1072,"Viewed as a comedy, a romance, a fairy tale, or a drama, there's nothing remotely triumphant about this motion picture.","The film's a work of the best, most compelling and most compelling, is a work that's both gripping and compelling.","He was born in St. George, and graduated from the University of Pennsylvania in 1876.",False
1073,"John Drew Barrymore, also known as John Barrymore, Jr., (June 4, 1929 - November 29, 2004) was an actor, one of The Barrymores, a family of actors that included his father, John Barrymore, and his father's siblings, his uncle Lionel and his aunt Ethel.","John Fitzgerald Kennedy (born April 5, 18, 1876) was the United States Secretary of Defense, and the first of the United Nations, serving as the United Kingdom's longest serving Secretary of Defence.","He was born in St. Germain, Missouri, and was educated at the University of Pennsylvania.",False
1074,"The Emperor's Club is one of those films that possesses all the good intentions in the world, but...","The film's best, if it's not a masterpiece, is a work of art.","In 1876, he was awarded the University of California, Berkeley, and received a Juris Doctor from the University.",False
1075,This led to his being hired by Westinghouse company to service their steam engines.,"In 1876, he was awarded the University of California, Berkeley, and received a Juris Doctor from the University.","The film's best, if it's not a masterpiece, is a work of art.",False
1076,"Rosemary, Betty, and brother, Nick, as well as her nephew, George Clooney (Nick's son), all became entertainers.","In 1876, he was born in New York City to James and Mary Addams.","In 1876, he was born in New York City to James and Mary Addams.",True
1077,Steers has an unexpectedly adamant streak of warm-blooded empathy for all his disparate Manhattan denizens -- especially the a**holes.,"The movie is a work of a movie that's a great story, but it's also a work that's also very personal.",He was a member of the United States Senate from New York from 1974 until 1977.,False
1078,"Hutchinson emigrated from England to Massachusetts in 1634, in response to the preacher John Cotton's doing so.","Huxley was born in St. Germain, France, in 1887.","The movie is a work of a movie that's a great story, but it's also a work that's also very personal.",False
1079,"In between his sea voyages, Kerouac stayed in New York with friends from Fordham.","He was born in St. Germain, New York, in 1876 to John Winthrop, and was a United States Army officer.",The movie is a work of a movie that never fails to interest us.,False
1080,"On April 8, 1995 he married actress Patricia Arquette.",He married to actress Laura Oundle in 2003.,He was a member of the United States Senate from 1974 until 1977.,False
1081,"Rather than retire, Adams would go on to win election as a Democratic-Republican to the House of Representatives beginning with the 22nd Congress, serving from March 4, 1831, until his death.","He was a member of the House of Representatives from 1887 until the Senate, and was a Republican from Connecticut.","Mildred Bruce (born April 18, 1953) is an American actress.",False
1082,These events soon led to the American Civil War.,He married to actress Married to actress Laura D.,"John Fitzgerald Kennedy (born April 5, 18, 1876) was the United States Secretary of Defense, and the first of the United Nations, serving as the United Kingdom's longest serving Secretary of Defence.",False
1083,"A first-class, thoroughly involving B movie that effectively combines two surefire, beloved genres -- the prison flick and the fight film.","The movie, if it's a little too long, is a little bit too much for the audience to care.","He was born in St. Germain, Missouri, and died in 1953.",False
1084,"While serving abroad, he met Louisa Catherine Johnson, the daughter of an American merchant living abroad.","He was born in St. Germain, Missouri, and was educated at the University of Pennsylvania.","Huxley was born in St. Germain, France, in 1887.",False
1085,"As a girl-meets-girl romantic comedy, Kissing Jessica Steinis quirky, charming and often hilarious.","A movie that's a little too far from the original, but it's a movie that has a way of conceals its scope.",He married to actress Married to actress Laura D.,False
1086,"While serving abroad, he met Louisa Catherine Johnson, the daughter of an American merchant living abroad.","He was born in St. George, and graduated from the University of Pennsylvania in 1876.","John Fitzgerald Kennedy (May 18, 18, in San Francisco, California) was an American film actor, singer, and actress.",False
1087,"John William Coltrane (September 23, 1926 - July 17, 1967) was an American jazz saxophonist and composer.","John Fitzgerald Kennedy (May 23, 18, 1876 - December 12, 2003) was an American politician.","A movie that's a little too far from the original, but it's a movie that has a way of conceals its scope.",False
1088,It's anchored by splendid performances from an honored screen veteran and a sparkling newcomer who instantly transform themselves into a believable mother/daughter pair.,The movie is a great example of the power of a movie that is both gripping and compelling.,"It's a work of art, but it's a bit too long.",False
1089,"Abram Joffe, a Soviet physicist who knew Einstein, in an obituary of Einstein, wrote, ""The author of [the papers of 1905] was ... a bureaucrat at the Patent Office in Bern, Einstein-Maria"" and this has recently been taken as evidence of a collaborative relationship.","In 1894, he was born in St. Germain, France, and was educated at the University of Notre Dame in London, where he was the first of the Royal Society.",The movie is a work of a movie that's a little too much for me.,False
1090,"Marvin graduated from Woodberry Forest School in 1975, and spent most summers and holidays at the sprawling family estate, the Bush Compound.","He graduated from the University of California, Berkeley in 1876, and then enrolled at the University in economics and sociology.",The film's best is that it's a comedy.,False
1091,"Bill ""Billy"" Boucher (b. November 10, 1899 in Ottawa, Ontario, Canada, died November 10, 1958) was a Canadian professional ice hockey rightwinger who played in the National Hockey League for the Montreal Canadiens, Boston Bruins and New York Americans.","John Fitzgerald Kennedy was born in New York City in 1876, and is the founder of the American Nobel Laureate, and the first of the Modernist movement.","He served as a United States Army officer from January 18, 1943 until January 1891.",False
1092,"So young, so smart, such talent, such a wise ***.",The film's best is that it's a comedy.,"In 1876, he was born in St. Germain, France, and was a member of the St. Louis.",False
1093,His ancestor Johann Valentin Pressler emigrated to North America in 1710.,He was educated at the University of Pennsylvania.,"A work of a movie that's a little too far into the story, but it's a good one that has a purpose.",False
1094,"In 1983, Miguel was given a small part as a waiter in the movie The Man Who Wasn't There.","In 1876, he was born in St. Germain, France, and was a member of the St. Louis.","In 1876, he was awarded the Presidential Medal of Freedom from the University of California, Berkeley.",False
1095,"You come away wishing, though, that the movie spent a lot less time trying to make a credible case for reports from the afterlife and a lot more time on the romantic urgency that's at the center of the story.","The movie is a great example of the way to find the original, and the way it manages to both entertain us while also leaving us wondering if it's even worth seeing.",He was born in New York City in 1876 and was educated at the University of Pennsylvania.,False
1096,"... creates a visceral sense of its characters' lives and conflicted emotions that carries it far above... what could have been a melodramatic, Lifetime Channel-style anthology.",The movie is a work of a movie that is a bit too far into the movie's plot and the characters.,"He was born in St. Germain, France, in 1894, and was raised in the city of St. Andrews, Scotland, where he studied law until his death there in 1875.",False
1097,In comparison to his earlier films it seems a disappointingly thin slice of lower-class London life; despite the title... amounts to surprisingly little.,The movie is a work of a movie that's a little too much for me.,"The film's a work of fine, if not technically correct, is a work that's both gripping and compelling.",False
1098,"Arnold Alois Schwarzenegger (born July 30, 1947 in Thal, Styria, Austria) is an Austrian-American actor, Republican politician, and bodybuilder, currently serving as the 38th Governor of California.","John Fitzgerald Kennedy (January 30, 18, 1887 - January 30, 1974) was a Republican politician who was the Governor of the state of California from 1974 to 1978.",He served as the United States Secretary of Defense from 1975 until January of 1978.,False
1099,... something appears to have been lost in the translation this time.,"It's a work of art, but it's a bit too long.",He was educated at the University of Pennsylvania.,False
1100,President Clinton awarded him the Presidential Medal of Freedom in early 1997 for his service in the military and his political career.,He was awarded the Presidential Medal of Freedom in Physics for Physics for his work in Physics.,"John Fitzgerald Kennedy was born in New York City in 1876, and is the founder of the American Nobel Laureate, and the first of the Modernist movement.",False
1101,He also starred in the mini series The Stand.,"He was born in St. Petersburg, Florida.",It's a work of a film that never is.,False
1102,"The Emperor's Club is one of those films that possesses all the good intentions in the world, but...","The film's a work of fine, if not technically correct, is a work that's both gripping and compelling.",The movie is a great example of the power of a movie that is both gripping and compelling.,False
1103,In comparison to his earlier films it seems a disappointingly thin slice of lower-class London life; despite the title... amounts to surprisingly little.,"The movie is a bit too long, but it's a good one, and it's not a particularly good one.","In 1876, he was elected to the United States House of Representatives as a Democrat.",False
1104,"This picture is murder by numbers, and as easy to be bored by as your ABC's, despite a few whopping shootouts.","A movie, a movie, is a work of a movie that just doesn't have a sense of what's going on.",He was elected to the House of Representatives in the House in 1835 and served until January of 1864.,False
1105,Bad and baffling from the get-go.,It's a work of a film that never is.,"He graduated from the University of California, and then joined the University's economics and philosophy at the University.",False
1106,"Adams was born in Braintree, Massachusetts in a part of town which eventually became the separate town of Quincy.",He served as the United States Secretary of Defense from 1975 until January of 1978.,"The movie is a bit too long, but it's a good one, and it's not a particularly good one.",False
1107,"He attended secondary school (Volksschule), and learned the trade of a joiner.","In 1876, he was elected to the United States House of Representatives.","He was born in St. Germain, New York, and was educated at the University of Pennsylvania, where he graduated from Yale Divinity School.",False
1108,"Hutchinson emigrated from England to Massachusetts in 1634, in response to the preacher John Cotton's doing so.","In 1876, he was awarded the Presidential Medal of Freedom from the University of California, Berkeley.","He graduated from the University of California, Berkeley in 1876, and then enrolled at the University in economics and sociology.",False
1109,"Dole has worked part-time for a Washington, DC, law firm, and engaged in a career of writing, consulting, public speaking, and television appearances.","After a year of work in the private sector, he joined the Army, and then joined the Marine Corps, where he worked until 1974 until 1975.","The film's a work of fine, if not technically correct, is a work that's both gripping and compelling.",False
1110,Steers has an unexpectedly adamant streak of warm-blooded empathy for all his disparate Manhattan denizens -- especially the a**holes.,"The film's a work of fine, if not technically correct, is a work that's both gripping and compelling.","In 1876, he was elected to the United States House of Representatives.",False
1111,His work dealt largely with the poor urban black and mulatto communities of Bahia.,"He served as a United States Army officer from January 18, 1943 until January 1891.","After a year of work in the private sector, he joined the Army, and then joined the Marine Corps, where he worked until 1974 until 1975.",False
1112,"Although Adams lost in both the popular and electoral votes in the Presidential election of 1824, none of the candidates were able to secure a majority of the electoral vote, thereby putting the outcome in the hands of the House of Representatives, which to the surprise of many elected Adams over rival Andrew Jackson.","He was born in St. Germain, New York, and was educated at the University of Pennsylvania, where he graduated from Yale Divinity School.","In 1894, he was born in St. Germain, France, and was educated at the University of Notre Dame in London, where he was the first of the Royal Society.",False
1113,He was first appointed to fill the Senate seat of Ernest Lundeen who had died in office.,He was elected to the House of Representatives in the House in 1835 and served until January of 1864.,He was awarded the Presidential Medal of Freedom in 1998 for his services to the United States.,False
1114,"Albert Einstein (March 14, 1879 - April 18, 1955) was a German-born Jewish theoretical physicist of German, Swiss and American citizenship, who is widely regarded as the greatest scientist of the 20th century or even of all time, ranking alongside the luminaries Newton and Gauss.","He was born in St. Germain, France, in 1894, and was raised in the city of St. Andrews, Scotland, where he studied law until his death there in 1875.","He was born in St. Petersburg, Florida.",False
1115,This led to his being hired by Westinghouse company to service their steam engines.,"In 1876, he was elected to the United States House of Representatives as a Democrat.","The movie is a great example of the way to find the original, and the way it manages to both entertain us while also leaving us wondering if it's even worth seeing.",False
1116,He was the first American to win a Nobel Prize in any category.,He was awarded the Presidential Medal of Freedom in 1998 for his services to the United States.,"John Fitzgerald Kennedy (January 30, 18, 1887 - January 30, 1974) was a Republican politician who was the Governor of the state of California from 1974 to 1978.",False
1117,"Eventually, the band settled on Chad Channing, with whom the band recorded the album Bleach, released on Sub Pop Records in 1989.","He graduated from the University of California, and then joined the University's economics and philosophy at the University.",The movie is a work of a movie that is a bit too far into the movie's plot and the characters.,False
1118,"This picture is murder by numbers, and as easy to be bored by as your ABC's, despite a few whopping shootouts.","A work of a movie that's a little too far into the story, but it's a good one that has a purpose.","A movie, a movie, is a work of a movie that just doesn't have a sense of what's going on.",False
1119,"In between his sea voyages, Kerouac stayed in New York with friends from Fordham.",He was born in New York City in 1876 and was educated at the University of Pennsylvania.,He was awarded the Presidential Medal of Freedom in Physics for Physics for his work in Physics.,False
1120,"Rather than retire, Adams would go on to win election as a Democratic-Republican to the House of Representatives beginning with the 22nd Congress, serving from March 4, 1831, until his death.",He was elected to the House of Representatives as a Democrat and was a member of the House and the Senate from Massachusetts) as the first Governor of the State.,"John Fitzgerald Kennedy (May 18, 18, Jr. - May 23, 1953) was an American film and television actor.",False
1121,"The family was Jewish (non-observant); Albert attended a Catholic elementary school and, at the insistence of his mother, was given violin lessons.","In 1876, the son of the late, great great great-great-great great-grandson of the great- great-Great-great grandfather of the modern era) was born in New York.","It's a work of a strange, and it's a bland, disconnected, and a work.",False
1122,"Bill ""Billy"" Boucher (b. November 10, 1899 in Ottawa, Ontario, Canada, died November 10, 1958) was a Canadian professional ice hockey rightwinger who played in the National Hockey League for the Montreal Canadiens, Boston Bruins and New York Americans.","John Fitzgerald Kennedy (May 30, 18, 1887 - January 3, 2000) was an American film actor, and television actor, comedian, and author.","He was elected to the House of Representatives as a Democrat and served until January of 1894, and was a Republican from New York.",False
1123,"His father-in-law, George Herbert Walker, and Walker's partner, Averell Harriman, brought him on as an officer in their investment banking firm, W. A. Harriman and Company in 1926.",He was a member of the United States Senate from New York from 1975 until 1979 until 1989.,"The film's a bit too far into the story, but it's a compelling one that has a compelling character and a compelling story.",False
1124,"John William Coltrane (September 23, 1926 - July 17, 1967) was an American jazz saxophonist and composer.","John Fitzgerald Kennedy (May 18, 18, Dublin, England) was a British mathematician, journalist, and film director.","A work of art, but it's a bit too long.",False
1125,"Shamelessly resorting to pee-related sight gags that might even cause Tom Green a grimace; still, Myer's energy and the silliness of it all eventually prevail.","The movie's a bit too far, and it's a little too much for the uninformed eye -- it's an awful movie.",The movie is a work of a movie that's a lot more than its title implies.,False
1126,"A first-class, thoroughly involving B movie that effectively combines two surefire, beloved genres -- the prison flick and the fight film.","The movie is a little too long, but it's a good one for critics.","In 1876, the son of the late, great great great-great-great great-grandson of the great- great-Great-great grandfather of the modern era) was born in New York.",False
1127,"Miguel Ferrer (born February 7, 1955 in Santa Monica, California) is a Puerto Rican-American actor who is often cast in movies as a villain.","John Fitzgerald Kennedy (May 18, 18, Jr. - May 23, 1953) was an American film and television actor.","John Fitzgerald Kennedy (born May 18, 18, in Boston) was an American film and television actor.",False
1128,This led to his being hired by Westinghouse company to service their steam engines.,He was awarded the Presidential Medal of Freedom in 1998 for his services to the United States.,"A work of stunning, beautifully realized filmmaking, it's a work of art.",False
1129,"In between his sea voyages, Kerouac stayed in New York with friends from Fordham.","He was born in St. Germain, where his family moved to England.","A work of art, it's a work of a good film.",False
1130,The quirky drama touches the heart and the funnybone thanks to the energetic and always surprising performance by Rachel Griffiths.,The movie is a good example of the movie's best when it's not a good one.,It's a strange way to put a movie that's so much as it's a movie.,False
1131,The sort of movie that gives tastelessness a bad rap.,"It's a work of a strange, and it's a bland, disconnected, and a work.","John Fitzgerald Kennedy (May 18, 18, Dublin, England) was a British mathematician, journalist, and film director.",False
1132,"The family was Jewish (non-observant); Albert attended a Catholic elementary school and, at the insistence of his mother, was given violin lessons.","He was born in St. Louis, Missouri, in 1876.","He was born in St. Louis, Missouri, in 1876.",True
1133,His ancestor Johann Valentin Pressler emigrated to North America in 1710.,He is a member of the founding of the American Mathematical Society.,"He was born in St. Germain, France, in 1876 to parents of two daughters.",False
1134,The sort of movie that gives tastelessness a bad rap.,It's a strange way to put a movie that's so much as it's a movie.,He was a member of the United States Senate from New York from 1975 until 1979 until 1989.,False
1135,The second coming of Harry Potter is a film far superior to its predecessor.,"The film's a work of art, and it's a good one.","John Fitzgerald Kennedy (May 30, 18, 1887 - January 3, 2000) was an American film actor, and television actor, comedian, and author.",False
1136,"Lawford became an American citizen in 1960, in time to vote for his brother-in-law John F. Kennedy.","John Fitzgerald Kennedy (born May 18, 18, in Boston) was an American film and television actor.","The movie is a little too long, but it's a good one for critics.",False
1137,Exceptionally well acted by Diane Lane and Richard Gere.,"A work of stunning, beautifully realized filmmaking, it's a work of art.",He attended the University of Pennsylvania and earned a Bachelor of Arts in economics from Dartmouth College.,False
1138,"You come away wishing, though, that the movie spent a lot less time trying to make a credible case for reports from the afterlife and a lot more time on the romantic urgency that's at the center of the story.",The movie is a little too far into the movie's plot and the characters are a bit too much for the audience to care about them.,He is a member of the founding of the American Mathematical Society.,False
1139,"Some say this was because of a bargain he struck with Henry Clay, which put Clay into office as his Secretary of State once Adams won.","John Fitzgerald Kennedy was the United States Secretary of Defense from 1877 until January of 1879 until January 18, 1879.",The movie is a little too far into the movie's plot and the characters are a bit too much for the audience to care about them.,False
1140,In 1902 Geiger began to study physics and mathematics in Erlangen and later attained a doctorate in 1906.,He attended the University of Pennsylvania and earned a Bachelor of Arts in economics from Dartmouth College.,He was elected to the House of Representatives in 1887 and served until January of 1891.,False
1141,"During this time he worked on developing a federal system of roads, canals, bridges, lighthouses, and universities until Jackson, who defeated Adams in the latter's quest for re-election, was sworn in to replace him.","He was elected to the House of Representatives as a Democrat and served until January of 1894, and was a Republican from New York.","In 18, he married to actress Laura Hoyt, and they had three children.",False
1142,"A first-class, thoroughly involving B movie that effectively combines two surefire, beloved genres -- the prison flick and the fight film.",The movie is a work of a movie that's a lot more than its title implies.,The movie is a good example of the movie's best when it's not a good one.,False
1143,He was first appointed to fill the Senate seat of Ernest Lundeen who had died in office.,He was elected to the House of Representatives in 1887 and served until January of 1891.,"John Fitzgerald Kennedy was the United States Secretary of Defense from 1877 until January of 1879 until January 18, 1879.",False
1144,"Parker should be commended for taking a fresh approach to familiar material, but his determination to remain true to the original text leads him to adopt a somewhat mannered tone... that ultimately dulls the human tragedy at the story's core.","The film's a bit too far into the story, but it's a compelling one that has a compelling character and a compelling story.","The movie's a bit too far, and it's a little too much for the uninformed eye -- it's an awful movie.",False
1145,"Hutchinson emigrated from England to Massachusetts in 1634, in response to the preacher John Cotton's doing so.","He was born in St. Germain, France, in 1876 to parents of two daughters.",The movie is a work of a movie that's a little too far into the movie.,False
1146,In 1902 Geiger began to study physics and mathematics in Erlangen and later attained a doctorate in 1906.,"He graduated from the University of California, and earned a Bachelor of Arts from Dartmouth College in 1953.He attended the University in economics.","He was born in St. Germain, where his family moved to England.",False
1147,Anemic chronicle of money grubbing New Yorkers and their serial loveless hook ups.,"A work of art, but it's a bit too long.","He graduated from the University of California, and earned a Bachelor of Arts from Dartmouth College in 1953.He attended the University in economics.",False
1148,The film serves as a valuable time capsule to remind us of the devastating horror suffered by an entire people.,The movie is a work of a movie that's a little too far into the movie.,"He served as the United States Secretary of Defense from 1887 until January 18, 1892 until January of 1892.",False
1149,"Cheney grew up in Casper, Wyoming, and met his high-school sweetheart and future wife, Lynne Vincent, at age fourteen.","In 18, he married to actress Laura Hoyt, and they had three children.","The film's a work of art, and it's a good one.",False
1150,"Adams was born in Braintree, Massachusetts in a part of town which eventually became the separate town of Quincy.","He served as the United States Secretary of Defense from 1887 until January 18, 1892 until January of 1892.",He was awarded the Presidential Medal of Freedom in 1998 for his services to the United States.,False
1151,The sort of movie that gives tastelessness a bad rap.,"A work of art, it's a work of a good film.",He was elected to the House of Representatives as a Democrat and was a member of the House and the Senate from Massachusetts) as the first Governor of the State.,False
1152,He was the founder and first president of the Naval War College between 1884 and 1886.,"In 1876, he was elected to the United States House of Representatives as a Democrat.",He was awarded the Presidential Medal of Freedom in recognition of his services to the United States in the United Nations.,False
1153,He also starred in the mini series The Stand.,He was married to actress Laura D.,"The movie is a bit too long for the movie, but it's a good one with a lot of potential.",False
1154,The quirky drama touches the heart and the funnybone thanks to the energetic and always surprising performance by Rachel Griffiths.,The film's a bit too far into the movie's plot and the characters are a bit beyond the point.,"A work of art, but it's a work of a rambling, disconnected film.",False
1155,"Even as I valiantly struggled to remain interested, or at least conscious, I could feel my eyelids... getting... very... heavy...","The movie is a bit too long, and the acting is a little too much for me.",He was a member of the United States Senate from 1993 until 1995.,False
1156,Anemic chronicle of money grubbing New Yorkers and their serial loveless hook ups.,She was a fan of the show and a great actress who was a singer in Little Rock.,The film's a bit too far into the movie's plot and the characters are a bit beyond the point.,False
1157,"Bray is completely at sea; with nothing but a Savage Garden music video on his resume, he has no clue about making a movie.","A blandly well-written script, but it's a work of art, and it's neither as polished nor as engaging.",He was married to actress Laura D.,False
1158,"The couple have four children: daughters Katherine and Christina, and sons Patrick and Christopher.",He was married to actress Laura D. Kennedy for five years.,"He was elected to the House of Representatives as a Democrat and served until January of 1876, and was a member of the House from 1877 until 1877.",False
1159,The film serves as a valuable time capsule to remind us of the devastating horror suffered by an entire people.,"The movie is a little too long, and the movie is too much for me to care.","The movie is a masterpiece of a comedy, but it's a little too much.",False
1160,"Alain Choquart's camera barely stops moving, portraying both the turmoil of the time and giving Conduct a perpetual sense of urgency, which, for a film that takes nearly three hours to unspool, is both funny and irritating.","The movie's a bit too far into the story, but it's a good one that, if it's not a masterpiece, will be in a way that will appeal to the audience.","It's a work of art, but it's a bit too much.",False
1161,Anemic chronicle of money grubbing New Yorkers and their serial loveless hook ups.,"It's a work of art, but it's a bit too much.","He was awarded the Presidential Medal of Freedom in recognition of his work in the United Nations, and was instrumental in the creation of the United States of the World War II.",False
1162,"The family was Jewish (non-observant); Albert attended a Catholic elementary school and, at the insistence of his mother, was given violin lessons.",He graduated from the University of Pennsylvania in 1876 and earned a Bachelor of Arts from Dartmouth College in 1953.,"He was born in New York City in 1835 and moved to the city of Long Island, New York, where he became a U.S. Army officer.",False
1163,"Rosemary, Betty, and brother, Nick, as well as her nephew, George Clooney (Nick's son), all became entertainers.","In 1876, Bush was elected to the House of Representatives as a Democrat and was a member of the House.","He was nominated for the Academy Award for Best Supporting Actress in the Best Supporting Actor in the Oscar for his role in The Godfather, The Search for a Golden Globe for his work in the same category as the same.",False
1164,"In 1983, Miguel was given a small part as a waiter in the movie The Man Who Wasn't There.","He was born in St. Germain, Missouri, in 1876.",He graduated from the University of Pennsylvania in 1876 and earned a Bachelor of Arts from Dartmouth College in 1953.,False
1165,"You come away wishing, though, that the movie spent a lot less time trying to make a credible case for reports from the afterlife and a lot more time on the romantic urgency that's at the center of the story.",The movie is a little too far into the movie's plot and the characters are a little bit too much for the audience to care about them.,He was married to actress Laura D. Kennedy for five years.,False
1166,"Edric Frederick Gifford, 3rd Baron Gifford, VC (5 July 1849 - 5 June 1911) was an English recipient of the Victoria Cross, the highest and most prestigious award for gallantry in the face of the enemy that can be awarded to British and Commonwealth forces.","He was nominated for the Academy Award for Best Supporting Actress in the Best Supporting Actor in the Oscar for his role in The Godfather, The Search for a Golden Globe for his work in the same category as the same.","The movie is a little too long, and the movie is too much for me to care.",False
1167,"During this time he worked on developing a federal system of roads, canals, bridges, lighthouses, and universities until Jackson, who defeated Adams in the latter's quest for re-election, was sworn in to replace him.","He was elected to the House of Representatives as a Democrat and served until January of 1876, and was a member of the House from 1877 until 1877.","He was one of the first members of the Marine officers in the Marine Corps, and was one in the Army in the Pacific Theater, and served as the General of the Army during World War II, and as the Marine in the Gulf War II.",False
1168,"Arnold Alois Schwarzenegger (born July 30, 1947 in Thal, Styria, Austria) is an Austrian-American actor, Republican politician, and bodybuilder, currently serving as the 38th Governor of California.","John Fitzgerald Kennedy (born May 18, 18, in St. George, New York) was a Republican politician who served as the House of Representatives from 1974 until 1990.",He was awarded the Presidential Medal of Freedom in recognition of his services to the United States.,False
1169,"Some say this was because of a bargain he struck with Henry Clay, which put Clay into office as his Secretary of State once Adams won.","He was one of the first members of the Marine officers in the Marine Corps, and was one in the Army in the Pacific Theater, and served as the General of the Army during World War II, and as the Marine in the Gulf War II.",He is married to actress Laura Dern.,False
1170,"Frank Durward White (June 4, 1933 - May 21, 2003) was the Republican governor of the U.S. state of Arkansas from 1981 to 1983.","John Fitzgerald Kennedy (born February 18, 1922) is a Republican politician.","He was elected to the House of Representatives as a Democrat from New York, and served until January of 1876 until January 18, 1877, as a Republican from New",False
1171,He also starred in the mini series The Stand.,He is married to actress Laura Dern.,"In 1876, Bush was elected to the House of Representatives as a Democrat and was a member of the House.",False
1172,"Dole was twice decorated for heroic achievement, receiving two Purple Hearts for his injuries, and the Bronze Star Medal for his attempt to assist a downed radio man.",He was awarded the Presidential Medal of Freedom in recognition of his services to the United States in the United Nations.,The movie is a little too far into the movie's plot and the characters are a little bit too much for the audience to care about them.,False
1173,"A loud, ugly, irritating movie without any of its satirical salvos hitting a discernible target.",It's a work of a movie that's a little too long.,"John Fitzgerald Kennedy (born May 18, 18, in St. George, New York) was a Republican politician who served as the House of Representatives from 1974 until 1990.",False
1174,"Dole has worked part-time for a Washington, DC, law firm, and engaged in a career of writing, consulting, public speaking, and television appearances.","He was born in New York City in 1835 and moved to the city of Long Island, New York, where he became a U.S. Army officer.","In 1876, he was elected to the United States House of Representatives as a Democrat.",False
1175,"Rather than retire, Adams would go on to win election as a Democratic-Republican to the House of Representatives beginning with the 22nd Congress, serving from March 4, 1831, until his death.","He was elected to the House of Representatives as a Democrat from New York, and served until January of 1876 until January 18, 1877, as a Republican from New",He served as the United States Secretary of Defense from 1975 until January 1990.,False
1176,"He remained in Hollywood for the duration of the war, attaining the rank of captain.",He served as the United States Secretary of Defense from 1975 until January 1990.,She was a fan of the show and a great actress who was a singer in Little Rock.,False
1177,The film serves as a valuable time capsule to remind us of the devastating horror suffered by an entire people.,"The movie is a masterpiece of a comedy, but it's a little too much.","The movie is a bit too long, and the acting is a little too much for me.",False
1178,"... creates a visceral sense of its characters' lives and conflicted emotions that carries it far above... what could have been a melodramatic, Lifetime Channel-style anthology.","The movie is a bit too long for the movie, but it's a good one with a lot of potential.",It's a work of a movie that's a little too long.,False
1179,Burroughs graduated from Harvard University in 1936.,He graduated from Dartmouth College in 1953.,"A blandly well-written script, but it's a work of art, and it's neither as polished nor as engaging.",False
1180,The sort of movie that gives tastelessness a bad rap.,"A work of art, but it's a work of a rambling, disconnected film.","He was born in St. Germain, Missouri, in 1876.",False
1181,"Lift, the mother of Danny DeVito's character in her Academy Award nominated performance in Throw Momma from the Train.",He was awarded the Presidential Medal of Freedom in recognition of his services to the United States.,"John Fitzgerald Kennedy (born February 18, 1922) is a Republican politician.",False
1182,"Edric Frederick Gifford, 3rd Baron Gifford, VC (5 July 1849 - 5 June 1911) was an English recipient of the Victoria Cross, the highest and most prestigious award for gallantry in the face of the enemy that can be awarded to British and Commonwealth forces.","He was awarded the Presidential Medal of Freedom in recognition of his work in the United Nations, and was instrumental in the creation of the United States of the World War II.",He graduated from Dartmouth College in 1953.,False
1183,"His father-in-law, George Herbert Walker, and Walker's partner, Averell Harriman, brought him on as an officer in their investment banking firm, W. A. Harriman and Company in 1926.",He was a member of the United States Senate from 1993 until 1995.,"The movie's a bit too far into the story, but it's a good one that, if it's not a masterpiece, will be in a way that will appeal to the audience.",False
1184,He began to learn mathematics around age twelve.,He graduated from Dartmouth in 1953.,"He attended the University of California, San Francisco, and then enrolled at the University's Law School.",False
1185,"Robert Henry Dee (born May 18, 1933 in Quincy, Massachusetts) is a former three-sport letterman at Holy Cross College who was one of the first players signed by the Boston Patriots in 1960.","He is the son of the late, great great great, great, and poet, who was born in New York City) and is the grandson of the famous Beat Generation, who wrote The Hunt for the Wild, and is of the Beat Generation.","John Fitzgerald Kennedy (born May 18, 18, in St. Germain, Massachusetts) was an American novelist, and a member of the House of Representatives from New York.",False
1186,"Fans of the TV series will be disappointed, and everyone else will be slightly bored.",It's a work of art.,"The movie is a great example of the power of the director, who has been cast as the man who wrote it, who wrote the book, is a sort of a cross between the director and the director who wrote, who directs the film.",False
1187,"Edric Frederick Gifford, 3rd Baron Gifford, VC (5 July 1849 - 5 June 1911) was an English recipient of the Victoria Cross, the highest and most prestigious award for gallantry in the face of the enemy that can be awarded to British and Commonwealth forces.","In 1876, he was awarded the Nobel Prize for Physics for Physics, and was also the first of the Royal Society in Physiology or Medicine for Physics (1970), and for his work in the Royal Astronomical Society.",The movie is a work of a movie that's a little too far into the story.,False
1188,"He was born near at Elston Hall near Nottingham, and educated at Chesterfield School then later at St. John's College, Cambridge.","In 1876, he was cast in the role of the famous ""F.A."" in the Western genre.","The movie is a bit too far into the movie, but it's a good one, and it's not a particularly entertaining one.",False
1189,"Adams was born in Braintree, Massachusetts in a part of town which eventually became the separate town of Quincy.","He was born in St. George, Missouri, and was educated at the University of Missouri.","A work of a movie that's a little too far into the story, but it's a compelling one that has a compelling story.",False
1190,"As a girl-meets-girl romantic comedy, Kissing Jessica Steinis quirky, charming and often hilarious.","The film's a work of art, but it's a film that's a little too far.","In 1876, he was elected to the House of Representatives as a Democrat and was a member of the House Minority Whip.",False
1191,"Robert Henry Dee (born May 18, 1933 in Quincy, Massachusetts) is a former three-sport letterman at Holy Cross College who was one of the first players signed by the Boston Patriots in 1960.","John Fitzgerald Kennedy (born May 18, 18, in St. Germain, Massachusetts) was an American novelist, and a member of the House of Representatives from New York.","In 1876, he was cast in the role of the famous ""F.A."" in the Western genre.",False
1192,"On April 8, 1995 he married actress Patricia Arquette.",He was married to actress Laura D. in 1876.,He was married to actress Laura D. in 1952 and had two daughters.,False
1193,In comparison to his earlier films it seems a disappointingly thin slice of lower-class London life; despite the title... amounts to surprisingly little.,"The movie is a bit too long, and the characters are a bit beyond the point of interest.","In the film, the Oscar Award for Best Supporting Actress, was nominated for the Academy Award for her role in The Godfather.",False
1194,"This picture is murder by numbers, and as easy to be bored by as your ABC's, despite a few whopping shootouts.","A work of a movie that's a little too far into the story, but it's a compelling one that has a compelling story.",He was elected to the House of Representatives as a Democrat and was elected the first Speaker of the House.,False
1195,"If you already like this sort of thing, this is that sort of thing all over again.","The movie is a work of art, but it's a bit too far.","He was born in St. George, Missouri, and was educated at the University of Missouri.",False
1196,"Even as I valiantly struggled to remain interested, or at least conscious, I could feel my eyelids... getting... very... heavy...","The movie is a bit too far into the movie, but it's a good one, and it's not a particularly entertaining one.",The film's a work of a movie that's a little too far into the present.,False
1197,"Some say this was because of a bargain he struck with Henry Clay, which put Clay into office as his Secretary of State once Adams won.",He was elected to the House of Representatives as a Democrat and was elected the first Speaker of the House.,"After a stint with the Washington Post, he joined the Washington University in St. Louis.",False
1198,"His employment by the General Electric company further enhanced his political image; he travelled widely as a GE spokesman, and was noted for his anti-Communist speeches.","He attended the University of California, San Francisco, and then enrolled at the University's Law School.","The movie is a work of art, but it's a bit too far.",False
1199,It's anchored by splendid performances from an honored screen veteran and a sparkling newcomer who instantly transform themselves into a believable mother/daughter pair.,A movie that's a little too far into the movie's plot and the characters are a little beyond themselves.,"In 1876, he was elected to the House of Representatives as a Democrat and served until 1975.",False
1200,"The couple have four children: daughters Katherine and Christina, and sons Patrick and Christopher.",He was married to actress Laura D. in 1952 and had two daughters.,He graduated from Dartmouth in 1953.,False
1201,"While serving abroad, he met Louisa Catherine Johnson, the daughter of an American merchant living abroad.","In 1876, he was elected to the House of Representatives as a Democrat and was a member of the House Minority Whip.","The movie's a bit too far into the original's a little too far, but it's a lot more than that.",False
1202,"John Drew Barrymore, also known as John Barrymore, Jr., (June 4, 1929 - November 29, 2004) was an actor, one of The Barrymores, a family of actors that included his father, John Barrymore, and his father's siblings, his uncle Lionel and his aunt Ethel.","John Fitzgerald Kennedy (born May 18, 18, in San Francisco) was a United States politician who served as the Governor of the state of California from 1975 until 1979.","John Fitzgerald Kennedy (born May 18, 18, in San Juan, California) was a United States House of Representatives from the Democratic Party.",False
1203,"Lift, the mother of Danny DeVito's character in her Academy Award nominated performance in Throw Momma from the Train.","In the film, the Oscar Award for Best Supporting Actress, was nominated for the Academy Award for her role in The Godfather.","John Fitzgerald Kennedy (born April 18, 18, in St. Louis, Missouri) was an American film actor.",False
1204,"The delicious trimmings... arrive early and stay late, filling nearly every minute... with a lighthearted glow, some impudent snickers, and a glorious dose of humankind's liberating ability to triumph over a Scrooge or two.",The movie is a work of a movie that's a little too far into the story.,"The film's a work of art, but it's a film that's a little too far.",False
1205,Benjamin Everett Jordan (8 September 1896 - 15 March 1974) was a Democratic U.S. senator from the state of North Carolina between 1958 and 1973.,"John Fitzgerald Kennedy (born May 18, 18, in San Juan, California) was a United States House of Representatives from the Democratic Party.","He is the son of the late, great great great, great, and poet, who was born in New York City) and is the grandson of the famous Beat Generation, who wrote The Hunt for the Wild, and is of the Beat Generation.",False
1206,"Fans of the TV series will be disappointed, and everyone else will be slightly bored.","It's a strange way to spend a Saturday Night Live, but it's a good one.","It's a strange way to spend a Saturday Night Live, but it's a good one.",True
1207,He was the founder and first president of the Naval War College between 1884 and 1886.,"In the 1950s, the family founded the American Century.",He was married to actress Laura D. in 1876.,False
1208,"His father-in-law, George Herbert Walker, and Walker's partner, Averell Harriman, brought him on as an officer in their investment banking firm, W. A. Harriman and Company in 1926.","After a stint with the Washington Post, he joined the Washington University in St. Louis.","In 1876, he was awarded the Nobel Prize for Physics for Physics, and was also the first of the Royal Society in Physiology or Medicine for Physics (1970), and for his work in the Royal Astronomical Society.",False
1209,"Viewed as a comedy, a romance, a fairy tale, or a drama, there's nothing remotely triumphant about this motion picture.",The film's a work of a movie that's a little too far into the present.,"In the 1950s, the family founded the American Century.",False
1210,"John William Coltrane (September 23, 1926 - July 17, 1967) was an American jazz saxophonist and composer.",He served as the Governor of the Massachusetts Bay Colony from 1975 until January 1990.,"The movie is a bit too long, and the characters are a bit beyond the point of interest.",False
1211,"Bill ""Billy"" Boucher (b. November 10, 1899 in Ottawa, Ontario, Canada, died November 10, 1958) was a Canadian professional ice hockey rightwinger who played in the National Hockey League for the Montreal Canadiens, Boston Bruins and New York Americans.","John Fitzgerald Kennedy (born April 18, 18, in San Juan, California) was an American film actor.",A movie that's a little too far into the movie's plot and the characters are a little beyond themselves.,False
1212,"His grandfather, also named William Seward Burroughs, founded the Burroughs Adding Machine company, which evolved into the Burroughs Corporation.","In 1876, he was elected to the House of Representatives as a Democrat and served until 1975.",It's a work of art.,False
1213,"John William Coltrane (September 23, 1926 - July 17, 1967) was an American jazz saxophonist and composer.","John Fitzgerald Kennedy (born April 18, 18, in St. Louis, Missouri) was an American film actor.",He served as the Governor of the Massachusetts Bay Colony from 1975 until January 1990.,False
1214,"The movie's plot is almost entirely witless and inane, carrying every gag two or three times beyond its limit to sustain a laugh.","The movie's a bit too far into the original's a little too far, but it's a lot more than that.","John Fitzgerald Kennedy (born May 18, 18, in San Francisco) was a United States politician who served as the Governor of the state of California from 1975 until 1979.",False
1215,"Parker should be commended for taking a fresh approach to familiar material, but his determination to remain true to the original text leads him to adopt a somewhat mannered tone... that ultimately dulls the human tragedy at the story's core.","The movie is a great example of the power of the director, who has been cast as the man who wrote it, who wrote the book, is a sort of a cross between the director and the director who wrote, who directs the film.","John Fitzgerald Kennedy (born April 18, 18, in San Juan, California) was an American film actor.",False
1216,"During this period, he personally drove his Quadricycle to victory in a race against Alexander Winton, a well-known driver and the heavy favorite on October 10, 1901.","In 1876, he was born in New York City to the Rev. Martin Luther King, Jr.","He graduated from the University of California, San Francisco in 1876, and was a member of the United States Army until 1877, and of the Army until 1969 until 1973.",False
1217,"Cheney grew up in Casper, Wyoming, and met his high-school sweetheart and future wife, Lynne Vincent, at age fourteen.",He was born in New York City to parents of two U.S. soldiers.,"He was born in New York City to parents of two daughters, and was educated at the University of Pennsylvania.",False
1218,"Dole was twice decorated for heroic achievement, receiving two Purple Hearts for his injuries, and the Bronze Star Medal for his attempt to assist a downed radio man.","He was awarded the Presidential Medal of Freedom in recognition of his services to the United States in the United Nations, and was the first United States Secretary of Defense.","In 1876, he founded the American Enterprise Institute, which later became the Rockefeller Foundation.",False
1219,He was one of the founder members of the Lunar Society.,He was elected to the United States House of Representatives in the House of Commons in the 1950s.,"He graduated from the University of California, Berkeley in 1876, and was a member of the University.",False
1220,Exceptionally well acted by Diane Lane and Richard Gere.,"A work of a film, but it's a little too much.",He was awarded the Academy Award for Best Supporting Actress in the role of the actress in The Lion King.,False
1221,"The couple have four children: daughters Katherine and Christina, and sons Patrick and Christopher.","He was born in New York City to parents of two daughters, and was educated at the University of Pennsylvania.","He was born in St. Germain, Missouri, and is the son of actress and singer.",False
1222,Adams received one electoral vote in the presidential election of 1820.,"He was born in St. Louis, Missouri.","It's a work of art, but it's not that bad.",False
1223,President Clinton awarded him the Presidential Medal of Freedom in early 1997 for his service in the military and his political career.,He was awarded the Presidential Medal of Freedom in the Presidential Chemistry in Chemistry in 1950) for his work in the Royal Astronomical Society.,"A work of a film, but it's a little too much.",False
1224,"This picture is murder by numbers, and as easy to be bored by as your ABC's, despite a few whopping shootouts.","The movie's a bit too far into the subject matter, but it's a compelling one.",He is a member of the United States House of Representatives from New York City.,False
1225,"Dole has worked part-time for a Washington, DC, law firm, and engaged in a career of writing, consulting, public speaking, and television appearances.","He was born in St. Germain, New York, and is a former United States Secretary of State, and a member of the House of Representatives.",He was elected to the United States House of Representatives in the House of Commons in the 1950s.,False
1226,Benjamin Everett Jordan (8 September 1896 - 15 March 1974) was a Democratic U.S. senator from the state of North Carolina between 1958 and 1973.,He is a member of the United States House of Representatives from New York City.,"In 1876, he was born in New York City to the Rev. Martin Luther King, Jr.",False
1227,His ancestor Johann Valentin Pressler emigrated to North America in 1710.,"In 1970, he was elected to the United States House of Representatives.","He was born in St. Louis, Missouri.",False
1228,"Fans of the TV series will be disappointed, and everyone else will be slightly bored.",The movie is a work of a movie that's a bit too far into the making.,"After a few years of working in the oil industry, he moved to New York City, where he started to teach law.",False
1229,"Edric Frederick Gifford, 3rd Baron Gifford, VC (5 July 1849 - 5 June 1911) was an English recipient of the Victoria Cross, the highest and most prestigious award for gallantry in the face of the enemy that can be awarded to British and Commonwealth forces.","He was elected to the United States House of Representatives (January 23, 1917) as a Democrat and was the first of the House of Commons from the House Minority Whip.",He was awarded the Presidential Medal of Freedom in the Presidential Chemistry in Chemistry in 1950) for his work in the Royal Astronomical Society.,False
1230,"This picture is murder by numbers, and as easy to be bored by as your ABC's, despite a few whopping shootouts.","The film's a work of a movie that's a little too far into the story, but it's a compelling one.",The movie is a work of a movie that's a bit too far into the making.,False
1231,"She later moved yet further from her Boston-based persecutors, to what is now The Bronx in northern New York City.","He was born in St. Germain, Missouri, and is the son of actress and singer.","It's a work of art, but it's not as good.",False
1232,He was one of the founder members of the Lunar Society.,He graduated from Dartmouth College in 1876.,He married to actress Laura Blythe in 1948.,False
1233,Bad and baffling from the get-go.,"It's a work of art, but it's not that bad.","In 1970, he was elected to the United States House of Representatives.",False
1234,She was the fifth of nine children.,He graduated from Dartmouth College in 1953.,"He was awarded the Presidential Medal of Freedom in recognition of his services to the United States in the United Nations, and was the first United States Secretary of Defense.",False
1235,"A lousy movie that's not merely unwatchable, but also unlistenable.","It's a work of art, but it's not.","He graduated from the University of California, San Diego in 1953 and earned a Bachelor of Arts from Dartmouth College in 1953.",False
1236,His gift of $5 million dollars helped found the Great Smoky Mountains National Park.,"In 1876, he founded the American Enterprise Institute, which later became the Rockefeller Foundation.","The movie's a bit too far into the subject matter, but it's a compelling one.",False
1237,"On April 8, 1995 he married actress Patricia Arquette.",He married to actress Laura Blythe in 1948.,"The film's a work of a movie that's a little too far into the story, but it's a compelling one.",False
1238,"The family was Jewish (non-observant); Albert attended a Catholic elementary school and, at the insistence of his mother, was given violin lessons.","He graduated from the University of California, San Diego in 1953 and earned a Bachelor of Arts from Dartmouth College in 1953.",He graduated from Dartmouth College in 1953.,False
1239,"Robert Henry Dee (born May 18, 1933 in Quincy, Massachusetts) is a former three-sport letterman at Holy Cross College who was one of the first players signed by the Boston Patriots in 1960.","He graduated from the University of California, San Francisco in 1876, and was a member of the United States Army until 1877, and of the Army until 1969 until 1973.","The movie's a work of art, but it's a little too much.",False
1240,He was one of the founder members of the Lunar Society.,"He graduated from the University of California, Berkeley in 1876, and was a member of the University.","The movie's a work of art, but it's not as good as it's made.",False
1241,The second coming of Harry Potter is a film far superior to its predecessor.,"The movie's a work of art, but it's not as good as it's made.","He was elected to the United States House of Representatives (January 23, 1917) as a Democrat and was the first of the House of Commons from the House Minority Whip.",False
1242,"A lousy movie that's not merely unwatchable, but also unlistenable.","It's a work of art, but it's not as good.","A work of art, but it's a work of a movie that's a bit too long.",False
1243,"Even as I valiantly struggled to remain interested, or at least conscious, I could feel my eyelids... getting... very... heavy...","A work of art, but it's a work of a movie that's a bit too long.","He was born in St. Germain, New York, and is a former United States Secretary of State, and a member of the House of Representatives.",False
1244,"A first-class, thoroughly involving B movie that effectively combines two surefire, beloved genres -- the prison flick and the fight film.",The movie is a work of a movie that's a little too far into the present tense.,The movie is a work of a movie that's a little too far into the present tense.,True
1245,"She later moved yet further from her Boston-based persecutors, to what is now The Bronx in northern New York City.",He was awarded the Academy Award for Best Supporting Actress in the role of the actress in The Lion King.,He graduated from Dartmouth College in 1876.,False
1246,The film is so bad it doesn't improve upon the experience of staring at a blank screen.,"The movie's a work of art, but it's a little too much.",He was born in New York City to parents of two U.S. soldiers.,False
1247,"In between his sea voyages, Kerouac stayed in New York with friends from Fordham.","After a few years of working in the oil industry, he moved to New York City, where he started to teach law.","It's a work of art, but it's not.",False
1248,He had an elder brother named Emmet Olson.,He was educated at the University of Pennsylvania and earned a Bachelor of Arts in economics.,He was a member of the United States Senate from 1993 until 1995 until 1995.,False
1249,"John William Coltrane (September 23, 1926 - July 17, 1967) was an American jazz saxophonist and composer.","John Fitzgerald Kennedy (born February 18, 18, in St. Petersburg, Florida) was a United States politician.",He graduated from the University of Pennsylvania in 1953 and then joined the University.,False
1250,"He was born near at Elston Hall near Nottingham, and educated at Chesterfield School then later at St. John's College, Cambridge.","In 1894, he was born in Manners, New York, and was a member of the New York City) and was the first of the Beat Generation.",He was educated at the University of Pennsylvania and earned a Bachelor of Arts in economics.,False
1251,He also starred in the mini series The Stand.,"He married his wife, Barbara, in 1894.","John Fitzgerald Kennedy (May 23, 18, 1876 - January 5, 1923) was an American politician who was the first United States Secretary of Defense from 1876 to 18, and of the Senate from the Senate of",False
1252,"Eventually, the band settled on Chad Channing, with whom the band recorded the album Bleach, released on Sub Pop Records in 1989.","He was a member of the staff of the University of California, San Francisco, and the University's School of Management.","He was born in St. Germain, New York, and was a member of the House of Representatives from 1848 until his death in 1879.",False
1253,"Bill ""Billy"" Boucher (b. November 10, 1899 in Ottawa, Ontario, Canada, died November 10, 1958) was a Canadian professional ice hockey rightwinger who played in the National Hockey League for the Montreal Canadiens, Boston Bruins and New York Americans.","John Fitzgerald Kennedy (May 23, 18, 1876 - January 5, 1923) was an American politician who was the first United States Secretary of Defense from 1876 to 18, and of the Senate from the Senate of","He was born in Mays, New York, in 1887, and was educated at the University of Pennsylvania, where he received his Ph.D. in economics from Trinity College.",False
1254,He was one of the founder members of the Lunar Society.,He graduated from Dartmouth College in 1887.,He was a member of the United States House of Representatives from 1887 until January of 1892.,False
1255,"The family was Jewish (non-observant); Albert attended a Catholic elementary school and, at the insistence of his mother, was given violin lessons.","In the film, the actress is also a member of the cast of The Lion King, and is also the mother of the series.",He was educated at the University of Pennsylvania and graduated from Yale Divinity School.,False
1256,He was then hired by the legal department of CBS subsidiary Columbia Records.,He was a member of the United States Senate from 1993 until 1995 until 1995.,"The movie is a bit too far into the movie, but it's a good one.",False
1257,He was then hired by the legal department of CBS subsidiary Columbia Records.,He was educated at the University of Pennsylvania and graduated from Yale Divinity School.,"He married his wife, Barbara, in 1894.",False
1258,He was then hired by the legal department of CBS subsidiary Columbia Records.,He graduated from Dartmouth College in 1887 and was ordained in 1892.,He was elected to the House of Representatives in 1887 and served until January of 1891.,False
1259,"Viewed as a comedy, a romance, a fairy tale, or a drama, there's nothing remotely triumphant about this motion picture.",The movie is a work of a movie that never quite gets made.,He graduated from Dartmouth College in 1887.,False
1260,"Marvin graduated from Woodberry Forest School in 1975, and spent most summers and holidays at the sprawling family estate, the Bush Compound.","He was born in New York City, and moved to the city of Long Island, New York, where he attended the University of Pennsylvania.",He graduated from Dartmouth College in 1887 and was ordained in 1892.,False
1261,"Eventually, the band settled on Chad Channing, with whom the band recorded the album Bleach, released on Sub Pop Records in 1989.","In 1894, he joined the University of California, Los Angeles, where he earned a Bachelor of Arts from the University.",The movie is a work of a movie that never quite gets made.,False
1262,He was first appointed to fill the Senate seat of Ernest Lundeen who had died in office.,He was elected to the House of Representatives in 1887 and served until January of 1891.,"In 1894, he joined the University of California, Los Angeles, where he earned a Bachelor of Arts from the University.",False
1263,"During this time he worked on developing a federal system of roads, canals, bridges, lighthouses, and universities until Jackson, who defeated Adams in the latter's quest for re-election, was sworn in to replace him.",He was elected to the House of Representatives as a Democrat and served until the Senate in the House from 1877 until the United States entered the Senate.,"In 1894, he was born in Manners, New York, and was a member of the New York City) and was the first of the Beat Generation.",False
1264,This led to his being hired by Westinghouse company to service their steam engines.,"In the film, the Oscar-winning performance by the Academy Award for Best Supporting Actress, was also nominated for the Academy.",He graduated from the University of Pennsylvania in 1876 and then joined the University in 1892.,False
1265,"His employment by the General Electric company further enhanced his political image; he travelled widely as a GE spokesman, and was noted for his anti-Communist speeches.",He graduated from the University of Pennsylvania in 1876 and then joined the University in 1892.,"He was born in New York City, and moved to the city of Long Island, New York, where he attended the University of Pennsylvania.",False
1266,"Adams was born in Braintree, Massachusetts in a part of town which eventually became the separate town of Quincy.","John Fitzgerald Kennedy was the first United States Secretary of Defense from 1887 until January 18, 1892) was a Republican politician from New York.","In 1876, he founded the family of the founder of the Standard Oil Company, and later became Standard Oil.",False
1267,"Fans of the TV series will be disappointed, and everyone else will be slightly bored.","The movie is a bit too far into the movie, but it's a good one.","The movie is a little too long, but it's a good one, with a lot of depth to it.",False
1268,"A first-class, thoroughly involving B movie that effectively combines two surefire, beloved genres -- the prison flick and the fight film.",The movie's a bit too far beyond the original's original's a lot more than its original.,"John Fitzgerald Kennedy (born February 18, 18, in St. Petersburg, Florida) was a United States politician.",False
1269,On 28 February 1934 he and Anthony Fokker each received an excessive half a million dollars for selling fifty military planes to the Soviet government.,"He was born in St. Germain, New York, and was a member of the House of Representatives from 1848 until his death in 1879.","John Fitzgerald Kennedy was the first United States Secretary of Defense from 1887 until January 18, 1892) was a Republican politician from New York.",False
1270,"Abram Joffe, a Soviet physicist who knew Einstein, in an obituary of Einstein, wrote, ""The author of [the papers of 1905] was ... a bureaucrat at the Patent Office in Bern, Einstein-Maria"" and this has recently been taken as evidence of a collaborative relationship.","He was born in St. Germain, France, in 1876.","In the film, the Oscar-winning performance by the Academy Award for Best Supporting Actress, was also nominated for the Academy.",False
1271,The sort of movie that gives tastelessness a bad rap.,"It's a work of art, but it's also a work.","He was born in St. Germain, France, in 1876.",False
1272,Distinctly sub-par... more likely to drown a viewer in boredom than to send any shivers down his spine.,"The film's best, if it's not a masterpiece, is a work of art.",The movie's a bit too far beyond the original's original's a lot more than its original.,False
1273,"He graduated from Princeton University in 1952, and attended Harvard University in 1954-55.",He graduated from the University of Pennsylvania in 1953 and then joined the University.,"The film's best, if it's not a masterpiece, is a work of art.",False
1274,"Abram Joffe, a Soviet physicist who knew Einstein, in an obituary of Einstein, wrote, ""The author of [the papers of 1905] was ... a bureaucrat at the Patent Office in Bern, Einstein-Maria"" and this has recently been taken as evidence of a collaborative relationship.","He was born in Mays, New York, in 1887, and was educated at the University of Pennsylvania, where he received his Ph.D. in economics from Trinity College.","It's a work of art, but it's also a work.",False
1275,"After this initial success, Ford left Edison Illuminating and, with other investors, formed the Detroit Automobile Company.","In 1876, he founded the family of the founder of the Standard Oil Company, and later became Standard Oil.","John Fitzgerald Kennedy (May 23, 18, 1887 - January 23, 1970) was an American politician, and was the Democratic Party, and the Democratic Governor of the United States from 1973 to 1977.",False
1276,He was first appointed to fill the Senate seat of Ernest Lundeen who had died in office.,He was a member of the United States House of Representatives from 1887 until January of 1892.,"He was born in St. Germain, Missouri, and was educated at the University of Missouri.",False
1277,"Hodgkin and Huxley shared the prize that year with John Carew Eccles, who was cited for research on synapses.","He was born in St. Germain, Missouri, and was educated at the University of Missouri.",He was elected to the House of Representatives as a Democrat and served until the Senate in the House from 1877 until the United States entered the Senate.,False
1278,"The movie's plot is almost entirely witless and inane, carrying every gag two or three times beyond its limit to sustain a laugh.","The movie is a little too long, but it's a good one, with a lot of depth to it.","He was a member of the staff of the University of California, San Francisco, and the University's School of Management.",False
1279,"John Drew Barrymore, also known as John Barrymore, Jr., (June 4, 1929 - November 29, 2004) was an actor, one of The Barrymores, a family of actors that included his father, John Barrymore, and his father's siblings, his uncle Lionel and his aunt Ethel.","John Fitzgerald Kennedy (May 23, 18, 1887 - January 23, 1970) was an American politician, and was the Democratic Party, and the Democratic Governor of the United States from 1973 to 1977.","In the film, the actress is also a member of the cast of The Lion King, and is also the mother of the series.",False
1280,"Lawford became an American citizen in 1960, in time to vote for his brother-in-law John F. Kennedy.","John Fitzgerald Kennedy (May 30, 18, 1876 - January 3, 2000) was an American film actor, comedian, and author.","It's a work of stunning, touching.",False
1281,"``My god, I'm behaving like an idiot!''","He is a strong supporter of the family film The Silence of the Lake, and is a popular American comedy.",He graduated from Dartmouth College in 1953 and earned a Bachelor of Arts from Dartmouth in 1953.,False
1282,"Alain Choquart's camera barely stops moving, portraying both the turmoil of the time and giving Conduct a perpetual sense of urgency, which, for a film that takes nearly three hours to unspool, is both funny and irritating.","The film's best, if it's not a masterpiece of the director's work, is a portrait of the man who has been made to his own work.""","The movie is a little too far into the movie, but it's a good one.",False
1283,"Despite his father's opposition to him having a foreign-born wife, Adams wed Louisa Johnson in 1797.","In 1876, he was educated at the University of Pennsylvania.","John Fitzgerald Kennedy (May 23, 1876 - November 12, 1983) was a United States Secretary of Defense.",False
1284,"Rosemary, Betty, and brother, Nick, as well as her nephew, George Clooney (Nick's son), all became entertainers.","In 1894, he was born in New York City to the late Henry Ford Co. and his wife, Mary Kay.",He served as the United States Secretary of the House of Representatives from 1974 until his resignation in the Senate in the House.,False
1285,"Rather than retire, Adams would go on to win election as a Democratic-Republican to the House of Representatives beginning with the 22nd Congress, serving from March 4, 1831, until his death.","John Fitzgerald Kennedy (born May 18, 18, in St. Germain, Ohio) was a Republican politician who served as the House of Representatives from 1974 to 1978.",He was educated at the University of Pennsylvania from 1876 until 1891.,False
1286,Bad and baffling from the get-go.,"It's a work of art, but it's a bit too much.","The movie is a bit too long for the fans, but it's a good one.",False
1287,The quirky drama touches the heart and the funnybone thanks to the energetic and always surprising performance by Rachel Griffiths.,"The movie is a little too far into the movie, but it's a good one.","The film is a co-star of the television series The Search for a Wife, which also stars in The Silence of the Lambs and The Lion King.",False
1288,"Bill ""Billy"" Boucher (b. November 10, 1899 in Ottawa, Ontario, Canada, died November 10, 1958) was a Canadian professional ice hockey rightwinger who played in the National Hockey League for the Montreal Canadiens, Boston Bruins and New York Americans.","John Fitzgerald Kennedy (born February 18, 18, in St. Petersburg, Florida) was an American film and television actor.",He was awarded the Presidential Medal of Freedom in the United States in the Presidential Chemistry in Physics.,False
1289,He was one of the founder members of the Lunar Society.,"In 1876, he founded the Universal Declaration of Freedom.",He graduated from the University of Notre Dame in 1953 and then enrolled at the University in 1953.,False
1290,"John William Coltrane (September 23, 1926 - July 17, 1967) was an American jazz saxophonist and composer.","John Fitzgerald Kennedy (May 23, 1876 - November 12, 1983) was a United States Secretary of Defense.","The film's a good example of the power of a movie that's both gripping and affecting, and it's also a good one that has a lot of potential.",False
1291,"Arnold Alois Schwarzenegger (born July 30, 1947 in Thal, Styria, Austria) is an Austrian-American actor, Republican politician, and bodybuilder, currently serving as the 38th Governor of California.",He served as the United States Secretary of the House of Representatives from 1974 until his resignation in the Senate in the House.,"A work of a film that's a little too far into the story, but it's a compelling one.",False
1292,He was then hired by the legal department of CBS subsidiary Columbia Records.,He was educated at the University of Pennsylvania from 1876 until 1891.,"The movie is a bit too long, but it's a good one, with a lot more than its title implies.",False
1293,President Clinton awarded him the Presidential Medal of Freedom in early 1997 for his service in the military and his political career.,He was awarded the Presidential Medal of Freedom in Physics in 1990 for his work in the Department of Physics.,"John Fitzgerald Kennedy (born February 18, 18, in St. Petersburg, Florida) was an American film and television actor.",False
1294,"John Drew Barrymore, also known as John Barrymore, Jr., (June 4, 1929 - November 29, 2004) was an actor, one of The Barrymores, a family of actors that included his father, John Barrymore, and his father's siblings, his uncle Lionel and his aunt Ethel.","John Fitzgerald Kennedy (born April 18, 18, in Boston) is an American film and television actor, most known for his role in the 1960s, and for his part in the Democratic Party.",He attended the University of Notre Dame in New York in 1953.,False
1295,"He graduated from Princeton University in 1952, and attended Harvard University in 1954-55.",He graduated from Dartmouth College in 1953 and earned a Bachelor of Arts from Dartmouth in 1953.,"John Fitzgerald Kennedy (May 30, 18, 1876 - January 3, 2000) was an American film actor, comedian, and author.",False
1296,"Abram Joffe, a Soviet physicist who knew Einstein, in an obituary of Einstein, wrote, ""The author of [the papers of 1905] was ... a bureaucrat at the Patent Office in Bern, Einstein-Maria"" and this has recently been taken as evidence of a collaborative relationship.","The film is a co-star of the television series The Search for a Wife, which also stars in The Silence of the Lambs and The Lion King.",He graduated from Dartmouth College in 1953 and then joined the University of Pennsylvania.,False
1297,In 1902 Geiger began to study physics and mathematics in Erlangen and later attained a doctorate in 1906.,He graduated from the University of Notre Dame in 1953 and then enrolled at the University in 1953.,"In 1876, he was educated at the University of Pennsylvania.",False
1298,The film is so bad it doesn't improve upon the experience of staring at a blank screen.,"The movie is a bit too long for the fans, but it's a good one.","It's a work of art, but it's a bit too much.",False
1299,In comparison to his earlier films it seems a disappointingly thin slice of lower-class London life; despite the title... amounts to surprisingly little.,"The movie is a bit too long, but it's a good one, with a lot more than its title implies.","The film's best, if it's not a masterpiece of the director's work, is a portrait of the man who has been made to his own work.""",False
1300,"Frank Durward White (June 4, 1933 - May 21, 2003) was the Republican governor of the U.S. state of Arkansas from 1981 to 1983.",He is a member of the Democratic Party and is a former United States Secretary of the House of Representatives.,"In 1876, he was commissioned by the United States Marine Corps as a second lieutenant in the Marine Corps.",False
1301,"Lift, the mother of Danny DeVito's character in her Academy Award nominated performance in Throw Momma from the Train.",He was awarded the Presidential Medal of Freedom in the United States in the Presidential Chemistry in Physics.,He was elected to the United States House of Representatives in 1876.,False
1302,"The family was Jewish (non-observant); Albert attended a Catholic elementary school and, at the insistence of his mother, was given violin lessons.",He attended the University of Notre Dame in New York in 1953.,"John Fitzgerald Kennedy (born April 18, 18, in Boston) is an American film and television actor, most known for his role in the 1960s, and for his part in the Democratic Party.",False
1303,"She later moved yet further from her Boston-based persecutors, to what is now The Bronx in northern New York City.","In 1876, he was commissioned by the United States Marine Corps as a second lieutenant in the Marine Corps.","He was born in New York City in 1839 and was educated at the University of Pennsylvania, where he was a student of philosophy.",False
1304,Anemic chronicle of money grubbing New Yorkers and their serial loveless hook ups.,The movie is a work of a movie that's a bit too far into the present.,"John Fitzgerald Kennedy (born May 18, 18, in St. Germain, Ohio) was a Republican politician who served as the House of Representatives from 1974 to 1978.",False
1305,"Robert Henry Dee (born May 18, 1933 in Quincy, Massachusetts) is a former three-sport letterman at Holy Cross College who was one of the first players signed by the Boston Patriots in 1960.","He was born in New York City in 1839 and was educated at the University of Pennsylvania, where he was a student of philosophy.","In 1894, he was born in New York City to the late Henry Ford Co. and his wife, Mary Kay.",False
1306,Exceptionally well acted by Diane Lane and Richard Gere.,"It's a work of stunning, touching.",He was awarded the Presidential Medal of Freedom in Physics in 1990 for his work in the Department of Physics.,False
1307,What a great shame that such a talented director as Chen Kaige has chosen to make his English-language debut with a film so poorly plotted and scripted.,"The film's a good example of the power of a movie that's both gripping and affecting, and it's also a good one that has a lot of potential.","In 1876, he founded the Universal Declaration of Freedom.",False
1308,His gift of $5 million dollars helped found the Great Smoky Mountains National Park.,"In 1879, he became a member of the United States Army until 1891.","In 1879, he became a member of the United States Army until 1891.",True
1309,"This picture is murder by numbers, and as easy to be bored by as your ABC's, despite a few whopping shootouts.","A work of a film that's a little too far into the story, but it's a compelling one.",The movie is a work of a movie that's a bit too far into the present.,False
1310,He was then hired by the legal department of CBS subsidiary Columbia Records.,He graduated from Dartmouth College in 1953 and then joined the University of Pennsylvania.,He is a member of the Democratic Party and is a former United States Secretary of the House of Representatives.,False
1311,"In between his sea voyages, Kerouac stayed in New York with friends from Fordham.",He was elected to the United States House of Representatives in 1876.,"He is a strong supporter of the family film The Silence of the Lake, and is a popular American comedy.",False
1312,"In 1983, Miguel was given a small part as a waiter in the movie The Man Who Wasn't There.",He is the son of the founder of the New York City Opera.,"He was born in St. Germain, Missouri, and was raised in Stonyhurst, New York.",False
1313,"Hodgkin and Huxley shared the prize that year with John Carew Eccles, who was cited for research on synapses.","He was born in St. Germain, Missouri, and was raised in Stonyhurst, New York.","The movie is a work of a movie that's a bit too far, but it's a movie's a work.",False
1314,The film serves as a valuable time capsule to remind us of the devastating horror suffered by an entire people.,"A stunning, stunning, and beautifully realized, the movie is a masterpiece of stunning, beautifully realized emotion.",He is the son of the founder of the New York City Opera.,False
1315,"Bray is completely at sea; with nothing but a Savage Garden music video on his resume, he has no clue about making a movie.","The movie is a work of a movie that's a bit too far, but it's a movie's a work.","A stunning, stunning, and beautifully realized, the movie is a masterpiece of stunning, beautifully realized emotion.",False
